LocationId,Project,Country,State,City,Neighbourhood,WeekStartDate,WeekNumber,Day,FaireeId,remaining_avail,Slots_less_than_1hr,Slots_1hr_to_2hr,Slots_more_than_2hr,bookable_hours,utilisation_index,non,effective_bookable_hours,effective_remaining_hours,effective_Slots_less_than_1hr,effective_Slots_1hr_to_2hr,effective_Slots_more_than_2hr
121,Flamingo Point Center Tower,US,FL,Miami Beach,Miami Beach Polygon,2026-07-05,4,THURSDAY,118,1.5,2,0,0,8.0000000000000000,0.42857142857142857143,1,3.43,0.64,0.86,0.00,0.00
117,The Landon,US,NY,New York,Hell's Kitchen Polygon,2026-07-26,3,THURSDAY,60,3.0,1,0,1,8.0000000000000000,0.77777777777777777778,1,6.22,2.33,0.78,0.00,0.78
17,River Place,US,NY,New York,Hell's Kitchen Polygon,2026-07-19,2,FRIDAY,60,0,0,0,0,8.0000000000000000,0.06250000000000000000,1,0.50,0.00,0.00,0.00,0.00
121,Flamingo Point Center Tower,US,FL,Miami Beach,Miami Beach Polygon,2026-07-05,4,MONDAY,137,2.5,4,0,0,8.0000000000000000,0.60000000000000000000,1,4.80,1.50,2.40,0.00,0.00
195,Flow Brickell,US,FL,Miami,Flow Brickell Polygon,2026-07-19,2,THURSDAY,92,3.0,1,1,0,8.0000000000000000,1.00000000000000000000,1,8.00,3.00,1.00,1.00,0.00
8,One Ten,US,NJ,Jersey City,Hoboken Polygon,2026-07-05,4,FRIDAY,65,1.5,3,0,0,8.0000000000000000,0.09090909090909090909,1,0.73,0.14,0.27,0.00,0.00
92,The Buchanan,US,NY,New York,Floating NY 1,2026-07-19,2,MONDAY,36,4.5,1,2,0,8.0000000000000000,0E-20,1,0.00,0.00,0.00,0.00,0.00
6,100 House,US,NJ,Jersey City,Hoboken Polygon,2026-07-26,3,THURSDAY,65,2.0,1,1,0,8.0000000000000000,0.83333333333333333333,1,6.67,1.67,0.83,0.83,0.00
15,Silver Towers,US,NY,New York,Hell's Kitchen Polygon,2026-07-19,2,FRIDAY,63,1.5,2,0,0,8.0000000000000000,0.28571428571428571429,1,2.29,0.43,0.57,0.00,0.00
17,River Place,US,NY,New York,Hell's Kitchen Polygon,2026-07-26,3,FRIDAY,73,1.0,2,0,0,8.0000000000000000,0.38461538461538461538,1,3.08,0.38,0.77,0.00,0.00
104,Midtown 5,US,FL,Miami,,2026-07-05,4,MONDAY,138,0,0,0,0,8.0000000000000000,0.87500000000000000000,0,8.0000000000000000,0,0,0,0
153,Watermarc at Biscayne Bay,US,FL,Miami,Edgewater Polygon,2026-07-26,3,FRIDAY,134,1.0,1,0,0,8.0000000000000000,0.30769230769230769231,1,2.46,0.31,0.31,0.00,0.00
114,20 Broad Street,US,NY,New York,Financial District Polygon,2026-07-26,3,THURSDAY,45,3.5,0,2,0,8.0000000000000000,1.00000000000000000000,1,8.00,3.50,0.00,2.00,0.00
56,The Dime,US,NY,Brooklyn,Williamsburg Polygon,2026-07-12,1,MONDAY,90,2.5,2,1,0,8.0000000000000000,0.77777777777777777778,1,6.22,1.94,1.56,0.78,0.00
17,River Place,US,NY,New York,Hell's Kitchen Polygon,2026-07-19,2,WEDNESDAY,60,0.5,1,0,0,8.0000000000000000,0.07692307692307692308,1,0.62,0.04,0.08,0.00,0.00
9,The Enclave,US,NJ,Jersey City,Hoboken Polygon,2026-07-19,2,TUESDAY,65,5.5,0,0,2,8.0000000000000000,0.80000000000000000000,1,6.40,4.40,0.00,0.00,1.60
121,Flamingo Point Center Tower,US,FL,Miami Beach,Miami Beach Polygon,2026-07-26,3,MONDAY,110,4.0,1,0,1,8.0000000000000000,0.12500000000000000000,1,1.00,0.50,0.13,0.00,0.13
42,The Ivy,US,NJ,Chatham,Chatham / West Orange Polygon,2026-07-05,4,FRIDAY,64,0.5,1,0,0,8.0000000000000000,1.00000000000000000000,1,8.00,0.50,1.00,0.00,0.00
123,Flamingo South Beach,US,FL,Miami Beach,Miami Beach Polygon,2026-07-19,2,WEDNESDAY,137,4.0,1,0,1,8.0000000000000000,1.00000000000000000000,1,8.00,4.00,1.00,0.00,1.00
123,Flamingo South Beach,US,FL,Miami Beach,Miami Beach Polygon,2026-07-12,1,WEDNESDAY,110,2.5,0,0,1,8.0000000000000000,0.11111111111111111111,1,0.89,0.28,0.00,0.00,0.11
122,Flamingo Point North Tower,US,FL,Miami Beach,Miami Beach Polygon,2026-07-05,4,WEDNESDAY,118,1.0,2,0,0,8.0000000000000000,0.84615384615384615385,1,6.77,0.85,1.69,0.00,0.00
140,Southgate Towers,US,FL,Miami Beach,Miami Beach Polygon,2026-07-12,1,THURSDAY,110,1.0,2,0,0,8.0000000000000000,0.41666666666666666667,1,3.33,0.42,0.83,0.00,0.00
111,Brooklyn Crossing,US,NY,Brooklyn,Boerum Hill Polygon,2026-07-05,4,THURSDAY,100,5.0,0,0,1,8.0000000000000000,1.00000000000000000000,1,8.00,5.00,0.00,0.00,1.00
77,Oliver on the Hudson,US,NJ,Jersey City,Floating Jersey,2026-07-05,4,THURSDAY,139,0.5,1,0,0,8.0000000000000000,0.40000000000000000000,1,3.20,0.20,0.40,0.00,0.00
92,The Buchanan,US,NY,New York,Floating NY 1,2026-07-12,1,WEDNESDAY,36,3.5,3,1,0,8.0000000000000000,0.66666666666666666667,1,5.33,2.33,2.00,0.67,0.00
15,Silver Towers,US,NY,New York,Hell's Kitchen Polygon,2026-07-05,4,THURSDAY,97,1.0,2,0,0,8.0000000000000000,0.50000000000000000000,1,4.00,0.50,1.00,0.00,0.00
91,Alta,US,NY,Queens,Floating NY 1,2026-07-26,3,WEDNESDAY,36,3.5,2,0,1,8.0000000000000000,0.12500000000000000000,1,1.00,0.44,0.25,0.00,0.13
17,River Place,US,NY,New York,Hell's Kitchen Polygon,2026-07-26,3,WEDNESDAY,60,4.0,1,0,1,8.0000000000000000,0.85714285714285714286,1,6.86,3.43,0.86,0.00,0.86
121,Flamingo Point Center Tower,US,FL,Miami Beach,Miami Beach Polygon,2026-07-19,2,MONDAY,118,1.0,2,0,0,8.0000000000000000,0.35714285714285714286,1,2.86,0.36,0.71,0.00,0.00
92,The Buchanan,US,NY,New York,Floating NY 1,2026-07-26,3,MONDAY,36,6.0,1,0,1,8.0000000000000000,0E-20,1,0.00,0.00,0.00,0.00,0.00
139,Bay Parc Apartments,US,FL,Miami,Edgewater Polygon,2026-07-26,3,THURSDAY,134,3.0,1,0,1,8.0000000000000000,0.50000000000000000000,1,4.00,1.50,0.50,0.00,0.50
73,The Boulevard,US,FL,Miami,,2026-07-12,1,TUESDAY,144,4.0,1,0,1,8.0000000000000000,1.00000000000000000000,0,8.0000000000000000,4.0,1,0,1
44,330W-56th,US,NY,New York,Hell's Kitchen Polygon,2026-07-26,3,WEDNESDAY,73,0,0,0,0,8.0000000000000000,0.25000000000000000000,1,2.00,0.00,0.00,0.00,0.00
123,Flamingo South Beach,US,FL,Miami Beach,Miami Beach Polygon,2026-07-19,2,FRIDAY,110,0.5,1,0,0,8.0000000000000000,0.53846153846153846154,1,4.31,0.27,0.54,0.00,0.00
114,20 Broad Street,US,NY,New York,Financial District Polygon,2026-07-12,1,FRIDAY,45,4.0,3,1,0,8.0000000000000000,0.25000000000000000000,1,2.00,1.00,0.75,0.25,0.00
121,Flamingo Point Center Tower,US,FL,Miami Beach,Miami Beach Polygon,2026-07-12,1,MONDAY,110,2.5,2,1,0,8.0000000000000000,0.50000000000000000000,1,4.00,1.25,1.00,0.50,0.00
17,River Place,US,NY,New York,Hell's Kitchen Polygon,2026-07-05,4,THURSDAY,97,1.0,2,0,0,8.0000000000000000,0.16666666666666666667,1,1.33,0.17,0.33,0.00,0.00
123,Flamingo South Beach,US,FL,Miami Beach,Miami Beach Polygon,2026-07-05,4,THURSDAY,137,2.5,1,1,0,8.0000000000000000,0.55555555555555555556,1,4.44,1.39,0.56,0.56,0.00
139,Bay Parc Apartments,US,FL,Miami,Edgewater Polygon,2026-07-26,3,FRIDAY,134,1.0,1,0,0,8.0000000000000000,0.38461538461538461538,1,3.08,0.38,0.38,0.00,0.00
123,Flamingo South Beach,US,FL,Miami Beach,Miami Beach Polygon,2026-07-19,2,THURSDAY,137,0,0,0,0,8.0000000000000000,0.06666666666666666667,1,0.53,0.00,0.00,0.00,0.00
104,Midtown 5,US,FL,Miami,,2026-07-12,1,MONDAY,138,2.5,0,0,1,8.0000000000000000,1.00000000000000000000,1,8.00,2.50,0.00,0.00,1.00
75,The Devan,US,NJ,Jersey City,Hoboken Polygon,2026-07-12,1,TUESDAY,139,1.5,2,0,0,8.0000000000000000,0.53846153846153846154,1,4.31,0.81,1.08,0.00,0.00
123,Flamingo South Beach,US,FL,Miami Beach,Miami Beach Polygon,2026-07-05,4,FRIDAY,110,1.0,2,0,0,8.0000000000000000,0.50000000000000000000,1,4.00,0.50,1.00,0.00,0.00
15,Silver Towers,US,NY,New York,Hell's Kitchen Polygon,2026-07-05,4,MONDAY,73,1.5,2,0,0,8.0000000000000000,0.16666666666666666667,1,1.33,0.25,0.33,0.00,0.00
77,Oliver on the Hudson,US,NJ,Jersey City,Floating Jersey,2026-07-19,2,TUESDAY,139,1.0,1,0,0,8.0000000000000000,0.58333333333333333333,1,4.67,0.58,0.58,0.00,0.00
68,655 Union,US,NY,Brooklyn,Boerum Hill Polygon,2026-07-05,4,THURSDAY,96,2.5,0,0,1,8.0000000000000000,0.36363636363636363636,1,2.91,0.91,0.00,0.00,0.36
52,330 Angelo Cifelli,US,NJ,Harrison,Harrison Polygon,2026-07-12,1,MONDAY,15,1.5,2,0,0,8.0000000000000000,0.50000000000000000000,1,4.00,0.75,1.00,0.00,0.00
114,20 Broad Street,US,NY,New York,Financial District Polygon,2026-07-19,2,MONDAY,45,5.5,0,0,1,8.0000000000000000,1.00000000000000000000,1,8.00,5.50,0.00,0.00,1.00
115,Grove Central Residences,US,FL,Miami,Flow Brickell Polygon,2026-07-26,3,WEDNESDAY,92,5.5,0,0,1,8.0000000000000000,1.00000000000000000000,1,8.00,5.50,0.00,0.00,1.00
17,River Place,US,NY,New York,Hell's Kitchen Polygon,2026-07-19,2,MONDAY,63,1.0,1,0,0,8.0000000000000000,0.76923076923076923077,1,6.15,0.77,0.77,0.00,0.00
121,Flamingo Point Center Tower,US,FL,Miami Beach,Miami Beach Polygon,2026-07-12,1,TUESDAY,137,3.5,1,0,1,8.0000000000000000,1.00000000000000000000,1,8.00,3.50,1.00,0.00,1.00
114,20 Broad Street,US,NY,New York,Financial District Polygon,2026-07-12,1,MONDAY,45,6.0,0,1,1,8.0000000000000000,1.00000000000000000000,1,8.00,6.00,0.00,1.00,1.00
41,John Street 116,US,NY,New York,Financial District Polygon,2026-07-12,1,TUESDAY,45,3.5,2,1,0,8.0000000000000000,0.57142857142857142857,1,4.57,2.00,1.14,0.57,0.00
140,Southgate Towers,US,FL,Miami Beach,Miami Beach Polygon,2026-07-12,1,TUESDAY,110,2.0,1,1,0,8.0000000000000000,0.11111111111111111111,1,0.89,0.22,0.11,0.11,0.00
205,1 River Place,US,NY,New York,Hell's Kitchen Polygon,2026-07-05,4,THURSDAY,63,2.5,2,1,0,8.0000000000000000,0.14285714285714285714,1,1.14,0.36,0.29,0.14,0.00
51,300 Somerset,US,NJ,Harrison,Harrison Polygon,2026-07-12,1,FRIDAY,15,2.5,4,0,0,8.0000000000000000,0.50000000000000000000,1,4.00,1.25,2.00,0.00,0.00
122,Flamingo Point North Tower,US,FL,Miami Beach,Miami Beach Polygon,2026-07-19,2,THURSDAY,118,4.5,1,0,1,8.0000000000000000,1.00000000000000000000,1,8.00,4.50,1.00,0.00,1.00
8,One Ten,US,NJ,Jersey City,Hoboken Polygon,2026-07-19,2,TUESDAY,65,5.5,0,0,2,8.0000000000000000,0.20000000000000000000,1,1.60,1.10,0.00,0.00,0.40
17,River Place,US,NY,New York,Hell's Kitchen Polygon,2026-07-05,4,FRIDAY,60,1.5,2,0,0,8.0000000000000000,0.07692307692307692308,1,0.62,0.12,0.15,0.00,0.00
142,One Harrison,US,NJ,Harrison,Harrison Polygon,2026-07-19,2,TUESDAY,15,4.5,0,1,1,8.0000000000000000,0.71428571428571428571,1,5.71,3.21,0.00,0.71,0.71
15,Silver Towers,US,NY,New York,Hell's Kitchen Polygon,2026-07-19,2,MONDAY,97,3.5,3,1,0,8.0000000000000000,0.71428571428571428571,1,5.71,2.50,2.14,0.71,0.00
15,Silver Towers,US,NY,New York,Hell's Kitchen Polygon,2026-07-19,2,THURSDAY,63,2.5,3,0,0,8.0000000000000000,0.11111111111111111111,1,0.89,0.28,0.33,0.00,0.00
121,Flamingo Point Center Tower,US,FL,Miami Beach,Miami Beach Polygon,2026-07-12,1,TUESDAY,110,2.0,1,1,0,8.0000000000000000,0.88888888888888888889,1,7.11,1.78,0.89,0.89,0.00
8,One Ten,US,NJ,Jersey City,Hoboken Polygon,2026-07-26,3,TUESDAY,65,1.0,1,0,0,8.0000000000000000,0.05882352941176470588,1,0.47,0.06,0.06,0.00,0.00
121,Flamingo Point Center Tower,US,FL,Miami Beach,Miami Beach Polygon,2026-07-19,2,WEDNESDAY,118,0,0,0,0,8.0000000000000000,0E-20,1,0.00,0.00,0.00,0.00,0.00
122,Flamingo Point North Tower,US,FL,Miami Beach,Miami Beach Polygon,2026-07-12,1,THURSDAY,137,2.5,1,1,0,8.0000000000000000,0.80000000000000000000,1,6.40,2.00,0.80,0.80,0.00
17,River Place,US,NY,New York,Hell's Kitchen Polygon,2026-07-12,1,TUESDAY,63,1.0,1,0,0,8.0000000000000000,0.41666666666666666667,1,3.33,0.42,0.42,0.00,0.00
96,420 Kent Avenue,US,NY,Brooklyn,Williamsburg Polygon,2026-07-05,4,WEDNESDAY,90,2.5,2,1,0,8.0000000000000000,1.00000000000000000000,1,8.00,2.50,2.00,1.00,0.00
111,Brooklyn Crossing,US,NY,Brooklyn,Boerum Hill Polygon,2026-07-05,4,WEDNESDAY,100,3.0,0,0,1,8.0000000000000000,1.00000000000000000000,1,8.00,3.00,0.00,0.00,1.00
73,The Boulevard,US,FL,Miami,,2026-07-05,4,FRIDAY,143,2.5,2,1,0,8.0000000000000000,1.00000000000000000000,0,8.0000000000000000,2.5,2,1,0
134,Livana East Hanover,US,NJ,East Hanover,Chatham / West Orange Polygon,2026-07-26,3,FRIDAY,64,6.5,0,0,1,8.0000000000000000,1.00000000000000000000,1,8.00,6.50,0.00,0.00,1.00
123,Flamingo South Beach,US,FL,Miami Beach,Miami Beach Polygon,2026-07-05,4,WEDNESDAY,110,0.5,1,0,0,8.0000000000000000,0.84615384615384615385,1,6.77,0.42,0.85,0.00,0.00
115,Grove Central Residences,US,FL,Miami,Flow Brickell Polygon,2026-07-19,2,TUESDAY,92,5.5,0,0,1,8.0000000000000000,1.00000000000000000000,1,8.00,5.50,0.00,0.00,1.00
142,One Harrison,US,NJ,Harrison,Harrison Polygon,2026-07-26,3,MONDAY,15,2.0,0,1,0,8.0000000000000000,0.45454545454545454545,1,3.64,0.91,0.00,0.45,0.00
44,330W-56th,US,NY,New York,Hell's Kitchen Polygon,2026-07-05,4,FRIDAY,97,0.5,1,0,0,8.0000000000000000,0.30769230769230769231,1,2.46,0.15,0.31,0.00,0.00
53,The Eddy,US,NJ,Harrison,Harrison Polygon,2026-07-05,4,TUESDAY,15,4.0,1,2,0,8.0000000000000000,0.33333333333333333333,1,2.67,1.33,0.33,0.67,0.00
8,One Ten,US,NJ,Jersey City,Hoboken Polygon,2026-07-12,1,TUESDAY,65,2.5,0,0,1,8.0000000000000000,0.55555555555555555556,1,4.44,1.39,0.00,0.00,0.56
91,Alta,US,NY,Queens,Floating NY 1,2026-07-12,1,WEDNESDAY,36,3.5,3,1,0,8.0000000000000000,0.33333333333333333333,1,2.67,1.17,1.00,0.33,0.00
8,One Ten,US,NJ,Jersey City,Hoboken Polygon,2026-07-19,2,MONDAY,65,1.0,2,0,0,8.0000000000000000,0.07692307692307692308,1,0.62,0.08,0.15,0.00,0.00
52,330 Angelo Cifelli,US,NJ,Harrison,Harrison Polygon,2026-07-19,2,FRIDAY,15,2.0,4,0,0,8.0000000000000000,0.54545454545454545455,1,4.36,1.09,2.18,0.00,0.00
98,345 Baldwin Avenue,US,NJ,Jersey City,Floating Jersey,2026-07-05,4,FRIDAY,139,3.0,1,1,0,8.0000000000000000,0.57142857142857142857,1,4.57,1.71,0.57,0.57,0.00
42,The Ivy,US,NJ,Chatham,Chatham / West Orange Polygon,2026-07-05,4,WEDNESDAY,64,1.0,2,0,0,8.0000000000000000,0.61538461538461538462,1,4.92,0.62,1.23,0.00,0.00
75,The Devan,US,NJ,Jersey City,Hoboken Polygon,2026-07-12,1,FRIDAY,65,0.5,1,0,0,8.0000000000000000,0.38461538461538461538,1,3.08,0.19,0.38,0.00,0.00
53,The Eddy,US,NJ,Harrison,Harrison Polygon,2026-07-19,2,FRIDAY,15,2.0,4,0,0,8.0000000000000000,0.45454545454545454545,1,3.64,0.91,1.82,0.00,0.00
63,Agnes,US,NJ,Jersey City,Floating Jersey,2026-07-05,4,MONDAY,139,0,0,0,0,8.0000000000000000,0.15384615384615384615,1,1.23,0.00,0.00,0.00,0.00
205,1 River Place,US,NY,New York,Hell's Kitchen Polygon,2026-07-26,3,FRIDAY,73,1.0,2,0,0,8.0000000000000000,0E-20,1,0.00,0.00,0.00,0.00,0.00
120,66 Rockwell Place,US,NY,Brooklyn,Brooklyn Heights Polygon,2026-07-12,1,THURSDAY,77,6.0,0,0,1,8.0000000000000000,1.00000000000000000000,1,8.00,6.00,0.00,0.00,1.00
15,Silver Towers,US,NY,New York,Hell's Kitchen Polygon,2026-07-05,4,WEDNESDAY,97,0,0,0,0,8.0000000000000000,0.35714285714285714286,1,2.86,0.00,0.00,0.00,0.00
15,Silver Towers,US,NY,New York,Hell's Kitchen Polygon,2026-07-26,3,FRIDAY,97,2.0,1,1,0,8.0000000000000000,0.63636363636363636364,1,5.09,1.27,0.64,0.64,0.00
42,The Ivy,US,NJ,Chatham,Chatham / West Orange Polygon,2026-07-05,4,MONDAY,64,4.5,0,1,1,8.0000000000000000,0.66666666666666666667,1,5.33,3.00,0.00,0.67,0.67
128,250 E Houston,US,NY,New York,Floating NY 2,2026-07-12,1,MONDAY,39,5.5,0,0,1,8.0000000000000000,1.00000000000000000000,1,8.00,5.50,0.00,0.00,1.00
123,Flamingo South Beach,US,FL,Miami Beach,Miami Beach Polygon,2026-07-12,1,FRIDAY,137,2.0,3,0,0,8.0000000000000000,0.66666666666666666667,1,5.33,1.33,2.00,0.00,0.00
205,1 River Place,US,NY,New York,Hell's Kitchen Polygon,2026-07-12,1,THURSDAY,97,1.5,2,0,0,8.0000000000000000,0.09090909090909090909,1,0.73,0.14,0.18,0.00,0.00
93,Union Channel ,US,NY,Brooklyn,Boerum Hill Polygon,2026-07-12,1,WEDNESDAY,96,2.5,1,1,0,8.0000000000000000,0.54545454545454545455,1,4.36,1.36,0.55,0.55,0.00
133,2000 Biscayne,US,FL,Miami,Edgewater Polygon,2026-07-26,3,THURSDAY,138,2.0,3,0,0,8.0000000000000000,0.50000000000000000000,1,4.00,1.00,1.50,0.00,0.00
122,Flamingo Point North Tower,US,FL,Miami Beach,Miami Beach Polygon,2026-07-05,4,MONDAY,118,3.5,3,1,0,8.0000000000000000,0E-20,1,0.00,0.00,0.00,0.00,0.00
139,Bay Parc Apartments,US,FL,Miami,Edgewater Polygon,2026-07-12,1,TUESDAY,134,2.5,0,0,1,8.0000000000000000,1.00000000000000000000,1,8.00,2.50,0.00,0.00,1.00
123,Flamingo South Beach,US,FL,Miami Beach,Miami Beach Polygon,2026-07-05,4,MONDAY,118,3.5,3,1,0,8.0000000000000000,0E-20,1,0.00,0.00,0.00,0.00,0.00
140,Southgate Towers,US,FL,Miami Beach,Miami Beach Polygon,2026-07-12,1,FRIDAY,118,1.0,2,0,0,8.0000000000000000,0.23076923076923076923,1,1.85,0.23,0.46,0.00,0.00
114,20 Broad Street,US,NY,New York,Financial District Polygon,2026-07-26,3,MONDAY,45,1.5,2,0,0,8.0000000000000000,1.00000000000000000000,1,8.00,1.50,2.00,0.00,0.00
47,1 Boerum PL,US,NY,Brooklyn,Floating NY 2,2026-07-26,3,THURSDAY,39,6.5,0,0,1,8.0000000000000000,1.00000000000000000000,1,8.00,6.50,0.00,0.00,1.00
75,The Devan,US,NJ,Jersey City,Hoboken Polygon,2026-07-26,3,WEDNESDAY,139,1.5,2,0,0,8.0000000000000000,0.66666666666666666667,1,5.33,1.00,1.33,0.00,0.00
134,Livana East Hanover,US,NJ,East Hanover,Chatham / West Orange Polygon,2026-07-26,3,MONDAY,64,6.5,1,0,1,8.0000000000000000,1.00000000000000000000,1,8.00,6.50,1.00,0.00,1.00
140,Southgate Towers,US,FL,Miami Beach,Miami Beach Polygon,2026-07-19,2,MONDAY,118,1.0,2,0,0,8.0000000000000000,0.07142857142857142857,1,0.57,0.07,0.14,0.00,0.00
131,The Addison,US,NY,Brooklyn,Brooklyn Heights Polygon,2026-07-12,1,TUESDAY,77,7.5,0,0,2,8.0000000000000000,1.00000000000000000000,1,8.00,7.50,0.00,0.00,2.00
96,420 Kent Avenue,US,NY,Brooklyn,Williamsburg Polygon,2026-07-12,1,WEDNESDAY,90,1.5,2,0,0,8.0000000000000000,1.00000000000000000000,1,8.00,1.50,2.00,0.00,0.00
104,Midtown 5,US,FL,Miami,,2026-07-26,3,MONDAY,138,2.5,0,0,1,8.0000000000000000,1.00000000000000000000,1,8.00,2.50,0.00,0.00,1.00
123,Flamingo South Beach,US,FL,Miami Beach,Miami Beach Polygon,2026-07-19,2,FRIDAY,137,2.5,0,0,1,8.0000000000000000,0.66666666666666666667,1,5.33,1.67,0.00,0.00,0.67
15,Silver Towers,US,NY,New York,Hell's Kitchen Polygon,2026-07-05,4,WEDNESDAY,60,0.5,1,0,0,8.0000000000000000,0.93333333333333333333,1,7.47,0.47,0.93,0.00,0.00
56,The Dime,US,NY,Brooklyn,Williamsburg Polygon,2026-07-05,4,FRIDAY,90,1.0,2,0,0,8.0000000000000000,0.33333333333333333333,1,2.67,0.33,0.67,0.00,0.00
8,One Ten,US,NJ,Jersey City,Hoboken Polygon,2026-07-12,1,THURSDAY,65,1.5,0,1,0,8.0000000000000000,0E-20,1,0.00,0.00,0.00,0.00,0.00
133,2000 Biscayne,US,FL,Miami,Edgewater Polygon,2026-07-26,3,WEDNESDAY,134,1.5,0,1,0,8.0000000000000000,0.25000000000000000000,1,2.00,0.38,0.00,0.25,0.00
139,Bay Parc Apartments,US,FL,Miami,Edgewater Polygon,2026-07-26,3,MONDAY,134,4.5,0,0,1,8.0000000000000000,0.83333333333333333333,1,6.67,3.75,0.00,0.00,0.83
123,Flamingo South Beach,US,FL,Miami Beach,Miami Beach Polygon,2026-07-26,3,THURSDAY,110,4.5,3,1,0,8.0000000000000000,0E-20,1,0.00,0.00,0.00,0.00,0.00
51,300 Somerset,US,NJ,Harrison,Harrison Polygon,2026-07-26,3,MONDAY,15,2.0,0,1,0,8.0000000000000000,0.36363636363636363636,1,2.91,0.73,0.00,0.36,0.00
91,Alta,US,NY,Queens,Floating NY 1,2026-07-12,1,TUESDAY,36,2.5,0,0,1,8.0000000000000000,1.00000000000000000000,1,8.00,2.50,0.00,0.00,1.00
6,100 House,US,NJ,Jersey City,Hoboken Polygon,2026-07-05,4,FRIDAY,65,1.5,3,0,0,8.0000000000000000,0.27272727272727272727,1,2.18,0.41,0.82,0.00,0.00
95,416 Kent Avenue,US,NY,Brooklyn,Williamsburg Polygon,2026-07-12,1,FRIDAY,90,3.0,1,1,0,8.0000000000000000,0.44444444444444444444,1,3.56,1.33,0.44,0.44,0.00
123,Flamingo South Beach,US,FL,Miami Beach,Miami Beach Polygon,2026-07-12,1,FRIDAY,110,0,0,0,0,8.0000000000000000,0.57142857142857142857,1,4.57,0.00,0.00,0.00,0.00
53,The Eddy,US,NJ,Harrison,Harrison Polygon,2026-07-19,2,TUESDAY,15,4.5,0,1,1,8.0000000000000000,0.28571428571428571429,1,2.29,1.29,0.00,0.29,0.29
92,The Buchanan,US,NY,New York,Floating NY 1,2026-07-12,1,MONDAY,36,4.0,2,0,1,8.0000000000000000,0.20000000000000000000,1,1.60,0.80,0.40,0.00,0.20
47,1 Boerum PL,US,NY,Brooklyn,Floating NY 2,2026-07-05,4,WEDNESDAY,39,3.5,1,0,1,8.0000000000000000,1.00000000000000000000,1,8.00,3.50,1.00,0.00,1.00
15,Silver Towers,US,NY,New York,Hell's Kitchen Polygon,2026-07-26,3,FRIDAY,60,0.5,1,0,0,8.0000000000000000,1.00000000000000000000,1,8.00,0.50,1.00,0.00,0.00
61,Stonehill,US,NJ,West Orange,Chatham / West Orange Polygon,2026-07-05,4,MONDAY,64,4.5,0,1,1,8.0000000000000000,0.33333333333333333333,1,2.67,1.50,0.00,0.33,0.33
104,Midtown 5,US,FL,Miami,,2026-07-26,3,TUESDAY,138,7.5,0,0,2,8.0000000000000000,1.00000000000000000000,1,8.00,7.50,0.00,0.00,2.00
114,20 Broad Street,US,NY,New York,Financial District Polygon,2026-07-26,3,FRIDAY,45,4.0,3,1,0,8.0000000000000000,0.25000000000000000000,1,2.00,1.00,0.75,0.25,0.00
121,Flamingo Point Center Tower,US,FL,Miami Beach,Miami Beach Polygon,2026-07-12,1,WEDNESDAY,137,0.5,1,0,0,8.0000000000000000,0.40000000000000000000,1,3.20,0.20,0.40,0.00,0.00
8,One Ten,US,NJ,Jersey City,Hoboken Polygon,2026-07-19,2,THURSDAY,65,0,0,0,0,8.0000000000000000,0.28571428571428571429,1,2.29,0.00,0.00,0.00,0.00
121,Flamingo Point Center Tower,US,FL,Miami Beach,Miami Beach Polygon,2026-07-12,1,TUESDAY,118,1.5,3,0,0,8.0000000000000000,0.41666666666666666667,1,3.33,0.63,1.25,0.00,0.00
17,River Place,US,NY,New York,Hell's Kitchen Polygon,2026-07-12,1,THURSDAY,63,1.0,1,0,0,8.0000000000000000,0.38461538461538461538,1,3.08,0.38,0.38,0.00,0.00
139,Bay Parc Apartments,US,FL,Miami,Edgewater Polygon,2026-07-19,2,TUESDAY,138,0.5,1,0,0,8.0000000000000000,0.33333333333333333333,1,2.67,0.17,0.33,0.00,0.00
15,Silver Towers,US,NY,New York,Hell's Kitchen Polygon,2026-07-12,1,MONDAY,60,1.0,2,0,0,8.0000000000000000,0.75000000000000000000,1,6.00,0.75,1.50,0.00,0.00
17,River Place,US,NY,New York,Hell's Kitchen Polygon,2026-07-05,4,THURSDAY,63,2.5,2,1,0,8.0000000000000000,0.85714285714285714286,1,6.86,2.14,1.71,0.86,0.00
8,One Ten,US,NJ,Jersey City,Hoboken Polygon,2026-07-26,3,MONDAY,65,1.0,2,0,0,8.0000000000000000,0.07142857142857142857,1,0.57,0.07,0.14,0.00,0.00
75,The Devan,US,NJ,Jersey City,Hoboken Polygon,2026-07-19,2,TUESDAY,139,1.0,1,0,0,8.0000000000000000,0.08333333333333333333,1,0.67,0.08,0.08,0.00,0.00
123,Flamingo South Beach,US,FL,Miami Beach,Miami Beach Polygon,2026-07-26,3,FRIDAY,110,1.5,0,1,0,8.0000000000000000,0.15384615384615384615,1,1.23,0.23,0.00,0.15,0.00
41,John Street 116,US,NY,New York,Financial District Polygon,2026-07-26,3,FRIDAY,45,4.0,3,1,0,8.0000000000000000,0.75000000000000000000,1,6.00,3.00,2.25,0.75,0.00
93,Union Channel ,US,NY,Brooklyn,Boerum Hill Polygon,2026-07-05,4,THURSDAY,96,2.5,0,0,1,8.0000000000000000,0.63636363636363636364,1,5.09,1.59,0.00,0.00,0.64
140,Southgate Towers,US,FL,Miami Beach,Miami Beach Polygon,2026-07-19,2,MONDAY,110,3.0,2,1,0,8.0000000000000000,0.20000000000000000000,1,1.60,0.60,0.40,0.20,0.00
123,Flamingo South Beach,US,FL,Miami Beach,Miami Beach Polygon,2026-07-19,2,THURSDAY,110,3.5,3,1,0,8.0000000000000000,0.14285714285714285714,1,1.14,0.50,0.43,0.14,0.00
122,Flamingo Point North Tower,US,FL,Miami Beach,Miami Beach Polygon,2026-07-19,2,MONDAY,118,1.0,2,0,0,8.0000000000000000,0.42857142857142857143,1,3.43,0.43,0.86,0.00,0.00
205,1 River Place,US,NY,New York,Hell's Kitchen Polygon,2026-07-12,1,WEDNESDAY,63,2.0,0,1,0,8.0000000000000000,0.11111111111111111111,1,0.89,0.22,0.00,0.11,0.00
75,The Devan,US,NJ,Jersey City,Hoboken Polygon,2026-07-19,2,FRIDAY,139,0.5,1,0,0,8.0000000000000000,0.35714285714285714286,1,2.86,0.18,0.36,0.00,0.00
17,River Place,US,NY,New York,Hell's Kitchen Polygon,2026-07-19,2,TUESDAY,63,3.0,1,1,0,8.0000000000000000,0.66666666666666666667,1,5.33,2.00,0.67,0.67,0.00
123,Flamingo South Beach,US,FL,Miami Beach,Miami Beach Polygon,2026-07-26,3,FRIDAY,118,1.5,2,0,0,8.0000000000000000,0.66666666666666666667,1,5.33,1.00,1.33,0.00,0.00
121,Flamingo Point Center Tower,US,FL,Miami Beach,Miami Beach Polygon,2026-07-05,4,MONDAY,110,0,0,0,0,8.0000000000000000,0.30769230769230769231,1,2.46,0.00,0.00,0.00,0.00
205,1 River Place,US,NY,New York,Hell's Kitchen Polygon,2026-07-12,1,FRIDAY,63,1.5,3,0,0,8.0000000000000000,0.08333333333333333333,1,0.67,0.12,0.25,0.00,0.00
77,Oliver on the Hudson,US,NJ,Jersey City,Floating Jersey,2026-07-05,4,MONDAY,139,0,0,0,0,8.0000000000000000,0E-20,1,0.00,0.00,0.00,0.00,0.00
15,Silver Towers,US,NY,New York,Hell's Kitchen Polygon,2026-07-19,2,THURSDAY,73,1.0,2,0,0,8.0000000000000000,0.58333333333333333333,1,4.67,0.58,1.17,0.00,0.00
73,The Boulevard,US,FL,Miami,,2026-07-19,2,WEDNESDAY,143,4.5,1,0,1,8.0000000000000000,1.00000000000000000000,0,8.0000000000000000,4.5,1,0,1
205,1 River Place,US,NY,New York,Hell's Kitchen Polygon,2026-07-19,2,WEDNESDAY,60,0.5,1,0,0,8.0000000000000000,0.46153846153846153846,1,3.69,0.23,0.46,0.00,0.00
77,Oliver on the Hudson,US,NJ,Jersey City,Floating Jersey,2026-07-26,3,THURSDAY,139,3.0,1,0,1,8.0000000000000000,1.00000000000000000000,1,8.00,3.00,1.00,0.00,1.00
8,One Ten,US,NJ,Jersey City,Hoboken Polygon,2026-07-05,4,TUESDAY,65,0,0,0,0,8.0000000000000000,0.07692307692307692308,1,0.62,0.00,0.00,0.00,0.00
195,Flow Brickell,US,FL,Miami,Flow Brickell Polygon,2026-07-12,1,MONDAY,92,1.5,2,0,0,8.0000000000000000,1.00000000000000000000,1,8.00,1.50,2.00,0.00,0.00
75,The Devan,US,NJ,Jersey City,Hoboken Polygon,2026-07-12,1,MONDAY,65,0.5,1,0,0,8.0000000000000000,0.66666666666666666667,1,5.33,0.33,0.67,0.00,0.00
42,The Ivy,US,NJ,Chatham,Chatham / West Orange Polygon,2026-07-12,1,TUESDAY,64,4.0,0,0,1,8.0000000000000000,1.00000000000000000000,1,8.00,4.00,0.00,0.00,1.00
15,Silver Towers,US,NY,New York,Hell's Kitchen Polygon,2026-07-12,1,WEDNESDAY,63,2.0,0,1,0,8.0000000000000000,0.77777777777777777778,1,6.22,1.56,0.00,0.78,0.00
75,The Devan,US,NJ,Jersey City,Hoboken Polygon,2026-07-19,2,MONDAY,65,1.0,2,0,0,8.0000000000000000,0.46153846153846153846,1,3.69,0.46,0.92,0.00,0.00
121,Flamingo Point Center Tower,US,FL,Miami Beach,Miami Beach Polygon,2026-07-19,2,THURSDAY,137,0,0,0,0,8.0000000000000000,0.06666666666666666667,1,0.53,0.00,0.00,0.00,0.00
134,Livana East Hanover,US,NJ,East Hanover,Chatham / West Orange Polygon,2026-07-12,1,FRIDAY,64,5.5,1,0,1,8.0000000000000000,1.00000000000000000000,1,8.00,5.50,1.00,0.00,1.00
139,Bay Parc Apartments,US,FL,Miami,Edgewater Polygon,2026-07-05,4,TUESDAY,134,0.5,1,0,0,8.0000000000000000,0.08333333333333333333,1,0.67,0.04,0.08,0.00,0.00
126,The Landing,US,NY,Brooklyn,Brooklyn Heights Polygon,2026-07-05,4,TUESDAY,77,5.0,1,0,1,8.0000000000000000,1.00000000000000000000,1,8.00,5.00,1.00,0.00,1.00
133,2000 Biscayne,US,FL,Miami,Edgewater Polygon,2026-07-19,2,MONDAY,134,0.5,1,0,0,8.0000000000000000,0.50000000000000000000,1,4.00,0.25,0.50,0.00,0.00
142,One Harrison,US,NJ,Harrison,Harrison Polygon,2026-07-19,2,THURSDAY,15,5.5,2,0,1,8.0000000000000000,1.00000000000000000000,1,8.00,5.50,2.00,0.00,1.00
15,Silver Towers,US,NY,New York,Hell's Kitchen Polygon,2026-07-05,4,FRIDAY,97,0.5,1,0,0,8.0000000000000000,0.30769230769230769231,1,2.46,0.15,0.31,0.00,0.00
73,The Boulevard,US,FL,Miami,,2026-07-19,2,FRIDAY,143,3.0,1,1,0,8.0000000000000000,1.00000000000000000000,0,8.0000000000000000,3.0,1,1,0
133,2000 Biscayne,US,FL,Miami,Edgewater Polygon,2026-07-26,3,FRIDAY,134,1.0,1,0,0,8.0000000000000000,0.30769230769230769231,1,2.46,0.31,0.31,0.00,0.00
123,Flamingo South Beach,US,FL,Miami Beach,Miami Beach Polygon,2026-07-12,1,WEDNESDAY,118,2.0,3,0,0,8.0000000000000000,0.55555555555555555556,1,4.44,1.11,1.67,0.00,0.00
91,Alta,US,NY,Queens,Floating NY 1,2026-07-05,4,TUESDAY,36,1.5,3,0,0,8.0000000000000000,0.84615384615384615385,1,6.77,1.27,2.54,0.00,0.00
123,Flamingo South Beach,US,FL,Miami Beach,Miami Beach Polygon,2026-07-19,2,TUESDAY,137,3.0,0,2,0,8.0000000000000000,0.12500000000000000000,1,1.00,0.38,0.00,0.25,0.00
15,Silver Towers,US,NY,New York,Hell's Kitchen Polygon,2026-07-05,4,FRIDAY,73,0.5,1,0,0,8.0000000000000000,0.80000000000000000000,1,6.40,0.40,0.80,0.00,0.00
133,2000 Biscayne,US,FL,Miami,Edgewater Polygon,2026-07-12,1,TUESDAY,138,6.0,0,2,1,8.0000000000000000,0.75000000000000000000,1,6.00,4.50,0.00,1.50,0.75
17,River Place,US,NY,New York,Hell's Kitchen Polygon,2026-07-05,4,WEDNESDAY,63,1.5,3,0,0,8.0000000000000000,0.58333333333333333333,1,4.67,0.87,1.75,0.00,0.00
122,Flamingo Point North Tower,US,FL,Miami Beach,Miami Beach Polygon,2026-07-05,4,TUESDAY,118,0.5,1,0,0,8.0000000000000000,0.92307692307692307692,1,7.38,0.46,0.92,0.00,0.00
123,Flamingo South Beach,US,FL,Miami Beach,Miami Beach Polygon,2026-07-19,2,FRIDAY,118,1.0,1,0,0,8.0000000000000000,1.00000000000000000000,1,8.00,1.00,1.00,0.00,0.00
111,Brooklyn Crossing,US,NY,Brooklyn,Boerum Hill Polygon,2026-07-19,2,MONDAY,96,7.0,1,0,1,8.0000000000000000,1.00000000000000000000,1,8.00,7.00,1.00,0.00,1.00
75,The Devan,US,NJ,Jersey City,Hoboken Polygon,2026-07-26,3,MONDAY,65,1.0,2,0,0,8.0000000000000000,0.92857142857142857143,1,7.43,0.93,1.86,0.00,0.00
63,Agnes,US,NJ,Jersey City,Floating Jersey,2026-07-12,1,MONDAY,139,1.0,1,0,0,8.0000000000000000,0.77777777777777777778,1,6.22,0.78,0.78,0.00,0.00
205,1 River Place,US,NY,New York,Hell's Kitchen Polygon,2026-07-12,1,THURSDAY,63,1.0,1,0,0,8.0000000000000000,0.38461538461538461538,1,3.08,0.38,0.38,0.00,0.00
122,Flamingo Point North Tower,US,FL,Miami Beach,Miami Beach Polygon,2026-07-05,4,WEDNESDAY,110,0.5,1,0,0,8.0000000000000000,0.15384615384615384615,1,1.23,0.08,0.15,0.00,0.00
75,The Devan,US,NJ,Jersey City,Hoboken Polygon,2026-07-26,3,FRIDAY,139,5.0,0,0,1,8.0000000000000000,0.16666666666666666667,1,1.33,0.83,0.00,0.00,0.17
75,The Devan,US,NJ,Jersey City,Hoboken Polygon,2026-07-12,1,MONDAY,139,1.0,1,0,0,8.0000000000000000,0E-20,1,0.00,0.00,0.00,0.00,0.00
95,416 Kent Avenue,US,NY,Brooklyn,Williamsburg Polygon,2026-07-12,1,THURSDAY,90,5.0,0,1,1,8.0000000000000000,0.66666666666666666667,1,5.33,3.33,0.00,0.67,0.67
75,The Devan,US,NJ,Jersey City,Hoboken Polygon,2026-07-12,1,FRIDAY,139,2.0,1,1,0,8.0000000000000000,0.66666666666666666667,1,5.33,1.33,0.67,0.67,0.00
6,100 House,US,NJ,Jersey City,Hoboken Polygon,2026-07-12,1,TUESDAY,65,2.5,0,0,1,8.0000000000000000,0.44444444444444444444,1,3.56,1.11,0.00,0.00,0.44
120,66 Rockwell Place,US,NY,Brooklyn,Brooklyn Heights Polygon,2026-07-05,4,WEDNESDAY,77,1.5,2,0,0,8.0000000000000000,0.54545454545454545455,1,4.36,0.82,1.09,0.00,0.00
54,Nine 52,US,NY,New York,Hell's Kitchen Polygon,2026-07-05,4,TUESDAY,73,0,0,0,0,8.0000000000000000,0.71428571428571428571,1,5.71,0.00,0.00,0.00,0.00
111,Brooklyn Crossing,US,NY,Brooklyn,Boerum Hill Polygon,2026-07-19,2,FRIDAY,96,6.5,0,1,1,8.0000000000000000,1.00000000000000000000,1,8.00,6.50,0.00,1.00,1.00
104,Midtown 5,US,FL,Miami,,2026-07-05,4,THURSDAY,138,0.5,1,0,0,8.0000000000000000,0.26666666666666666667,1,2.13,0.13,0.27,0.00,0.00
205,1 River Place,US,NY,New York,Hell's Kitchen Polygon,2026-07-19,2,TUESDAY,63,3.0,1,1,0,8.0000000000000000,0.11111111111111111111,1,0.89,0.33,0.11,0.11,0.00
6,100 House,US,NJ,Jersey City,Hoboken Polygon,2026-07-12,1,MONDAY,65,0.5,1,0,0,8.0000000000000000,0.26666666666666666667,1,2.13,0.13,0.27,0.00,0.00
140,Southgate Towers,US,FL,Miami Beach,Miami Beach Polygon,2026-07-26,3,WEDNESDAY,110,2.0,1,1,0,8.0000000000000000,0.36363636363636363636,1,2.91,0.73,0.36,0.36,0.00
133,2000 Biscayne,US,FL,Miami,Edgewater Polygon,2026-07-19,2,THURSDAY,138,3.5,2,0,1,8.0000000000000000,1.00000000000000000000,1,8.00,3.50,2.00,0.00,1.00
53,The Eddy,US,NJ,Harrison,Harrison Polygon,2026-07-05,4,MONDAY,15,3.0,1,1,0,8.0000000000000000,0.85714285714285714286,1,6.86,2.57,0.86,0.86,0.00
118,The Bergen,US,NY,Brooklyn,Boerum Hill Polygon,2026-07-05,4,TUESDAY,100,2.5,1,1,0,8.0000000000000000,0.44444444444444444444,1,3.56,1.11,0.44,0.44,0.00
114,20 Broad Street,US,NY,New York,Financial District Polygon,2026-07-05,4,FRIDAY,45,2.5,0,0,1,8.0000000000000000,1.00000000000000000000,1,8.00,2.50,0.00,0.00,1.00
133,2000 Biscayne,US,FL,Miami,Edgewater Polygon,2026-07-05,4,MONDAY,134,0,0,0,0,8.0000000000000000,0.46153846153846153846,1,3.69,0.00,0.00,0.00,0.00
195,Flow Brickell,US,FL,Miami,Flow Brickell Polygon,2026-07-12,1,THURSDAY,92,2.0,3,0,0,8.0000000000000000,0.40000000000000000000,1,3.20,0.80,1.20,0.00,0.00
133,2000 Biscayne,US,FL,Miami,Edgewater Polygon,2026-07-12,1,THURSDAY,134,2.5,0,0,1,8.0000000000000000,0.44444444444444444444,1,3.56,1.11,0.00,0.00,0.44
15,Silver Towers,US,NY,New York,Hell's Kitchen Polygon,2026-07-05,4,FRIDAY,63,0,0,0,0,8.0000000000000000,0.14285714285714285714,1,1.14,0.00,0.00,0.00,0.00
9,The Enclave,US,NJ,Jersey City,Hoboken Polygon,2026-07-19,2,FRIDAY,139,0.5,1,0,0,8.0000000000000000,0.35714285714285714286,1,2.86,0.18,0.36,0.00,0.00
76,Woodside Central,US,NY,Queens,Floating NY 1,2026-07-26,3,FRIDAY,36,3.0,2,1,0,8.0000000000000000,0.60000000000000000000,1,4.80,1.80,1.20,0.60,0.00
122,Flamingo Point North Tower,US,FL,Miami Beach,Miami Beach Polygon,2026-07-19,2,WEDNESDAY,118,0,0,0,0,8.0000000000000000,1.00000000000000000000,1,8.00,0.00,0.00,0.00,0.00
17,River Place,US,NY,New York,Hell's Kitchen Polygon,2026-07-26,3,THURSDAY,73,1.5,2,0,0,8.0000000000000000,0.30769230769230769231,1,2.46,0.46,0.62,0.00,0.00
8,One Ten,US,NJ,Jersey City,Hoboken Polygon,2026-07-19,2,WEDNESDAY,65,0.5,1,0,0,8.0000000000000000,0.07692307692307692308,1,0.62,0.04,0.08,0.00,0.00
77,Oliver on the Hudson,US,NJ,Jersey City,Floating Jersey,2026-07-26,3,WEDNESDAY,139,1.5,2,0,0,8.0000000000000000,0.33333333333333333333,1,2.67,0.50,0.67,0.00,0.00
52,330 Angelo Cifelli,US,NJ,Harrison,Harrison Polygon,2026-07-12,1,FRIDAY,15,2.5,4,0,0,8.0000000000000000,0.25000000000000000000,1,2.00,0.63,1.00,0.00,0.00
139,Bay Parc Apartments,US,FL,Miami,Edgewater Polygon,2026-07-12,1,MONDAY,134,1.0,1,0,0,8.0000000000000000,0.36363636363636363636,1,2.91,0.36,0.36,0.00,0.00
122,Flamingo Point North Tower,US,FL,Miami Beach,Miami Beach Polygon,2026-07-19,2,MONDAY,137,1.0,2,0,0,8.0000000000000000,0.46153846153846153846,1,3.69,0.46,0.92,0.00,0.00
119,535 W 43rd Street,US,NY,New York,Hell's Kitchen Polygon,2026-07-05,4,THURSDAY,97,1.0,2,0,0,8.0000000000000000,0.33333333333333333333,1,2.67,0.33,0.67,0.00,0.00
75,The Devan,US,NJ,Jersey City,Hoboken Polygon,2026-07-19,2,THURSDAY,65,0,0,0,0,8.0000000000000000,0.57142857142857142857,1,4.57,0.00,0.00,0.00,0.00
133,2000 Biscayne,US,FL,Miami,Edgewater Polygon,2026-07-12,1,WEDNESDAY,134,4.0,0,1,1,8.0000000000000000,1.00000000000000000000,1,8.00,4.00,0.00,1.00,1.00
111,Brooklyn Crossing,US,NY,Brooklyn,Boerum Hill Polygon,2026-07-19,2,WEDNESDAY,100,2.5,0,0,1,8.0000000000000000,1.00000000000000000000,1,8.00,2.50,0.00,0.00,1.00
92,The Buchanan,US,NY,New York,Floating NY 1,2026-07-19,2,THURSDAY,36,3.5,1,0,1,8.0000000000000000,1.00000000000000000000,1,8.00,3.50,1.00,0.00,1.00
77,Oliver on the Hudson,US,NJ,Jersey City,Floating Jersey,2026-07-19,2,WEDNESDAY,139,4.0,3,1,0,8.0000000000000000,0.75000000000000000000,1,6.00,3.00,2.25,0.75,0.00
121,Flamingo Point Center Tower,US,FL,Miami Beach,Miami Beach Polygon,2026-07-12,1,THURSDAY,110,1.0,2,0,0,8.0000000000000000,0.41666666666666666667,1,3.33,0.42,0.83,0.00,0.00
142,One Harrison,US,NJ,Harrison,Harrison Polygon,2026-07-05,4,WEDNESDAY,15,2.0,1,1,0,8.0000000000000000,0.50000000000000000000,1,4.00,1.00,0.50,0.50,0.00
122,Flamingo Point North Tower,US,FL,Miami Beach,Miami Beach Polygon,2026-07-19,2,FRIDAY,137,2.5,0,0,1,8.0000000000000000,0.33333333333333333333,1,2.67,0.83,0.00,0.00,0.33
95,416 Kent Avenue,US,NY,Brooklyn,Williamsburg Polygon,2026-07-05,4,FRIDAY,90,1.0,2,0,0,8.0000000000000000,0.66666666666666666667,1,5.33,0.67,1.33,0.00,0.00
75,The Devan,US,NJ,Jersey City,Hoboken Polygon,2026-07-26,3,THURSDAY,65,2.0,1,1,0,8.0000000000000000,0.08333333333333333333,1,0.67,0.17,0.08,0.08,0.00
115,Grove Central Residences,US,FL,Miami,Flow Brickell Polygon,2026-07-12,1,WEDNESDAY,92,2.0,2,0,0,8.0000000000000000,0.63636363636363636364,1,5.09,1.27,1.27,0.00,0.00
44,330W-56th,US,NY,New York,Hell's Kitchen Polygon,2026-07-05,4,TUESDAY,73,0,0,0,0,8.0000000000000000,0.28571428571428571429,1,2.29,0.00,0.00,0.00,0.00
139,Bay Parc Apartments,US,FL,Miami,Edgewater Polygon,2026-07-05,4,MONDAY,134,0,0,0,0,8.0000000000000000,0.38461538461538461538,1,3.08,0.00,0.00,0.00,0.00
76,Woodside Central,US,NY,Queens,Floating NY 1,2026-07-19,2,FRIDAY,36,3.0,3,1,0,8.0000000000000000,0.44444444444444444444,1,3.56,1.33,1.33,0.44,0.00
54,Nine 52,US,NY,New York,Hell's Kitchen Polygon,2026-07-05,4,MONDAY,73,1.5,2,0,0,8.0000000000000000,0.41666666666666666667,1,3.33,0.63,0.83,0.00,0.00
111,Brooklyn Crossing,US,NY,Brooklyn,Boerum Hill Polygon,2026-07-19,2,THURSDAY,100,5.0,0,1,1,8.0000000000000000,1.00000000000000000000,1,8.00,5.00,0.00,1.00,1.00
140,Southgate Towers,US,FL,Miami Beach,Miami Beach Polygon,2026-07-12,1,WEDNESDAY,110,2.5,0,0,1,8.0000000000000000,0.22222222222222222222,1,1.78,0.56,0.00,0.00,0.22
15,Silver Towers,US,NY,New York,Hell's Kitchen Polygon,2026-07-19,2,TUESDAY,73,0.5,1,0,0,8.0000000000000000,0.08333333333333333333,1,0.67,0.04,0.08,0.00,0.00
122,Flamingo Point North Tower,US,FL,Miami Beach,Miami Beach Polygon,2026-07-26,3,WEDNESDAY,137,4.5,0,1,1,8.0000000000000000,0.85714285714285714286,1,6.86,3.86,0.00,0.86,0.86
128,250 E Houston,US,NY,New York,Floating NY 2,2026-07-26,3,MONDAY,39,4.5,0,1,1,8.0000000000000000,0.57142857142857142857,1,4.57,2.57,0.00,0.57,0.57
15,Silver Towers,US,NY,New York,Hell's Kitchen Polygon,2026-07-19,2,MONDAY,63,1.0,1,0,0,8.0000000000000000,0.15384615384615384615,1,1.23,0.15,0.15,0.00,0.00
68,655 Union,US,NY,Brooklyn,Boerum Hill Polygon,2026-07-12,1,WEDNESDAY,96,2.5,1,1,0,8.0000000000000000,0.45454545454545454545,1,3.64,1.14,0.45,0.45,0.00
51,300 Somerset,US,NJ,Harrison,Harrison Polygon,2026-07-05,4,WEDNESDAY,15,2.0,1,1,0,8.0000000000000000,0.50000000000000000000,1,4.00,1.00,0.50,0.50,0.00
17,River Place,US,NY,New York,Hell's Kitchen Polygon,2026-07-19,2,FRIDAY,63,1.5,2,0,0,8.0000000000000000,0.57142857142857142857,1,4.57,0.86,1.14,0.00,0.00
92,The Buchanan,US,NY,New York,Floating NY 1,2026-07-05,4,THURSDAY,36,1.0,2,0,0,8.0000000000000000,0.69230769230769230769,1,5.54,0.69,1.38,0.00,0.00
98,345 Baldwin Avenue,US,NJ,Jersey City,Floating Jersey,2026-07-05,4,MONDAY,139,0,0,0,0,8.0000000000000000,0.07692307692307692308,1,0.62,0.00,0.00,0.00,0.00
44,330W-56th,US,NY,New York,Hell's Kitchen Polygon,2026-07-05,4,MONDAY,73,1.5,2,0,0,8.0000000000000000,0.41666666666666666667,1,3.33,0.63,0.83,0.00,0.00
15,Silver Towers,US,NY,New York,Hell's Kitchen Polygon,2026-07-19,2,WEDNESDAY,97,0.5,1,0,0,8.0000000000000000,0.53846153846153846154,1,4.31,0.27,0.54,0.00,0.00
121,Flamingo Point Center Tower,US,FL,Miami Beach,Miami Beach Polygon,2026-07-26,3,MONDAY,118,3.0,0,0,1,8.0000000000000000,0.50000000000000000000,1,4.00,1.50,0.00,0.00,0.50
205,1 River Place,US,NY,New York,Hell's Kitchen Polygon,2026-07-05,4,TUESDAY,63,2.0,1,1,0,8.0000000000000000,0.09090909090909090909,1,0.73,0.18,0.09,0.09,0.00
122,Flamingo Point North Tower,US,FL,Miami Beach,Miami Beach Polygon,2026-07-05,4,FRIDAY,137,5.5,0,0,2,8.0000000000000000,1.00000000000000000000,1,8.00,5.50,0.00,0.00,2.00
92,The Buchanan,US,NY,New York,Floating NY 1,2026-07-05,4,WEDNESDAY,36,0,0,0,0,8.0000000000000000,0.25000000000000000000,1,2.00,0.00,0.00,0.00,0.00
15,Silver Towers,US,NY,New York,Hell's Kitchen Polygon,2026-07-05,4,THURSDAY,73,1.5,3,0,0,8.0000000000000000,0.50000000000000000000,1,4.00,0.75,1.50,0.00,0.00
75,The Devan,US,NJ,Jersey City,Hoboken Polygon,2026-07-05,4,MONDAY,139,0,0,0,0,8.0000000000000000,0.76923076923076923077,1,6.15,0.00,0.00,0.00,0.00
111,Brooklyn Crossing,US,NY,Brooklyn,Boerum Hill Polygon,2026-07-05,4,MONDAY,100,3.0,2,1,0,8.0000000000000000,1.00000000000000000000,1,8.00,3.00,2.00,1.00,0.00
76,Woodside Central,US,NY,Queens,Floating NY 1,2026-07-12,1,WEDNESDAY,77,2.0,0,1,0,8.0000000000000000,0.40000000000000000000,1,3.20,0.80,0.00,0.40,0.00
15,Silver Towers,US,NY,New York,Hell's Kitchen Polygon,2026-07-19,2,MONDAY,60,0,0,0,0,8.0000000000000000,0.93750000000000000000,1,7.50,0.00,0.00,0.00,0.00
51,300 Somerset,US,NJ,Harrison,Harrison Polygon,2026-07-12,1,MONDAY,15,1.5,2,0,0,8.0000000000000000,0.33333333333333333333,1,2.67,0.50,0.67,0.00,0.00
47,1 Boerum PL,US,NY,Brooklyn,Floating NY 2,2026-07-26,3,TUESDAY,39,7.0,0,1,1,8.0000000000000000,1.00000000000000000000,1,8.00,7.00,0.00,1.00,1.00
205,1 River Place,US,NY,New York,Hell's Kitchen Polygon,2026-07-05,4,WEDNESDAY,63,1.5,3,0,0,8.0000000000000000,0.16666666666666666667,1,1.33,0.25,0.50,0.00,0.00
17,River Place,US,NY,New York,Hell's Kitchen Polygon,2026-07-26,3,MONDAY,97,1.0,2,0,0,8.0000000000000000,0.42857142857142857143,1,3.43,0.43,0.86,0.00,0.00
15,Silver Towers,US,NY,New York,Hell's Kitchen Polygon,2026-07-19,2,MONDAY,73,4.5,1,1,1,8.0000000000000000,0.28571428571428571429,1,2.29,1.29,0.29,0.29,0.29
195,Flow Brickell,US,FL,Miami,Flow Brickell Polygon,2026-07-26,3,FRIDAY,92,5.0,1,0,1,8.0000000000000000,1.00000000000000000000,1,8.00,5.00,1.00,0.00,1.00
121,Flamingo Point Center Tower,US,FL,Miami Beach,Miami Beach Polygon,2026-07-05,4,WEDNESDAY,137,1.0,2,0,0,8.0000000000000000,0.41666666666666666667,1,3.33,0.42,0.83,0.00,0.00
123,Flamingo South Beach,US,FL,Miami Beach,Miami Beach Polygon,2026-07-19,2,TUESDAY,118,7.0,1,0,1,8.0000000000000000,1.00000000000000000000,1,8.00,7.00,1.00,0.00,1.00
123,Flamingo South Beach,US,FL,Miami Beach,Miami Beach Polygon,2026-07-26,3,MONDAY,118,3.0,0,0,1,8.0000000000000000,0.50000000000000000000,1,4.00,1.50,0.00,0.00,0.50
139,Bay Parc Apartments,US,FL,Miami,Edgewater Polygon,2026-07-26,3,FRIDAY,138,6.0,1,0,1,8.0000000000000000,1.00000000000000000000,1,8.00,6.00,1.00,0.00,1.00
111,Brooklyn Crossing,US,NY,Brooklyn,Boerum Hill Polygon,2026-07-05,4,FRIDAY,100,6.0,0,0,1,8.0000000000000000,1.00000000000000000000,1,8.00,6.00,0.00,0.00,1.00
133,2000 Biscayne,US,FL,Miami,Edgewater Polygon,2026-07-26,3,TUESDAY,134,3.5,0,0,1,8.0000000000000000,0.57142857142857142857,1,4.57,2.00,0.00,0.00,0.57
121,Flamingo Point Center Tower,US,FL,Miami Beach,Miami Beach Polygon,2026-07-19,2,THURSDAY,118,4.5,1,0,1,8.0000000000000000,0E-20,1,0.00,0.00,0.00,0.00,0.00
123,Flamingo South Beach,US,FL,Miami Beach,Miami Beach Polygon,2026-07-12,1,MONDAY,118,1.0,2,0,0,8.0000000000000000,0.38461538461538461538,1,3.08,0.38,0.77,0.00,0.00
75,The Devan,US,NJ,Jersey City,Hoboken Polygon,2026-07-19,2,WEDNESDAY,139,4.0,3,1,0,8.0000000000000000,0.25000000000000000000,1,2.00,1.00,0.75,0.25,0.00
119,535 W 43rd Street,US,NY,New York,Hell's Kitchen Polygon,2026-07-12,1,THURSDAY,36,2.5,1,1,0,8.0000000000000000,0.55555555555555555556,1,4.44,1.39,0.56,0.56,0.00
115,Grove Central Residences,US,FL,Miami,Flow Brickell Polygon,2026-07-19,2,WEDNESDAY,92,6.0,0,0,2,8.0000000000000000,1.00000000000000000000,1,8.00,6.00,0.00,0.00,2.00
61,Stonehill,US,NJ,West Orange,Chatham / West Orange Polygon,2026-07-26,3,TUESDAY,64,4.5,1,0,1,8.0000000000000000,1.00000000000000000000,1,8.00,4.50,1.00,0.00,1.00
41,John Street 116,US,NY,New York,Financial District Polygon,2026-07-12,1,TUESDAY,39,5.0,1,0,1,8.0000000000000000,0.83333333333333333333,1,6.67,4.17,0.83,0.00,0.83
123,Flamingo South Beach,US,FL,Miami Beach,Miami Beach Polygon,2026-07-05,4,TUESDAY,118,0.5,1,0,0,8.0000000000000000,0.07692307692307692308,1,0.62,0.04,0.08,0.00,0.00
120,66 Rockwell Place,US,NY,Brooklyn,Brooklyn Heights Polygon,2026-07-12,1,MONDAY,77,3.5,2,0,1,8.0000000000000000,1.00000000000000000000,1,8.00,3.50,2.00,0.00,1.00
6,100 House,US,NJ,Jersey City,Hoboken Polygon,2026-07-12,1,FRIDAY,65,0.5,1,0,0,8.0000000000000000,0.30769230769230769231,1,2.46,0.15,0.31,0.00,0.00
111,Brooklyn Crossing,US,NY,Brooklyn,Boerum Hill Polygon,2026-07-19,2,MONDAY,100,5.0,1,0,1,8.0000000000000000,1.00000000000000000000,1,8.00,5.00,1.00,0.00,1.00
126,The Landing,US,NY,Brooklyn,Brooklyn Heights Polygon,2026-07-12,1,WEDNESDAY,77,2.0,0,1,0,8.0000000000000000,0.60000000000000000000,1,4.80,1.20,0.00,0.60,0.00
44,330W-56th,US,NY,New York,Hell's Kitchen Polygon,2026-07-12,1,MONDAY,73,4.5,4,1,0,8.0000000000000000,0.71428571428571428571,1,5.71,3.21,2.86,0.71,0.00
63,Agnes,US,NJ,Jersey City,Floating Jersey,2026-07-12,1,TUESDAY,139,1.5,2,0,0,8.0000000000000000,0.46153846153846153846,1,3.69,0.69,0.92,0.00,0.00
17,River Place,US,NY,New York,Hell's Kitchen Polygon,2026-07-26,3,WEDNESDAY,97,0,0,0,0,8.0000000000000000,0.31250000000000000000,1,2.50,0.00,0.00,0.00,0.00
8,One Ten,US,NJ,Jersey City,Hoboken Polygon,2026-07-12,1,MONDAY,65,0.5,1,0,0,8.0000000000000000,0.06666666666666666667,1,0.53,0.03,0.07,0.00,0.00
140,Southgate Towers,US,FL,Miami Beach,Miami Beach Polygon,2026-07-05,4,FRIDAY,118,2.0,3,0,0,8.0000000000000000,0.45454545454545454545,1,3.64,0.91,1.36,0.00,0.00
17,River Place,US,NY,New York,Hell's Kitchen Polygon,2026-07-19,2,THURSDAY,73,1.0,2,0,0,8.0000000000000000,0.16666666666666666667,1,1.33,0.17,0.33,0.00,0.00
47,1 Boerum PL,US,NY,Brooklyn,Floating NY 2,2026-07-05,4,THURSDAY,39,4.0,0,0,1,8.0000000000000000,1.00000000000000000000,1,8.00,4.00,0.00,0.00,1.00
139,Bay Parc Apartments,US,FL,Miami,Edgewater Polygon,2026-07-05,4,THURSDAY,138,0.5,1,0,0,8.0000000000000000,0.33333333333333333333,1,2.67,0.17,0.33,0.00,0.00
123,Flamingo South Beach,US,FL,Miami Beach,Miami Beach Polygon,2026-07-26,3,MONDAY,137,5.5,1,0,1,8.0000000000000000,0E-20,1,0.00,0.00,0.00,0.00,0.00
114,20 Broad Street,US,NY,New York,Financial District Polygon,2026-07-26,3,MONDAY,39,4.5,0,1,1,8.0000000000000000,0.42857142857142857143,1,3.43,1.93,0.00,0.43,0.43
17,River Place,US,NY,New York,Hell's Kitchen Polygon,2026-07-26,3,FRIDAY,60,0.5,1,0,0,8.0000000000000000,0E-20,1,0.00,0.00,0.00,0.00,0.00
17,River Place,US,NY,New York,Hell's Kitchen Polygon,2026-07-05,4,FRIDAY,97,0.5,1,0,0,8.0000000000000000,0.38461538461538461538,1,3.08,0.19,0.38,0.00,0.00
205,1 River Place,US,NY,New York,Hell's Kitchen Polygon,2026-07-26,3,THURSDAY,63,3.0,4,0,0,8.0000000000000000,0.60000000000000000000,1,4.80,1.80,2.40,0.00,0.00
77,Oliver on the Hudson,US,NJ,Jersey City,Floating Jersey,2026-07-19,2,THURSDAY,139,4.0,0,0,1,8.0000000000000000,1.00000000000000000000,1,8.00,4.00,0.00,0.00,1.00
139,Bay Parc Apartments,US,FL,Miami,Edgewater Polygon,2026-07-05,4,WEDNESDAY,138,1.5,2,0,0,8.0000000000000000,0.38461538461538461538,1,3.08,0.58,0.77,0.00,0.00
17,River Place,US,NY,New York,Hell's Kitchen Polygon,2026-07-26,3,MONDAY,63,2.5,3,0,0,8.0000000000000000,0.72727272727272727273,1,5.82,1.82,2.18,0.00,0.00
8,One Ten,US,NJ,Jersey City,Hoboken Polygon,2026-07-12,1,WEDNESDAY,65,0.5,1,0,0,8.0000000000000000,0.38461538461538461538,1,3.08,0.19,0.38,0.00,0.00
41,John Street 116,US,NY,New York,Financial District Polygon,2026-07-12,1,FRIDAY,45,4.0,3,1,0,8.0000000000000000,0.75000000000000000000,1,6.00,3.00,2.25,0.75,0.00
123,Flamingo South Beach,US,FL,Miami Beach,Miami Beach Polygon,2026-07-05,4,THURSDAY,110,2.0,3,0,0,8.0000000000000000,0.20000000000000000000,1,1.60,0.40,0.60,0.00,0.00
54,Nine 52,US,NY,New York,Hell's Kitchen Polygon,2026-07-19,2,MONDAY,73,4.5,1,1,1,8.0000000000000000,0.71428571428571428571,1,5.71,3.21,0.71,0.71,0.71
61,Stonehill,US,NJ,West Orange,Chatham / West Orange Polygon,2026-07-05,4,WEDNESDAY,64,1.0,2,0,0,8.0000000000000000,0.38461538461538461538,1,3.08,0.38,0.77,0.00,0.00
15,Silver Towers,US,NY,New York,Hell's Kitchen Polygon,2026-07-26,3,FRIDAY,73,1.0,2,0,0,8.0000000000000000,0.61538461538461538462,1,4.92,0.62,1.23,0.00,0.00
128,250 E Houston,US,NY,New York,Floating NY 2,2026-07-19,2,MONDAY,39,4.0,0,0,1,8.0000000000000000,1.00000000000000000000,1,8.00,4.00,0.00,0.00,1.00
122,Flamingo Point North Tower,US,FL,Miami Beach,Miami Beach Polygon,2026-07-05,4,TUESDAY,137,3.0,6,0,0,8.0000000000000000,0.25000000000000000000,1,2.00,0.75,1.50,0.00,0.00
8,One Ten,US,NJ,Jersey City,Hoboken Polygon,2026-07-05,4,THURSDAY,65,2.0,3,0,0,8.0000000000000000,0E-20,1,0.00,0.00,0.00,0.00,0.00
121,Flamingo Point Center Tower,US,FL,Miami Beach,Miami Beach Polygon,2026-07-12,1,MONDAY,118,1.0,2,0,0,8.0000000000000000,0.61538461538461538462,1,4.92,0.62,1.23,0.00,0.00
42,The Ivy,US,NJ,Chatham,Chatham / West Orange Polygon,2026-07-19,2,FRIDAY,64,2.0,0,1,0,8.0000000000000000,1.00000000000000000000,1,8.00,2.00,0.00,1.00,0.00
61,Stonehill,US,NJ,West Orange,Chatham / West Orange Polygon,2026-07-12,1,THURSDAY,64,5.5,1,0,1,8.0000000000000000,1.00000000000000000000,1,8.00,5.50,1.00,0.00,1.00
17,River Place,US,NY,New York,Hell's Kitchen Polygon,2026-07-12,1,MONDAY,63,1.5,2,0,0,8.0000000000000000,0.30000000000000000000,1,2.40,0.45,0.60,0.00,0.00
68,655 Union,US,NY,Brooklyn,Boerum Hill Polygon,2026-07-12,1,FRIDAY,96,4.5,2,0,1,8.0000000000000000,0.57142857142857142857,1,4.57,2.57,1.14,0.00,0.57
42,The Ivy,US,NJ,Chatham,Chatham / West Orange Polygon,2026-07-26,3,FRIDAY,54,6.5,0,0,1,8.0000000000000000,1.00000000000000000000,0,8.0000000000000000,6.5,0,0,1
54,Nine 52,US,NY,New York,Hell's Kitchen Polygon,2026-07-26,3,TUESDAY,73,0.5,1,0,0,8.0000000000000000,1.00000000000000000000,1,8.00,0.50,1.00,0.00,0.00
15,Silver Towers,US,NY,New York,Hell's Kitchen Polygon,2026-07-19,2,FRIDAY,60,0,0,0,0,8.0000000000000000,0.93750000000000000000,1,7.50,0.00,0.00,0.00,0.00
121,Flamingo Point Center Tower,US,FL,Miami Beach,Miami Beach Polygon,2026-07-19,2,MONDAY,137,1.0,2,0,0,8.0000000000000000,0.46153846153846153846,1,3.69,0.46,0.92,0.00,0.00
133,2000 Biscayne,US,FL,Miami,Edgewater Polygon,2026-07-26,3,THURSDAY,134,3.0,1,0,1,8.0000000000000000,0.50000000000000000000,1,4.00,1.50,0.50,0.00,0.50
73,The Boulevard,US,FL,Miami,,2026-07-12,1,FRIDAY,143,0,0,0,0,0.5000000000000000,1.00000000000000000000,0,0.5000000000000000,0,0,0,0
153,Watermarc at Biscayne Bay,US,FL,Miami,Edgewater Polygon,2026-07-19,2,TUESDAY,138,0.5,1,0,0,8.0000000000000000,0.46666666666666666667,1,3.73,0.23,0.47,0.00,0.00
140,Southgate Towers,US,FL,Miami Beach,Miami Beach Polygon,2026-07-26,3,MONDAY,110,4.0,1,0,1,8.0000000000000000,0.87500000000000000000,1,7.00,3.50,0.88,0.00,0.88
122,Flamingo Point North Tower,US,FL,Miami Beach,Miami Beach Polygon,2026-07-19,2,TUESDAY,110,0,0,0,0,8.0000000000000000,0.43750000000000000000,1,3.50,0.00,0.00,0.00,0.00
96,420 Kent Avenue,US,NY,Brooklyn,Williamsburg Polygon,2026-07-12,1,FRIDAY,90,3.0,1,1,0,8.0000000000000000,0.55555555555555555556,1,4.44,1.67,0.56,0.56,0.00
117,The Landon,US,NY,New York,Hell's Kitchen Polygon,2026-07-12,1,THURSDAY,60,1.5,0,1,0,8.0000000000000000,0.38461538461538461538,1,3.08,0.58,0.00,0.38,0.00
112,Plank Road,US,NY,Brooklyn,Boerum Hill Polygon,2026-07-12,1,THURSDAY,100,6.0,0,0,1,8.0000000000000000,1.00000000000000000000,1,8.00,6.00,0.00,0.00,1.00
17,River Place,US,NY,New York,Hell's Kitchen Polygon,2026-07-12,1,WEDNESDAY,63,2.0,0,1,0,8.0000000000000000,0.11111111111111111111,1,0.89,0.22,0.00,0.11,0.00
120,66 Rockwell Place,US,NY,Brooklyn,Brooklyn Heights Polygon,2026-07-05,4,FRIDAY,77,5.0,0,0,2,8.0000000000000000,1.00000000000000000000,1,8.00,5.00,0.00,0.00,2.00
63,Agnes,US,NJ,Jersey City,Floating Jersey,2026-07-19,2,MONDAY,139,3.0,1,1,0,8.0000000000000000,0.12500000000000000000,1,1.00,0.38,0.13,0.13,0.00
153,Watermarc at Biscayne Bay,US,FL,Miami,Edgewater Polygon,2026-07-26,3,TUESDAY,134,3.5,0,0,1,8.0000000000000000,0.42857142857142857143,1,3.43,1.50,0.00,0.00,0.43
15,Silver Towers,US,NY,New York,Hell's Kitchen Polygon,2026-07-26,3,TUESDAY,63,1.5,0,1,0,8.0000000000000000,0.15384615384615384615,1,1.23,0.23,0.00,0.15,0.00
47,1 Boerum PL,US,NY,Brooklyn,Floating NY 2,2026-07-12,1,THURSDAY,39,3.5,1,0,1,8.0000000000000000,0.28571428571428571429,1,2.29,1.00,0.29,0.00,0.29
111,Brooklyn Crossing,US,NY,Brooklyn,Boerum Hill Polygon,2026-07-12,1,WEDNESDAY,100,5.5,0,0,1,8.0000000000000000,1.00000000000000000000,1,8.00,5.50,0.00,0.00,1.00
15,Silver Towers,US,NY,New York,Hell's Kitchen Polygon,2026-07-12,1,MONDAY,73,4.5,4,1,0,8.0000000000000000,0.14285714285714285714,1,1.14,0.64,0.57,0.14,0.00
153,Watermarc at Biscayne Bay,US,FL,Miami,Edgewater Polygon,2026-07-05,4,MONDAY,134,0,0,0,0,8.0000000000000000,0.15384615384615384615,1,1.23,0.00,0.00,0.00,0.00
53,The Eddy,US,NJ,Harrison,Harrison Polygon,2026-07-05,4,TUESDAY,54,7.0,0,0,1,8.0000000000000000,1.00000000000000000000,0,8.0000000000000000,7.0,0,0,1
75,The Devan,US,NJ,Jersey City,Hoboken Polygon,2026-07-26,3,TUESDAY,139,7.5,0,1,1,8.0000000000000000,1.00000000000000000000,1,8.00,7.50,0.00,1.00,1.00
75,The Devan,US,NJ,Jersey City,Hoboken Polygon,2026-07-05,4,THURSDAY,139,0.5,1,0,0,8.0000000000000000,0.33333333333333333333,1,2.67,0.17,0.33,0.00,0.00
17,River Place,US,NY,New York,Hell's Kitchen Polygon,2026-07-05,4,WEDNESDAY,60,0.5,1,0,0,8.0000000000000000,0.06666666666666666667,1,0.53,0.03,0.07,0.00,0.00
17,River Place,US,NY,New York,Hell's Kitchen Polygon,2026-07-26,3,FRIDAY,97,2.0,1,1,0,8.0000000000000000,0.36363636363636363636,1,2.91,0.73,0.36,0.36,0.00
122,Flamingo Point North Tower,US,FL,Miami Beach,Miami Beach Polygon,2026-07-12,1,TUESDAY,118,1.5,3,0,0,8.0000000000000000,0.50000000000000000000,1,4.00,0.75,1.50,0.00,0.00
15,Silver Towers,US,NY,New York,Hell's Kitchen Polygon,2026-07-12,1,FRIDAY,97,3.0,2,1,0,8.0000000000000000,0.50000000000000000000,1,4.00,1.50,1.00,0.50,0.00
91,Alta,US,NY,Queens,Floating NY 1,2026-07-19,2,WEDNESDAY,36,1.5,2,0,0,8.0000000000000000,0.09090909090909090909,1,0.73,0.14,0.18,0.00,0.00
9,The Enclave,US,NJ,Jersey City,Hoboken Polygon,2026-07-26,3,MONDAY,139,3.0,1,1,0,8.0000000000000000,0.33333333333333333333,1,2.67,1.00,0.33,0.33,0.00
44,330W-56th,US,NY,New York,Hell's Kitchen Polygon,2026-07-12,1,THURSDAY,36,2.5,1,1,0,8.0000000000000000,0.44444444444444444444,1,3.56,1.11,0.44,0.44,0.00
91,Alta,US,NY,Queens,Floating NY 1,2026-07-05,4,THURSDAY,36,1.0,2,0,0,8.0000000000000000,0.30769230769230769231,1,2.46,0.31,0.62,0.00,0.00
119,535 W 43rd Street,US,NY,New York,Hell's Kitchen Polygon,2026-07-05,4,WEDNESDAY,73,0.5,1,0,0,8.0000000000000000,0.84615384615384615385,1,6.77,0.42,0.85,0.00,0.00
140,Southgate Towers,US,FL,Miami Beach,Miami Beach Polygon,2026-07-05,4,TUESDAY,137,3.0,6,0,0,8.0000000000000000,0.12500000000000000000,1,1.00,0.38,0.75,0.00,0.00
75,The Devan,US,NJ,Jersey City,Hoboken Polygon,2026-07-26,3,MONDAY,139,3.0,1,1,0,8.0000000000000000,0.55555555555555555556,1,4.44,1.67,0.56,0.56,0.00
41,John Street 116,US,NY,New York,Financial District Polygon,2026-07-19,2,TUESDAY,45,3.5,0,2,0,8.0000000000000000,1.00000000000000000000,1,8.00,3.50,0.00,2.00,0.00
91,Alta,US,NY,Queens,Floating NY 1,2026-07-26,3,FRIDAY,36,3.0,2,1,0,8.0000000000000000,0.40000000000000000000,1,3.20,1.20,0.80,0.40,0.00
133,2000 Biscayne,US,FL,Miami,Edgewater Polygon,2026-07-19,2,TUESDAY,138,0.5,1,0,0,8.0000000000000000,0.20000000000000000000,1,1.60,0.10,0.20,0.00,0.00
121,Flamingo Point Center Tower,US,FL,Miami Beach,Miami Beach Polygon,2026-07-19,2,FRIDAY,110,0.5,1,0,0,8.0000000000000000,0.46153846153846153846,1,3.69,0.23,0.46,0.00,0.00
91,Alta,US,NY,Queens,Floating NY 1,2026-07-26,3,MONDAY,36,6.0,1,0,1,8.0000000000000000,1.00000000000000000000,1,8.00,6.00,1.00,0.00,1.00
61,Stonehill,US,NJ,West Orange,Chatham / West Orange Polygon,2026-07-19,2,TUESDAY,64,0,0,0,0,8.0000000000000000,0.64285714285714285714,1,5.14,0.00,0.00,0.00,0.00
61,Stonehill,US,NJ,West Orange,Chatham / West Orange Polygon,2026-07-05,4,TUESDAY,64,6.0,0,1,1,8.0000000000000000,1.00000000000000000000,1,8.00,6.00,0.00,1.00,1.00
63,Agnes,US,NJ,Jersey City,Floating Jersey,2026-07-05,4,FRIDAY,139,3.0,1,1,0,8.0000000000000000,0.14285714285714285714,1,1.14,0.43,0.14,0.14,0.00
92,The Buchanan,US,NY,New York,Floating NY 1,2026-07-26,3,WEDNESDAY,36,3.5,2,0,1,8.0000000000000000,0.87500000000000000000,1,7.00,3.06,1.75,0.00,0.88
52,330 Angelo Cifelli,US,NJ,Harrison,Harrison Polygon,2026-07-05,4,MONDAY,15,3.0,1,1,0,8.0000000000000000,0.14285714285714285714,1,1.14,0.43,0.14,0.14,0.00
6,100 House,US,NJ,Jersey City,Hoboken Polygon,2026-07-12,1,WEDNESDAY,65,0.5,1,0,0,8.0000000000000000,0.30769230769230769231,1,2.46,0.15,0.31,0.00,0.00
15,Silver Towers,US,NY,New York,Hell's Kitchen Polygon,2026-07-26,3,TUESDAY,97,2.0,1,1,0,8.0000000000000000,0.83333333333333333333,1,6.67,1.67,0.83,0.83,0.00
17,River Place,US,NY,New York,Hell's Kitchen Polygon,2026-07-19,2,MONDAY,97,3.5,3,1,0,8.0000000000000000,0.28571428571428571429,1,2.29,1.00,0.86,0.29,0.00
104,Midtown 5,US,FL,Miami,,2026-07-19,2,FRIDAY,138,4.0,0,0,1,8.0000000000000000,1.00000000000000000000,0,8.0000000000000000,4.0,0,0,1
15,Silver Towers,US,NY,New York,Hell's Kitchen Polygon,2026-07-12,1,THURSDAY,63,1.0,1,0,0,8.0000000000000000,0.23076923076923076923,1,1.85,0.23,0.23,0.00,0.00
104,Midtown 5,US,FL,Miami,,2026-07-26,3,THURSDAY,138,2.0,3,0,0,8.0000000000000000,0.50000000000000000000,1,4.00,1.00,1.50,0.00,0.00
133,2000 Biscayne,US,FL,Miami,Edgewater Polygon,2026-07-19,2,THURSDAY,134,2.5,1,1,0,8.0000000000000000,0.44444444444444444444,1,3.56,1.11,0.44,0.44,0.00
205,1 River Place,US,NY,New York,Hell's Kitchen Polygon,2026-07-26,3,WEDNESDAY,63,2.0,3,0,0,8.0000000000000000,0.08333333333333333333,1,0.67,0.17,0.25,0.00,0.00
52,330 Angelo Cifelli,US,NJ,Harrison,Harrison Polygon,2026-07-19,2,MONDAY,15,2.0,3,0,0,8.0000000000000000,0.33333333333333333333,1,2.67,0.67,1.00,0.00,0.00
15,Silver Towers,US,NY,New York,Hell's Kitchen Polygon,2026-07-19,2,TUESDAY,97,2.0,0,1,0,8.0000000000000000,0.90000000000000000000,1,7.20,1.80,0.00,0.90,0.00
122,Flamingo Point North Tower,US,FL,Miami Beach,Miami Beach Polygon,2026-07-05,4,WEDNESDAY,137,1.0,2,0,0,8.0000000000000000,0.41666666666666666667,1,3.33,0.42,0.83,0.00,0.00
195,Flow Brickell,US,FL,Miami,Flow Brickell Polygon,2026-07-26,3,THURSDAY,92,5.5,1,0,1,8.0000000000000000,1.00000000000000000000,1,8.00,5.50,1.00,0.00,1.00
119,535 W 43rd Street,US,NY,New York,Hell's Kitchen Polygon,2026-07-19,2,THURSDAY,97,1.0,1,0,0,8.0000000000000000,0.30769230769230769231,1,2.46,0.31,0.31,0.00,0.00
75,The Devan,US,NJ,Jersey City,Hoboken Polygon,2026-07-05,4,FRIDAY,65,1.5,3,0,0,8.0000000000000000,0.63636363636363636364,1,5.09,0.95,1.91,0.00,0.00
133,2000 Biscayne,US,FL,Miami,Edgewater Polygon,2026-07-12,1,WEDNESDAY,138,4.5,1,0,1,8.0000000000000000,0.85714285714285714286,1,6.86,3.86,0.86,0.00,0.86
121,Flamingo Point Center Tower,US,FL,Miami Beach,Miami Beach Polygon,2026-07-12,1,WEDNESDAY,118,2.0,3,0,0,8.0000000000000000,0E-20,1,0.00,0.00,0.00,0.00,0.00
140,Southgate Towers,US,FL,Miami Beach,Miami Beach Polygon,2026-07-05,4,WEDNESDAY,137,1.0,2,0,0,8.0000000000000000,0.16666666666666666667,1,1.33,0.17,0.33,0.00,0.00
6,100 House,US,NJ,Jersey City,Hoboken Polygon,2026-07-19,2,FRIDAY,139,0.5,1,0,0,8.0000000000000000,0.21428571428571428571,1,1.71,0.11,0.21,0.00,0.00
122,Flamingo Point North Tower,US,FL,Miami Beach,Miami Beach Polygon,2026-07-05,4,THURSDAY,118,1.5,2,0,0,8.0000000000000000,0.57142857142857142857,1,4.57,0.86,1.14,0.00,0.00
195,Flow Brickell,US,FL,Miami,Flow Brickell Polygon,2026-07-12,1,TUESDAY,92,4.5,1,0,1,8.0000000000000000,1.00000000000000000000,1,8.00,4.50,1.00,0.00,1.00
75,The Devan,US,NJ,Jersey City,Hoboken Polygon,2026-07-05,4,TUESDAY,65,0,0,0,0,8.0000000000000000,0.07692307692307692308,1,0.62,0.00,0.00,0.00,0.00
121,Flamingo Point Center Tower,US,FL,Miami Beach,Miami Beach Polygon,2026-07-26,3,WEDNESDAY,110,2.0,1,1,0,8.0000000000000000,0.54545454545454545455,1,4.36,1.09,0.55,0.55,0.00
9,The Enclave,US,NJ,Jersey City,Hoboken Polygon,2026-07-05,4,THURSDAY,65,2.0,3,0,0,8.0000000000000000,0.36363636363636363636,1,2.91,0.73,1.09,0.00,0.00
121,Flamingo Point Center Tower,US,FL,Miami Beach,Miami Beach Polygon,2026-07-05,4,THURSDAY,110,2.0,3,0,0,8.0000000000000000,0.80000000000000000000,1,6.40,1.60,2.40,0.00,0.00
17,River Place,US,NY,New York,Hell's Kitchen Polygon,2026-07-05,4,TUESDAY,97,0.5,1,0,0,8.0000000000000000,0.41666666666666666667,1,3.33,0.21,0.42,0.00,0.00
104,Midtown 5,US,FL,Miami,,2026-07-12,1,TUESDAY,138,6.0,0,2,1,8.0000000000000000,0.25000000000000000000,1,2.00,1.50,0.00,0.50,0.25
123,Flamingo South Beach,US,FL,Miami Beach,Miami Beach Polygon,2026-07-26,3,TUESDAY,137,2.5,1,1,0,8.0000000000000000,0.63636363636363636364,1,5.09,1.59,0.64,0.64,0.00
6,100 House,US,NJ,Jersey City,Hoboken Polygon,2026-07-19,2,MONDAY,65,1.0,2,0,0,8.0000000000000000,0.46153846153846153846,1,3.69,0.46,0.92,0.00,0.00
44,330W-56th,US,NY,New York,Hell's Kitchen Polygon,2026-07-26,3,MONDAY,73,4.0,3,0,1,8.0000000000000000,0.28571428571428571429,1,2.29,1.14,0.86,0.00,0.29
52,330 Angelo Cifelli,US,NJ,Harrison,Harrison Polygon,2026-07-05,4,FRIDAY,15,0.5,1,0,0,8.0000000000000000,0.57142857142857142857,1,4.57,0.29,0.57,0.00,0.00
8,One Ten,US,NJ,Jersey City,Hoboken Polygon,2026-07-26,3,THURSDAY,65,2.0,1,1,0,8.0000000000000000,0.08333333333333333333,1,0.67,0.17,0.08,0.08,0.00
8,One Ten,US,NJ,Jersey City,Hoboken Polygon,2026-07-12,1,FRIDAY,65,0.5,1,0,0,8.0000000000000000,0.30769230769230769231,1,2.46,0.15,0.31,0.00,0.00
140,Southgate Towers,US,FL,Miami Beach,Miami Beach Polygon,2026-07-05,4,TUESDAY,110,1.0,2,0,0,8.0000000000000000,0.33333333333333333333,1,2.67,0.33,0.67,0.00,0.00
121,Flamingo Point Center Tower,US,FL,Miami Beach,Miami Beach Polygon,2026-07-26,3,FRIDAY,110,1.5,0,1,0,8.0000000000000000,0.84615384615384615385,1,6.77,1.27,0.00,0.85,0.00
91,Alta,US,NY,Queens,Floating NY 1,2026-07-19,2,TUESDAY,36,2.5,2,1,0,8.0000000000000000,1.00000000000000000000,1,8.00,2.50,2.00,1.00,0.00
123,Flamingo South Beach,US,FL,Miami Beach,Miami Beach Polygon,2026-07-05,4,MONDAY,137,2.5,4,0,0,8.0000000000000000,0E-20,1,0.00,0.00,0.00,0.00,0.00
112,Plank Road,US,NY,Brooklyn,Boerum Hill Polygon,2026-07-26,3,THURSDAY,100,6.0,0,0,1,8.0000000000000000,1.00000000000000000000,1,8.00,6.00,0.00,0.00,1.00
111,Brooklyn Crossing,US,NY,Brooklyn,Boerum Hill Polygon,2026-07-26,3,FRIDAY,96,2.5,3,0,0,8.0000000000000000,0.63636363636363636364,1,5.09,1.59,1.91,0.00,0.00
139,Bay Parc Apartments,US,FL,Miami,Edgewater Polygon,2026-07-19,2,THURSDAY,134,2.5,1,1,0,8.0000000000000000,0.55555555555555555556,1,4.44,1.39,0.56,0.56,0.00
121,Flamingo Point Center Tower,US,FL,Miami Beach,Miami Beach Polygon,2026-07-12,1,THURSDAY,137,2.5,1,1,0,8.0000000000000000,0.20000000000000000000,1,1.60,0.50,0.20,0.20,0.00
76,Woodside Central,US,NY,Queens,Floating NY 1,2026-07-05,4,FRIDAY,36,3.5,2,0,1,8.0000000000000000,0.55555555555555555556,1,4.44,1.94,1.11,0.00,0.56
122,Flamingo Point North Tower,US,FL,Miami Beach,Miami Beach Polygon,2026-07-12,1,WEDNESDAY,137,0.5,1,0,0,8.0000000000000000,0.53333333333333333333,1,4.27,0.27,0.53,0.00,0.00
123,Flamingo South Beach,US,FL,Miami Beach,Miami Beach Polygon,2026-07-19,2,MONDAY,118,1.0,2,0,0,8.0000000000000000,0.14285714285714285714,1,1.14,0.14,0.29,0.00,0.00
17,River Place,US,NY,New York,Hell's Kitchen Polygon,2026-07-12,1,MONDAY,97,2.5,4,0,0,8.0000000000000000,0.20000000000000000000,1,1.60,0.50,0.80,0.00,0.00
17,River Place,US,NY,New York,Hell's Kitchen Polygon,2026-07-05,4,THURSDAY,73,1.5,3,0,0,8.0000000000000000,0.50000000000000000000,1,4.00,0.75,1.50,0.00,0.00
114,20 Broad Street,US,NY,New York,Financial District Polygon,2026-07-12,1,WEDNESDAY,45,4.5,0,0,1,8.0000000000000000,1.00000000000000000000,1,8.00,4.50,0.00,0.00,1.00
114,20 Broad Street,US,NY,New York,Financial District Polygon,2026-07-05,4,THURSDAY,45,5.5,2,0,1,8.0000000000000000,1.00000000000000000000,1,8.00,5.50,2.00,0.00,1.00
205,1 River Place,US,NY,New York,Hell's Kitchen Polygon,2026-07-19,2,FRIDAY,63,1.5,2,0,0,8.0000000000000000,0.14285714285714285714,1,1.14,0.21,0.29,0.00,0.00
142,One Harrison,US,NJ,Harrison,Harrison Polygon,2026-07-12,1,TUESDAY,15,5.0,0,0,1,8.0000000000000000,1.00000000000000000000,1,8.00,5.00,0.00,0.00,1.00
8,One Ten,US,NJ,Jersey City,Hoboken Polygon,2026-07-19,2,FRIDAY,65,1.0,1,0,0,8.0000000000000000,0E-20,1,0.00,0.00,0.00,0.00,0.00
15,Silver Towers,US,NY,New York,Hell's Kitchen Polygon,2026-07-05,4,THURSDAY,63,2.5,2,1,0,8.0000000000000000,0E-20,1,0.00,0.00,0.00,0.00,0.00
15,Silver Towers,US,NY,New York,Hell's Kitchen Polygon,2026-07-12,1,FRIDAY,73,2.0,3,0,0,8.0000000000000000,1.00000000000000000000,1,8.00,2.00,3.00,0.00,0.00
15,Silver Towers,US,NY,New York,Hell's Kitchen Polygon,2026-07-12,1,TUESDAY,97,2.0,4,0,0,8.0000000000000000,0.54545454545454545455,1,4.36,1.09,2.18,0.00,0.00
124,The Kestrel,US,NY,Brooklyn,Floating NY 2,2026-07-12,1,THURSDAY,39,3.5,1,0,1,8.0000000000000000,0.71428571428571428571,1,5.71,2.50,0.71,0.00,0.71
8,One Ten,US,NJ,Jersey City,Hoboken Polygon,2026-07-05,4,WEDNESDAY,65,1.5,2,0,0,8.0000000000000000,0.63636363636363636364,1,5.09,0.95,1.27,0.00,0.00
52,330 Angelo Cifelli,US,NJ,Harrison,Harrison Polygon,2026-07-26,3,FRIDAY,15,5.5,1,1,1,8.0000000000000000,1.00000000000000000000,1,8.00,5.50,1.00,1.00,1.00
96,420 Kent Avenue,US,NY,Brooklyn,Williamsburg Polygon,2026-07-12,1,THURSDAY,90,5.0,0,1,1,8.0000000000000000,0.33333333333333333333,1,2.67,1.67,0.00,0.33,0.33
121,Flamingo Point Center Tower,US,FL,Miami Beach,Miami Beach Polygon,2026-07-19,2,TUESDAY,110,0,0,0,0,8.0000000000000000,0.56250000000000000000,1,4.50,0.00,0.00,0.00,0.00
91,Alta,US,NY,Queens,Floating NY 1,2026-07-12,1,MONDAY,36,4.0,2,0,1,8.0000000000000000,0.80000000000000000000,1,6.40,3.20,1.60,0.00,0.80
195,Flow Brickell,US,FL,Miami,Flow Brickell Polygon,2026-07-05,4,FRIDAY,92,4.5,0,0,1,8.0000000000000000,1.00000000000000000000,1,8.00,4.50,0.00,0.00,1.00
15,Silver Towers,US,NY,New York,Hell's Kitchen Polygon,2026-07-05,4,FRIDAY,60,1.5,2,0,0,8.0000000000000000,0.92307692307692307692,1,7.38,1.38,1.85,0.00,0.00
92,The Buchanan,US,NY,New York,Floating NY 1,2026-07-05,4,TUESDAY,36,1.5,3,0,0,8.0000000000000000,0.15384615384615384615,1,1.23,0.23,0.46,0.00,0.00
121,Flamingo Point Center Tower,US,FL,Miami Beach,Miami Beach Polygon,2026-07-05,4,TUESDAY,137,3.0,6,0,0,8.0000000000000000,0.37500000000000000000,1,3.00,1.13,2.25,0.00,0.00
205,1 River Place,US,NY,New York,Hell's Kitchen Polygon,2026-07-19,2,MONDAY,63,1.0,1,0,0,8.0000000000000000,0.07692307692307692308,1,0.62,0.08,0.08,0.00,0.00
17,River Place,US,NY,New York,Hell's Kitchen Polygon,2026-07-19,2,THURSDAY,97,1.0,1,0,0,8.0000000000000000,0.69230769230769230769,1,5.54,0.69,0.69,0.00,0.00
139,Bay Parc Apartments,US,FL,Miami,Edgewater Polygon,2026-07-19,2,MONDAY,134,0.5,1,0,0,8.0000000000000000,0.50000000000000000000,1,4.00,0.25,0.50,0.00,0.00
41,John Street 116,US,NY,New York,Financial District Polygon,2026-07-26,3,TUESDAY,45,5.5,0,0,1,8.0000000000000000,1.00000000000000000000,1,8.00,5.50,0.00,0.00,1.00
75,The Devan,US,NJ,Jersey City,Hoboken Polygon,2026-07-05,4,FRIDAY,139,3.0,1,1,0,8.0000000000000000,0.14285714285714285714,1,1.14,0.43,0.14,0.14,0.00
120,66 Rockwell Place,US,NY,Brooklyn,Brooklyn Heights Polygon,2026-07-19,2,MONDAY,77,4.5,0,0,1,8.0000000000000000,1.00000000000000000000,1,8.00,4.50,0.00,0.00,1.00
53,The Eddy,US,NJ,Harrison,Harrison Polygon,2026-07-12,1,THURSDAY,15,2.5,3,0,0,8.0000000000000000,0.77777777777777777778,1,6.22,1.94,2.33,0.00,0.00
15,Silver Towers,US,NY,New York,Hell's Kitchen Polygon,2026-07-12,1,MONDAY,63,1.5,2,0,0,8.0000000000000000,0.70000000000000000000,1,5.60,1.05,1.40,0.00,0.00
75,The Devan,US,NJ,Jersey City,Hoboken Polygon,2026-07-26,3,FRIDAY,65,3.0,1,0,1,8.0000000000000000,0.10000000000000000000,1,0.80,0.30,0.10,0.00,0.10
122,Flamingo Point North Tower,US,FL,Miami Beach,Miami Beach Polygon,2026-07-19,2,THURSDAY,137,0,0,0,0,8.0000000000000000,0.86666666666666666667,1,6.93,0.00,0.00,0.00,0.00
122,Flamingo Point North Tower,US,FL,Miami Beach,Miami Beach Polygon,2026-07-26,3,FRIDAY,137,1.0,2,0,0,8.0000000000000000,0.10526315789473684211,1,0.84,0.11,0.21,0.00,0.00
140,Southgate Towers,US,FL,Miami Beach,Miami Beach Polygon,2026-07-05,4,MONDAY,137,2.5,4,0,0,8.0000000000000000,0.40000000000000000000,1,3.20,1.00,1.60,0.00,0.00
77,Oliver on the Hudson,US,NJ,Jersey City,Floating Jersey,2026-07-26,3,MONDAY,54,5.0,1,0,1,8.0000000000000000,1.00000000000000000000,1,8.00,5.00,1.00,0.00,1.00
17,River Place,US,NY,New York,Hell's Kitchen Polygon,2026-07-19,2,WEDNESDAY,97,0.5,1,0,0,8.0000000000000000,0.38461538461538461538,1,3.08,0.19,0.38,0.00,0.00
121,Flamingo Point Center Tower,US,FL,Miami Beach,Miami Beach Polygon,2026-07-12,1,FRIDAY,118,1.0,2,0,0,8.0000000000000000,0.76923076923076923077,1,6.15,0.77,1.54,0.00,0.00
195,Flow Brickell,US,FL,Miami,Flow Brickell Polygon,2026-07-05,4,MONDAY,92,0.5,1,0,0,8.0000000000000000,0.64285714285714285714,1,5.14,0.32,0.64,0.00,0.00
15,Silver Towers,US,NY,New York,Hell's Kitchen Polygon,2026-07-26,3,THURSDAY,97,4.0,0,0,1,8.0000000000000000,1.00000000000000000000,1,8.00,4.00,0.00,0.00,1.00
123,Flamingo South Beach,US,FL,Miami Beach,Miami Beach Polygon,2026-07-05,4,MONDAY,110,0,0,0,0,8.0000000000000000,0.23076923076923076923,1,1.85,0.00,0.00,0.00,0.00
140,Southgate Towers,US,FL,Miami Beach,Miami Beach Polygon,2026-07-26,3,TUESDAY,137,2.5,1,1,0,8.0000000000000000,0.36363636363636363636,1,2.91,0.91,0.36,0.36,0.00
131,The Addison,US,NY,Brooklyn,Brooklyn Heights Polygon,2026-07-19,2,FRIDAY,39,5.0,0,0,1,8.0000000000000000,1.00000000000000000000,1,8.00,5.00,0.00,0.00,1.00
140,Southgate Towers,US,FL,Miami Beach,Miami Beach Polygon,2026-07-12,1,MONDAY,110,2.5,2,1,0,8.0000000000000000,0.50000000000000000000,1,4.00,1.25,1.00,0.50,0.00
17,River Place,US,NY,New York,Hell's Kitchen Polygon,2026-07-12,1,MONDAY,60,1.0,2,0,0,8.0000000000000000,0.25000000000000000000,1,2.00,0.25,0.50,0.00,0.00
17,River Place,US,NY,New York,Hell's Kitchen Polygon,2026-07-12,1,FRIDAY,63,1.5,3,0,0,8.0000000000000000,0.75000000000000000000,1,6.00,1.13,2.25,0.00,0.00
91,Alta,US,NY,Queens,Floating NY 1,2026-07-12,1,FRIDAY,36,2.5,2,1,0,8.0000000000000000,0.12500000000000000000,1,1.00,0.31,0.25,0.13,0.00
15,Silver Towers,US,NY,New York,Hell's Kitchen Polygon,2026-07-26,3,WEDNESDAY,63,2.0,3,0,0,8.0000000000000000,0.50000000000000000000,1,4.00,1.00,1.50,0.00,0.00
15,Silver Towers,US,NY,New York,Hell's Kitchen Polygon,2026-07-26,3,WEDNESDAY,97,0,0,0,0,8.0000000000000000,0.68750000000000000000,1,5.50,0.00,0.00,0.00,0.00
111,Brooklyn Crossing,US,NY,Brooklyn,Boerum Hill Polygon,2026-07-05,4,TUESDAY,100,2.5,1,1,0,8.0000000000000000,0.55555555555555555556,1,4.44,1.39,0.56,0.56,0.00
195,Flow Brickell,US,FL,Miami,Flow Brickell Polygon,2026-07-05,4,TUESDAY,92,1.0,1,0,0,8.0000000000000000,0.61538461538461538462,1,4.92,0.62,0.62,0.00,0.00
61,Stonehill,US,NJ,West Orange,Chatham / West Orange Polygon,2026-07-26,3,WEDNESDAY,64,1.0,1,0,0,8.0000000000000000,0.57142857142857142857,1,4.57,0.57,0.57,0.00,0.00
15,Silver Towers,US,NY,New York,Hell's Kitchen Polygon,2026-07-19,2,WEDNESDAY,63,2.0,0,1,0,8.0000000000000000,0.54545454545454545455,1,4.36,1.09,0.00,0.55,0.00
42,The Ivy,US,NJ,Chatham,Chatham / West Orange Polygon,2026-07-19,2,MONDAY,64,5.5,0,1,1,8.0000000000000000,1.00000000000000000000,1,8.00,5.50,0.00,1.00,1.00
15,Silver Towers,US,NY,New York,Hell's Kitchen Polygon,2026-07-19,2,WEDNESDAY,73,0.5,1,0,0,8.0000000000000000,0.15384615384615384615,1,1.23,0.08,0.15,0.00,0.00
15,Silver Towers,US,NY,New York,Hell's Kitchen Polygon,2026-07-12,1,THURSDAY,73,0.5,1,0,0,8.0000000000000000,0.58333333333333333333,1,4.67,0.29,0.58,0.00,0.00
75,The Devan,US,NJ,Jersey City,Hoboken Polygon,2026-07-26,3,TUESDAY,65,1.0,1,0,0,8.0000000000000000,0.35294117647058823529,1,2.82,0.35,0.35,0.00,0.00
104,Midtown 5,US,FL,Miami,,2026-07-05,4,FRIDAY,138,1.5,2,0,0,8.0000000000000000,0.72727272727272727273,0,8.0000000000000000,1.5,2,0,0
153,Watermarc at Biscayne Bay,US,FL,Miami,Edgewater Polygon,2026-07-05,4,TUESDAY,134,0.5,1,0,0,8.0000000000000000,0.58333333333333333333,1,4.67,0.29,0.58,0.00,0.00
15,Silver Towers,US,NY,New York,Hell's Kitchen Polygon,2026-07-26,3,MONDAY,63,2.5,3,0,0,8.0000000000000000,0.18181818181818181818,1,1.45,0.45,0.55,0.00,0.00
17,River Place,US,NY,New York,Hell's Kitchen Polygon,2026-07-19,2,MONDAY,60,0,0,0,0,8.0000000000000000,0.06250000000000000000,1,0.50,0.00,0.00,0.00,0.00
15,Silver Towers,US,NY,New York,Hell's Kitchen Polygon,2026-07-12,1,WEDNESDAY,60,1.0,1,0,0,8.0000000000000000,1.00000000000000000000,1,8.00,1.00,1.00,0.00,0.00
207,561 10th Avenue,US,NY,New York,Hell's Kitchen Polygon,2026-07-05,4,FRIDAY,73,0.5,1,0,0,8.0000000000000000,0.20000000000000000000,1,1.60,0.10,0.20,0.00,0.00
17,River Place,US,NY,New York,Hell's Kitchen Polygon,2026-07-05,4,TUESDAY,60,0,0,0,0,8.0000000000000000,0.06666666666666666667,1,0.53,0.00,0.00,0.00,0.00
133,2000 Biscayne,US,FL,Miami,Edgewater Polygon,2026-07-26,3,WEDNESDAY,138,2.5,1,1,0,8.0000000000000000,0.54545454545454545455,1,4.36,1.36,0.55,0.55,0.00
123,Flamingo South Beach,US,FL,Miami Beach,Miami Beach Polygon,2026-07-26,3,TUESDAY,110,2.5,1,1,0,8.0000000000000000,0.18181818181818181818,1,1.45,0.45,0.18,0.18,0.00
15,Silver Towers,US,NY,New York,Hell's Kitchen Polygon,2026-07-12,1,WEDNESDAY,73,2.0,1,1,0,8.0000000000000000,1.00000000000000000000,1,8.00,2.00,1.00,1.00,0.00
52,330 Angelo Cifelli,US,NJ,Harrison,Harrison Polygon,2026-07-05,4,THURSDAY,15,7.0,0,0,2,8.0000000000000000,1.00000000000000000000,1,8.00,7.00,0.00,0.00,2.00
75,The Devan,US,NJ,Jersey City,Hoboken Polygon,2026-07-12,1,THURSDAY,139,1.5,0,1,0,8.0000000000000000,0.07692307692307692308,1,0.62,0.12,0.00,0.08,0.00
17,River Place,US,NY,New York,Hell's Kitchen Polygon,2026-07-19,2,TUESDAY,97,2.0,0,1,0,8.0000000000000000,0.10000000000000000000,1,0.80,0.20,0.00,0.10,0.00
139,Bay Parc Apartments,US,FL,Miami,Edgewater Polygon,2026-07-05,4,WEDNESDAY,134,0,0,0,0,8.0000000000000000,0.69230769230769230769,1,5.54,0.00,0.00,0.00,0.00
93,Union Channel ,US,NY,Brooklyn,Boerum Hill Polygon,2026-07-26,3,WEDNESDAY,96,2.5,1,1,0,8.0000000000000000,0.54545454545454545455,1,4.36,1.36,0.55,0.55,0.00
61,Stonehill,US,NJ,West Orange,Chatham / West Orange Polygon,2026-07-05,4,THURSDAY,64,4.5,1,0,1,8.0000000000000000,1.00000000000000000000,1,8.00,4.50,1.00,0.00,1.00
195,Flow Brickell,US,FL,Miami,Flow Brickell Polygon,2026-07-19,2,FRIDAY,92,1.5,0,1,0,8.0000000000000000,1.00000000000000000000,1,8.00,1.50,0.00,1.00,0.00
120,66 Rockwell Place,US,NY,Brooklyn,Brooklyn Heights Polygon,2026-07-05,4,THURSDAY,77,5.5,0,0,2,8.0000000000000000,1.00000000000000000000,1,8.00,5.50,0.00,0.00,2.00
92,The Buchanan,US,NY,New York,Floating NY 1,2026-07-26,3,THURSDAY,36,4.0,1,0,1,8.0000000000000000,1.00000000000000000000,1,8.00,4.00,1.00,0.00,1.00
153,Watermarc at Biscayne Bay,US,FL,Miami,Edgewater Polygon,2026-07-26,3,WEDNESDAY,134,1.5,0,1,0,8.0000000000000000,0.75000000000000000000,1,6.00,1.13,0.00,0.75,0.00
123,Flamingo South Beach,US,FL,Miami Beach,Miami Beach Polygon,2026-07-05,4,TUESDAY,137,3.0,6,0,0,8.0000000000000000,0.25000000000000000000,1,2.00,0.75,1.50,0.00,0.00
54,Nine 52,US,NY,New York,Hell's Kitchen Polygon,2026-07-12,1,TUESDAY,73,2.0,0,1,0,8.0000000000000000,1.00000000000000000000,1,8.00,2.00,0.00,1.00,0.00
96,420 Kent Avenue,US,NY,Brooklyn,Williamsburg Polygon,2026-07-12,1,MONDAY,90,2.5,2,1,0,8.0000000000000000,0.22222222222222222222,1,1.78,0.56,0.44,0.22,0.00
111,Brooklyn Crossing,US,NY,Brooklyn,Boerum Hill Polygon,2026-07-19,2,TUESDAY,100,2.5,1,1,0,8.0000000000000000,0.55555555555555555556,1,4.44,1.39,0.56,0.56,0.00
8,One Ten,US,NJ,Jersey City,Hoboken Polygon,2026-07-05,4,THURSDAY,139,0.5,1,0,0,8.0000000000000000,0.26666666666666666667,1,2.13,0.13,0.27,0.00,0.00
123,Flamingo South Beach,US,FL,Miami Beach,Miami Beach Polygon,2026-07-12,1,THURSDAY,110,1.0,2,0,0,8.0000000000000000,0.16666666666666666667,1,1.33,0.17,0.33,0.00,0.00
121,Flamingo Point Center Tower,US,FL,Miami Beach,Miami Beach Polygon,2026-07-12,1,THURSDAY,118,7.0,0,0,2,8.0000000000000000,0,1,0.00,0.00,0.00,0.00,0.00
120,66 Rockwell Place,US,NY,Brooklyn,Brooklyn Heights Polygon,2026-07-26,3,MONDAY,77,5.5,1,0,1,8.0000000000000000,1.00000000000000000000,1,8.00,5.50,1.00,0.00,1.00
15,Silver Towers,US,NY,New York,Hell's Kitchen Polygon,2026-07-26,3,THURSDAY,63,3.0,4,0,0,8.0000000000000000,0.40000000000000000000,1,3.20,1.20,1.60,0.00,0.00
17,River Place,US,NY,New York,Hell's Kitchen Polygon,2026-07-05,4,WEDNESDAY,97,0,0,0,0,8.0000000000000000,0.64285714285714285714,1,5.14,0.00,0.00,0.00,0.00
125,The Vitagraph,US,NY,Brooklyn,Floating NY 2,2026-07-26,3,FRIDAY,39,4.5,1,0,1,8.0000000000000000,1.00000000000000000000,1,8.00,4.50,1.00,0.00,1.00
17,River Place,US,NY,New York,Hell's Kitchen Polygon,2026-07-26,3,FRIDAY,63,4.5,1,0,1,8.0000000000000000,0.71428571428571428571,1,5.71,3.21,0.71,0.00,0.71
17,River Place,US,NY,New York,Hell's Kitchen Polygon,2026-07-19,2,FRIDAY,97,4.5,1,0,1,8.0000000000000000,1.00000000000000000000,1,8.00,4.50,1.00,0.00,1.00
15,Silver Towers,US,NY,New York,Hell's Kitchen Polygon,2026-07-05,4,TUESDAY,63,2.0,1,1,0,8.0000000000000000,0.09090909090909090909,1,0.73,0.18,0.09,0.09,0.00
63,Agnes,US,NJ,Jersey City,Floating Jersey,2026-07-19,2,TUESDAY,139,1.0,1,0,0,8.0000000000000000,0.33333333333333333333,1,2.67,0.33,0.33,0.00,0.00
77,Oliver on the Hudson,US,NJ,Jersey City,Floating Jersey,2026-07-12,1,FRIDAY,139,2.0,1,1,0,8.0000000000000000,0.33333333333333333333,1,2.67,0.67,0.33,0.33,0.00
53,The Eddy,US,NJ,Harrison,Harrison Polygon,2026-07-12,1,MONDAY,15,1.5,2,0,0,8.0000000000000000,0.16666666666666666667,1,1.33,0.25,0.33,0.00,0.00
6,100 House,US,NJ,Jersey City,Hoboken Polygon,2026-07-05,4,THURSDAY,65,2.0,3,0,0,8.0000000000000000,0.54545454545454545455,1,4.36,1.09,1.64,0.00,0.00
205,1 River Place,US,NY,New York,Hell's Kitchen Polygon,2026-07-26,3,MONDAY,63,2.5,3,0,0,8.0000000000000000,0.09090909090909090909,1,0.73,0.23,0.27,0.00,0.00
111,Brooklyn Crossing,US,NY,Brooklyn,Boerum Hill Polygon,2026-07-26,3,FRIDAY,100,3.5,0,0,1,8.0000000000000000,1.00000000000000000000,1,8.00,3.50,0.00,0.00,1.00
205,1 River Place,US,NY,New York,Hell's Kitchen Polygon,2026-07-05,4,FRIDAY,63,0,0,0,0,8.0000000000000000,0.07142857142857142857,1,0.57,0.00,0.00,0.00,0.00
121,Flamingo Point Center Tower,US,FL,Miami Beach,Miami Beach Polygon,2026-07-12,1,FRIDAY,110,0,0,0,0,8.0000000000000000,0.42857142857142857143,1,3.43,0.00,0.00,0.00,0.00
42,The Ivy,US,NJ,Chatham,Chatham / West Orange Polygon,2026-07-26,3,THURSDAY,64,2.5,0,0,1,8.0000000000000000,1.00000000000000000000,1,8.00,2.50,0.00,0.00,1.00
117,The Landon,US,NY,New York,Hell's Kitchen Polygon,2026-07-05,4,THURSDAY,60,0.5,1,0,0,8.0000000000000000,0.26666666666666666667,1,2.13,0.13,0.27,0.00,0.00
17,River Place,US,NY,New York,Hell's Kitchen Polygon,2026-07-12,1,WEDNESDAY,60,1.0,1,0,0,8.0000000000000000,0E-20,1,0.00,0.00,0.00,0.00,0.00
114,20 Broad Street,US,NY,New York,Financial District Polygon,2026-07-12,1,THURSDAY,45,5.0,0,1,1,8.0000000000000000,1.00000000000000000000,1,8.00,5.00,0.00,1.00,1.00
153,Watermarc at Biscayne Bay,US,FL,Miami,Edgewater Polygon,2026-07-05,4,WEDNESDAY,138,1.5,2,0,0,8.0000000000000000,0.46153846153846153846,1,3.69,0.69,0.92,0.00,0.00
123,Flamingo South Beach,US,FL,Miami Beach,Miami Beach Polygon,2026-07-26,3,FRIDAY,137,1.0,2,0,0,8.0000000000000000,0.57894736842105263158,1,4.63,0.58,1.16,0.00,0.00
75,The Devan,US,NJ,Jersey City,Hoboken Polygon,2026-07-05,4,THURSDAY,65,2.0,3,0,0,8.0000000000000000,0.09090909090909090909,1,0.73,0.18,0.27,0.00,0.00
134,Livana East Hanover,US,NJ,East Hanover,Chatham / West Orange Polygon,2026-07-19,2,WEDNESDAY,64,1.0,1,0,0,8.0000000000000000,1.00000000000000000000,1,8.00,1.00,1.00,0.00,0.00
15,Silver Towers,US,NY,New York,Hell's Kitchen Polygon,2026-07-12,1,FRIDAY,63,1.5,3,0,0,8.0000000000000000,0.16666666666666666667,1,1.33,0.25,0.50,0.00,0.00
122,Flamingo Point North Tower,US,FL,Miami Beach,Miami Beach Polygon,2026-07-05,4,THURSDAY,137,2.5,1,1,0,8.0000000000000000,0.44444444444444444444,1,3.56,1.11,0.44,0.44,0.00
195,Flow Brickell,US,FL,Miami,Flow Brickell Polygon,2026-07-19,2,MONDAY,92,1.5,0,1,0,8.0000000000000000,0.58333333333333333333,1,4.67,0.87,0.00,0.58,0.00
75,The Devan,US,NJ,Jersey City,Hoboken Polygon,2026-07-19,2,WEDNESDAY,65,0.5,1,0,0,8.0000000000000000,0.92307692307692307692,1,7.38,0.46,0.92,0.00,0.00
15,Silver Towers,US,NY,New York,Hell's Kitchen Polygon,2026-07-26,3,FRIDAY,63,4.5,1,0,1,8.0000000000000000,0.28571428571428571429,1,2.29,1.29,0.29,0.00,0.29
15,Silver Towers,US,NY,New York,Hell's Kitchen Polygon,2026-07-19,2,FRIDAY,73,1.0,2,0,0,8.0000000000000000,0.78571428571428571429,1,6.29,0.79,1.57,0.00,0.00
15,Silver Towers,US,NY,New York,Hell's Kitchen Polygon,2026-07-12,1,TUESDAY,63,1.0,1,0,0,8.0000000000000000,0.58333333333333333333,1,4.67,0.58,0.58,0.00,0.00
15,Silver Towers,US,NY,New York,Hell's Kitchen Polygon,2026-07-05,4,WEDNESDAY,63,1.5,3,0,0,8.0000000000000000,0.25000000000000000000,1,2.00,0.38,0.75,0.00,0.00
195,Flow Brickell,US,FL,Miami,Flow Brickell Polygon,2026-07-12,1,FRIDAY,92,1.5,0,1,0,8.0000000000000000,0.58333333333333333333,1,4.67,0.87,0.00,0.58,0.00
51,300 Somerset,US,NJ,Harrison,Harrison Polygon,2026-07-12,1,THURSDAY,15,2.5,3,0,0,8.0000000000000000,0.22222222222222222222,1,1.78,0.56,0.67,0.00,0.00
75,The Devan,US,NJ,Jersey City,Hoboken Polygon,2026-07-05,4,TUESDAY,139,4.5,1,0,1,8.0000000000000000,0.16666666666666666667,1,1.33,0.75,0.17,0.00,0.17
15,Silver Towers,US,NY,New York,Hell's Kitchen Polygon,2026-07-12,1,WEDNESDAY,97,0,0,0,0,8.0000000000000000,0.33333333333333333333,1,2.67,0.00,0.00,0.00,0.00
133,2000 Biscayne,US,FL,Miami,Edgewater Polygon,2026-07-26,3,MONDAY,134,4.5,0,0,1,8.0000000000000000,0.16666666666666666667,1,1.33,0.75,0.00,0.00,0.17
17,River Place,US,NY,New York,Hell's Kitchen Polygon,2026-07-26,3,WEDNESDAY,63,2.0,3,0,0,8.0000000000000000,0.41666666666666666667,1,3.33,0.83,1.25,0.00,0.00
123,Flamingo South Beach,US,FL,Miami Beach,Miami Beach Polygon,2026-07-12,1,TUESDAY,118,1.5,3,0,0,8.0000000000000000,0.08333333333333333333,1,0.67,0.12,0.25,0.00,0.00
47,1 Boerum PL,US,NY,Brooklyn,Floating NY 2,2026-07-19,2,WEDNESDAY,39,3.5,1,0,1,8.0000000000000000,1.00000000000000000000,1,8.00,3.50,1.00,0.00,1.00
15,Silver Towers,US,NY,New York,Hell's Kitchen Polygon,2026-07-12,1,THURSDAY,60,1.5,0,1,0,8.0000000000000000,0.61538461538461538462,1,4.92,0.92,0.00,0.62,0.00
54,Nine 52,US,NY,New York,Hell's Kitchen Polygon,2026-07-19,2,TUESDAY,73,0.5,1,0,0,8.0000000000000000,0.58333333333333333333,1,4.67,0.29,0.58,0.00,0.00
140,Southgate Towers,US,FL,Miami Beach,Miami Beach Polygon,2026-07-19,2,THURSDAY,110,3.5,3,1,0,8.0000000000000000,0.71428571428571428571,1,5.71,2.50,2.14,0.71,0.00
9,The Enclave,US,NJ,Jersey City,Hoboken Polygon,2026-07-26,3,FRIDAY,65,3.0,1,0,1,8.0000000000000000,0.50000000000000000000,1,4.00,1.50,0.50,0.00,0.50
205,1 River Place,US,NY,New York,Hell's Kitchen Polygon,2026-07-26,3,TUESDAY,97,2.0,1,1,0,8.0000000000000000,0.08333333333333333333,1,0.67,0.17,0.08,0.08,0.00
104,Midtown 5,US,FL,Miami,,2026-07-12,1,WEDNESDAY,138,4.5,1,0,1,8.0000000000000000,0.14285714285714285714,1,1.14,0.64,0.14,0.00,0.14
104,Midtown 5,US,FL,Miami,,2026-07-12,1,THURSDAY,138,2.5,2,1,0,8.0000000000000000,0.54545454545454545455,1,4.36,1.36,1.09,0.55,0.00
17,River Place,US,NY,New York,Hell's Kitchen Polygon,2026-07-12,1,TUESDAY,97,2.0,4,0,0,8.0000000000000000,0.45454545454545454545,1,3.64,0.91,1.82,0.00,0.00
111,Brooklyn Crossing,US,NY,Brooklyn,Boerum Hill Polygon,2026-07-12,1,FRIDAY,100,2.5,0,0,1,8.0000000000000000,1.00000000000000000000,1,8.00,2.50,0.00,0.00,1.00
133,2000 Biscayne,US,FL,Miami,Edgewater Polygon,2026-07-05,4,TUESDAY,134,0.5,1,0,0,8.0000000000000000,0.33333333333333333333,1,2.67,0.17,0.33,0.00,0.00
15,Silver Towers,US,NY,New York,Hell's Kitchen Polygon,2026-07-12,1,THURSDAY,97,1.5,2,0,0,8.0000000000000000,0.45454545454545454545,1,3.64,0.68,0.91,0.00,0.00
142,One Harrison,US,NJ,Harrison,Harrison Polygon,2026-07-12,1,FRIDAY,15,2.5,4,0,0,8.0000000000000000,0.25000000000000000000,1,2.00,0.63,1.00,0.00,0.00
52,330 Angelo Cifelli,US,NJ,Harrison,Harrison Polygon,2026-07-26,3,MONDAY,15,2.0,0,1,0,8.0000000000000000,0.09090909090909090909,1,0.73,0.18,0.00,0.09,0.00
17,River Place,US,NY,New York,Hell's Kitchen Polygon,2026-07-12,1,THURSDAY,73,0.5,1,0,0,8.0000000000000000,0.41666666666666666667,1,3.33,0.21,0.42,0.00,0.00
119,535 W 43rd Street,US,NY,New York,Hell's Kitchen Polygon,2026-07-26,3,THURSDAY,60,3.0,1,0,1,8.0000000000000000,0.22222222222222222222,1,1.78,0.67,0.22,0.00,0.22
121,Flamingo Point Center Tower,US,FL,Miami Beach,Miami Beach Polygon,2026-07-26,3,THURSDAY,118,4.0,1,0,1,8.0000000000000000,1.00000000000000000000,1,8.00,4.00,1.00,0.00,1.00
134,Livana East Hanover,US,NJ,East Hanover,Chatham / West Orange Polygon,2026-07-26,3,WEDNESDAY,64,1.0,1,0,0,8.0000000000000000,0.42857142857142857143,1,3.43,0.43,0.43,0.00,0.00
17,River Place,US,NY,New York,Hell's Kitchen Polygon,2026-07-12,1,WEDNESDAY,97,0,0,0,0,8.0000000000000000,0.66666666666666666667,1,5.33,0.00,0.00,0.00,0.00
140,Southgate Towers,US,FL,Miami Beach,Miami Beach Polygon,2026-07-26,3,THURSDAY,110,4.5,3,1,0,8.0000000000000000,0.83333333333333333333,1,6.67,3.75,2.50,0.83,0.00
44,330W-56th,US,NY,New York,Hell's Kitchen Polygon,2026-07-19,2,TUESDAY,73,0.5,1,0,0,8.0000000000000000,0.33333333333333333333,1,2.67,0.17,0.33,0.00,0.00
115,Grove Central Residences,US,FL,Miami,Flow Brickell Polygon,2026-07-05,4,TUESDAY,92,1.0,1,0,0,8.0000000000000000,0.38461538461538461538,1,3.08,0.38,0.38,0.00,0.00
195,Flow Brickell,US,FL,Miami,Flow Brickell Polygon,2026-07-05,4,WEDNESDAY,92,5.5,0,1,1,8.0000000000000000,1.00000000000000000000,1,8.00,5.50,0.00,1.00,1.00
122,Flamingo Point North Tower,US,FL,Miami Beach,Miami Beach Polygon,2026-07-05,4,MONDAY,110,0,0,0,0,8.0000000000000000,0.46153846153846153846,1,3.69,0.00,0.00,0.00,0.00
47,1 Boerum PL,US,NY,Brooklyn,Floating NY 2,2026-07-19,2,THURSDAY,39,3.0,1,0,1,8.0000000000000000,1.00000000000000000000,1,8.00,3.00,1.00,0.00,1.00
15,Silver Towers,US,NY,New York,Hell's Kitchen Polygon,2026-07-19,2,TUESDAY,63,3.0,1,1,0,8.0000000000000000,0.22222222222222222222,1,1.78,0.67,0.22,0.22,0.00
205,1 River Place,US,NY,New York,Hell's Kitchen Polygon,2026-07-19,2,THURSDAY,63,2.5,3,0,0,8.0000000000000000,0.11111111111111111111,1,0.89,0.28,0.33,0.00,0.00
15,Silver Towers,US,NY,New York,Hell's Kitchen Polygon,2026-07-19,2,THURSDAY,60,0,0,0,0,8.0000000000000000,1.00000000000000000000,1,8.00,0.00,0.00,0.00,0.00
121,Flamingo Point Center Tower,US,FL,Miami Beach,Miami Beach Polygon,2026-07-05,4,FRIDAY,118,2.0,3,0,0,8.0000000000000000,0.45454545454545454545,1,3.64,0.91,1.36,0.00,0.00
68,655 Union,US,NY,Brooklyn,Boerum Hill Polygon,2026-07-26,3,FRIDAY,96,2.5,3,0,0,8.0000000000000000,0.36363636363636363636,1,2.91,0.91,1.09,0.00,0.00
121,Flamingo Point Center Tower,US,FL,Miami Beach,Miami Beach Polygon,2026-07-05,4,TUESDAY,110,1.0,2,0,0,8.0000000000000000,0.66666666666666666667,1,5.33,0.67,1.33,0.00,0.00
111,Brooklyn Crossing,US,NY,Brooklyn,Boerum Hill Polygon,2026-07-12,1,FRIDAY,96,4.5,2,0,1,8.0000000000000000,0.42857142857142857143,1,3.43,1.93,0.86,0.00,0.43
104,Midtown 5,US,FL,Miami,,2026-07-19,2,WEDNESDAY,138,1.5,0,1,0,8.0000000000000000,0.18181818181818181818,1,1.45,0.27,0.00,0.18,0.00
111,Brooklyn Crossing,US,NY,Brooklyn,Boerum Hill Polygon,2026-07-12,1,TUESDAY,39,5.0,1,0,1,8.0000000000000000,0.16666666666666666667,1,1.33,0.83,0.17,0.00,0.17
15,Silver Towers,US,NY,New York,Hell's Kitchen Polygon,2026-07-19,2,TUESDAY,60,3.5,1,0,1,8.0000000000000000,1.00000000000000000000,1,8.00,3.50,1.00,0.00,1.00
111,Brooklyn Crossing,US,NY,Brooklyn,Boerum Hill Polygon,2026-07-19,2,FRIDAY,100,6.0,0,0,1,8.0000000000000000,1.00000000000000000000,1,8.00,6.00,0.00,0.00,1.00
104,Midtown 5,US,FL,Miami,,2026-07-19,2,MONDAY,138,4.0,2,0,1,8.0000000000000000,1.00000000000000000000,1,8.00,4.00,2.00,0.00,1.00
61,Stonehill,US,NJ,West Orange,Chatham / West Orange Polygon,2026-07-12,1,WEDNESDAY,64,4.0,0,0,1,8.0000000000000000,1.00000000000000000000,1,8.00,4.00,0.00,0.00,1.00
121,Flamingo Point Center Tower,US,FL,Miami Beach,Miami Beach Polygon,2026-07-05,4,MONDAY,118,3.5,3,1,0,8.0000000000000000,1.00000000000000000000,1,8.00,3.50,3.00,1.00,0.00
121,Flamingo Point Center Tower,US,FL,Miami Beach,Miami Beach Polygon,2026-07-12,1,MONDAY,137,3.5,2,0,1,8.0000000000000000,0.75000000000000000000,1,6.00,2.63,1.50,0.00,0.75
53,The Eddy,US,NJ,Harrison,Harrison Polygon,2026-07-19,2,MONDAY,15,2.0,3,0,0,8.0000000000000000,0.66666666666666666667,1,5.33,1.33,2.00,0.00,0.00
119,535 W 43rd Street,US,NY,New York,Hell's Kitchen Polygon,2026-07-19,2,WEDNESDAY,73,0.5,1,0,0,8.0000000000000000,0.84615384615384615385,1,6.77,0.42,0.85,0.00,0.00
95,416 Kent Avenue,US,NY,Brooklyn,Williamsburg Polygon,2026-07-12,1,TUESDAY,90,5.0,0,0,1,8.0000000000000000,1.00000000000000000000,1,8.00,5.00,0.00,0.00,1.00
68,655 Union,US,NY,Brooklyn,Boerum Hill Polygon,2026-07-26,3,WEDNESDAY,96,2.5,1,1,0,8.0000000000000000,0.45454545454545454545,1,3.64,1.14,0.45,0.45,0.00
42,The Ivy,US,NJ,Chatham,Chatham / West Orange Polygon,2026-07-19,2,TUESDAY,64,0,0,0,0,8.0000000000000000,0.35714285714285714286,1,2.86,0.00,0.00,0.00,0.00
68,655 Union,US,NY,Brooklyn,Boerum Hill Polygon,2026-07-19,2,THURSDAY,96,2.5,1,1,0,8.0000000000000000,0.81818181818181818182,1,6.55,2.05,0.82,0.82,0.00
91,Alta,US,NY,Queens,Floating NY 1,2026-07-19,2,MONDAY,36,4.5,1,2,0,8.0000000000000000,1.00000000000000000000,1,8.00,4.50,1.00,2.00,0.00
15,Silver Towers,US,NY,New York,Hell's Kitchen Polygon,2026-07-05,4,MONDAY,60,1.0,2,0,0,8.0000000000000000,1.00000000000000000000,1,8.00,1.00,2.00,0.00,0.00
131,The Addison,US,NY,Brooklyn,Brooklyn Heights Polygon,2026-07-05,4,FRIDAY,39,5.0,0,0,1,8.0000000000000000,1.00000000000000000000,1,8.00,5.00,0.00,0.00,1.00
17,River Place,US,NY,New York,Hell's Kitchen Polygon,2026-07-12,1,FRIDAY,60,1.0,2,0,0,8.0000000000000000,0E-20,1,0.00,0.00,0.00,0.00,0.00
53,The Eddy,US,NJ,Harrison,Harrison Polygon,2026-07-05,4,FRIDAY,15,0.5,1,0,0,8.0000000000000000,0.35714285714285714286,1,2.86,0.18,0.36,0.00,0.00
8,One Ten,US,NJ,Jersey City,Hoboken Polygon,2026-07-26,3,WEDNESDAY,65,3.5,1,0,1,8.0000000000000000,0.11111111111111111111,1,0.89,0.39,0.11,0.00,0.11
15,Silver Towers,US,NY,New York,Hell's Kitchen Polygon,2026-07-12,1,MONDAY,97,2.5,4,0,0,8.0000000000000000,0.80000000000000000000,1,6.40,2.00,3.20,0.00,0.00
51,300 Somerset,US,NJ,Harrison,Harrison Polygon,2026-07-26,3,THURSDAY,15,2.5,1,1,0,8.0000000000000000,0.11111111111111111111,1,0.89,0.28,0.11,0.11,0.00
75,The Devan,US,NJ,Jersey City,Hoboken Polygon,2026-07-12,1,THURSDAY,65,1.5,0,1,0,8.0000000000000000,0.53846153846153846154,1,4.31,0.81,0.00,0.54,0.00
153,Watermarc at Biscayne Bay,US,FL,Miami,Edgewater Polygon,2026-07-19,2,WEDNESDAY,134,3.5,1,0,1,8.0000000000000000,1.00000000000000000000,1,8.00,3.50,1.00,0.00,1.00
76,Woodside Central,US,NY,Queens,Floating NY 1,2026-07-12,1,FRIDAY,36,2.5,2,1,0,8.0000000000000000,0.87500000000000000000,1,7.00,2.19,1.75,0.88,0.00
9,The Enclave,US,NJ,Jersey City,Hoboken Polygon,2026-07-05,4,WEDNESDAY,65,1.5,2,0,0,8.0000000000000000,0.36363636363636363636,1,2.91,0.55,0.73,0.00,0.00
276,1510 Bay Road,US,FL,Miami Beach,Miami Beach Polygon,2026-07-19,2,MONDAY,110,3.0,2,1,0,8.0000000000000000,0.50000000000000000000,1,4.00,1.50,1.00,0.50,0.00
75,The Devan,US,NJ,Jersey City,Hoboken Polygon,2026-07-19,2,MONDAY,139,3.0,1,1,0,8.0000000000000000,0.87500000000000000000,1,7.00,2.63,0.88,0.88,0.00
123,Flamingo South Beach,US,FL,Miami Beach,Miami Beach Polygon,2026-07-26,3,WEDNESDAY,137,4.5,0,1,1,8.0000000000000000,0.14285714285714285714,1,1.14,0.64,0.00,0.14,0.14
122,Flamingo Point North Tower,US,FL,Miami Beach,Miami Beach Polygon,2026-07-12,1,MONDAY,137,3.5,2,0,1,8.0000000000000000,0.25000000000000000000,1,2.00,0.88,0.50,0.00,0.25
75,The Devan,US,NJ,Jersey City,Hoboken Polygon,2026-07-05,4,WEDNESDAY,139,1.0,1,0,0,8.0000000000000000,0.53846153846153846154,1,4.31,0.54,0.54,0.00,0.00
121,Flamingo Point Center Tower,US,FL,Miami Beach,Miami Beach Polygon,2026-07-12,1,WEDNESDAY,110,2.5,0,0,1,8.0000000000000000,0.66666666666666666667,1,5.33,1.67,0.00,0.00,0.67
15,Silver Towers,US,NY,New York,Hell's Kitchen Polygon,2026-07-05,4,TUESDAY,97,0.5,1,0,0,8.0000000000000000,0.58333333333333333333,1,4.67,0.29,0.58,0.00,0.00
153,Watermarc at Biscayne Bay,US,FL,Miami,Edgewater Polygon,2026-07-12,1,MONDAY,134,1.0,1,0,0,8.0000000000000000,0.54545454545454545455,1,4.36,0.55,0.55,0.00,0.00
114,20 Broad Street,US,NY,New York,Financial District Polygon,2026-07-05,4,TUESDAY,45,2.5,2,1,0,8.0000000000000000,0.10000000000000000000,1,0.80,0.25,0.20,0.10,0.00
77,Oliver on the Hudson,US,NJ,Jersey City,Floating Jersey,2026-07-12,1,THURSDAY,139,1.5,0,1,0,8.0000000000000000,0.38461538461538461538,1,3.08,0.58,0.00,0.38,0.00
15,Silver Towers,US,NY,New York,Hell's Kitchen Polygon,2026-07-26,3,TUESDAY,60,4.5,0,0,1,8.0000000000000000,1.00000000000000000000,1,8.00,4.50,0.00,0.00,1.00
122,Flamingo Point North Tower,US,FL,Miami Beach,Miami Beach Polygon,2026-07-19,2,TUESDAY,137,3.0,0,2,0,8.0000000000000000,0.87500000000000000000,1,7.00,2.63,0.00,1.75,0.00
195,Flow Brickell,US,FL,Miami,Flow Brickell Polygon,2026-07-12,1,WEDNESDAY,92,2.0,2,0,0,8.0000000000000000,0.36363636363636363636,1,2.91,0.73,0.73,0.00,0.00
9,The Enclave,US,NJ,Jersey City,Hoboken Polygon,2026-07-26,3,TUESDAY,65,1.0,1,0,0,8.0000000000000000,0.58823529411764705882,1,4.71,0.59,0.59,0.00,0.00
205,1 River Place,US,NY,New York,Hell's Kitchen Polygon,2026-07-19,2,WEDNESDAY,97,0.5,1,0,0,8.0000000000000000,0.07692307692307692308,1,0.62,0.04,0.08,0.00,0.00
15,Silver Towers,US,NY,New York,Hell's Kitchen Polygon,2026-07-05,4,THURSDAY,60,0.5,1,0,0,8.0000000000000000,0.73333333333333333333,1,5.87,0.37,0.73,0.00,0.00
139,Bay Parc Apartments,US,FL,Miami,Edgewater Polygon,2026-07-19,2,WEDNESDAY,138,1.5,0,1,0,8.0000000000000000,0.81818181818181818182,1,6.55,1.23,0.00,0.82,0.00
17,River Place,US,NY,New York,Hell's Kitchen Polygon,2026-07-12,1,THURSDAY,97,1.5,2,0,0,8.0000000000000000,0.45454545454545454545,1,3.64,0.68,0.91,0.00,0.00
123,Flamingo South Beach,US,FL,Miami Beach,Miami Beach Polygon,2026-07-19,2,MONDAY,137,1.0,2,0,0,8.0000000000000000,0.07692307692307692308,1,0.62,0.08,0.15,0.00,0.00
117,The Landon,US,NY,New York,Hell's Kitchen Polygon,2026-07-12,1,FRIDAY,97,3.0,2,1,0,8.0000000000000000,0.50000000000000000000,1,4.00,1.50,1.00,0.50,0.00
123,Flamingo South Beach,US,FL,Miami Beach,Miami Beach Polygon,2026-07-12,1,WEDNESDAY,137,0.5,1,0,0,8.0000000000000000,0.06666666666666666667,1,0.53,0.03,0.07,0.00,0.00
133,2000 Biscayne,US,FL,Miami,Edgewater Polygon,2026-07-19,2,FRIDAY,134,2.5,1,1,0,8.0000000000000000,0.55555555555555555556,1,4.44,1.39,0.56,0.56,0.00
118,The Bergen,US,NY,Brooklyn,Boerum Hill Polygon,2026-07-19,2,TUESDAY,100,2.5,1,1,0,8.0000000000000000,0.44444444444444444444,1,3.56,1.11,0.44,0.44,0.00
63,Agnes,US,NJ,Jersey City,Floating Jersey,2026-07-26,3,MONDAY,139,3.0,1,1,0,8.0000000000000000,0.11111111111111111111,1,0.89,0.33,0.11,0.11,0.00
121,Flamingo Point Center Tower,US,FL,Miami Beach,Miami Beach Polygon,2026-07-26,3,FRIDAY,118,1.5,2,0,0,8.0000000000000000,0.33333333333333333333,1,2.67,0.50,0.67,0.00,0.00
123,Flamingo South Beach,US,FL,Miami Beach,Miami Beach Polygon,2026-07-26,3,WEDNESDAY,110,2.0,1,1,0,8.0000000000000000,0.09090909090909090909,1,0.73,0.18,0.09,0.09,0.00
75,The Devan,US,NJ,Jersey City,Hoboken Polygon,2026-07-26,3,WEDNESDAY,65,3.5,1,0,1,8.0000000000000000,0.88888888888888888889,1,7.11,3.11,0.89,0.00,0.89
121,Flamingo Point Center Tower,US,FL,Miami Beach,Miami Beach Polygon,2026-07-26,3,THURSDAY,137,3.0,1,1,0,8.0000000000000000,0.60000000000000000000,1,4.80,1.80,0.60,0.60,0.00
15,Silver Towers,US,NY,New York,Hell's Kitchen Polygon,2026-07-05,4,WEDNESDAY,73,0.5,1,0,0,8.0000000000000000,0.15384615384615384615,1,1.23,0.08,0.15,0.00,0.00
140,Southgate Towers,US,FL,Miami Beach,Miami Beach Polygon,2026-07-26,3,THURSDAY,137,3.0,1,1,0,8.0000000000000000,0.40000000000000000000,1,3.20,1.20,0.40,0.40,0.00
139,Bay Parc Apartments,US,FL,Miami,Edgewater Polygon,2026-07-05,4,TUESDAY,138,4.0,1,0,1,8.0000000000000000,0.87500000000000000000,1,7.00,3.50,0.88,0.00,0.88
9,The Enclave,US,NJ,Jersey City,Hoboken Polygon,2026-07-12,1,WEDNESDAY,65,0.5,1,0,0,8.0000000000000000,0.30769230769230769231,1,2.46,0.15,0.31,0.00,0.00
104,Midtown 5,US,FL,Miami,,2026-07-05,4,WEDNESDAY,138,1.5,2,0,0,8.0000000000000000,0.15384615384615384615,1,1.23,0.23,0.31,0.00,0.00
122,Flamingo Point North Tower,US,FL,Miami Beach,Miami Beach Polygon,2026-07-12,1,FRIDAY,137,2.0,3,0,0,8.0000000000000000,0.33333333333333333333,1,2.67,0.67,1.00,0.00,0.00
54,Nine 52,US,NY,New York,Hell's Kitchen Polygon,2026-07-26,3,WEDNESDAY,73,0,0,0,0,8.0000000000000000,0.18750000000000000000,1,1.50,0.00,0.00,0.00,0.00
53,The Eddy,US,NJ,Harrison,Harrison Polygon,2026-07-26,3,MONDAY,15,2.0,0,1,0,8.0000000000000000,0.09090909090909090909,1,0.73,0.18,0.00,0.09,0.00
15,Silver Towers,US,NY,New York,Hell's Kitchen Polygon,2026-07-26,3,MONDAY,60,3.0,2,1,0,8.0000000000000000,1.00000000000000000000,1,8.00,3.00,2.00,1.00,0.00
77,Oliver on the Hudson,US,NJ,Jersey City,Floating Jersey,2026-07-12,1,WEDNESDAY,139,2.0,0,1,0,8.0000000000000000,0.35714285714285714286,1,2.86,0.71,0.00,0.36,0.00
139,Bay Parc Apartments,US,FL,Miami,Edgewater Polygon,2026-07-19,2,FRIDAY,134,2.5,1,1,0,8.0000000000000000,0.44444444444444444444,1,3.56,1.11,0.44,0.44,0.00
139,Bay Parc Apartments,US,FL,Miami,Edgewater Polygon,2026-07-26,3,WEDNESDAY,138,2.5,1,1,0,8.0000000000000000,0.45454545454545454545,1,3.64,1.14,0.45,0.45,0.00
142,One Harrison,US,NJ,Harrison,Harrison Polygon,2026-07-26,3,TUESDAY,15,3.5,1,0,1,8.0000000000000000,1.00000000000000000000,1,8.00,3.50,1.00,0.00,1.00
17,River Place,US,NY,New York,Hell's Kitchen Polygon,2026-07-26,3,TUESDAY,63,1.5,0,1,0,8.0000000000000000,0.53846153846153846154,1,4.31,0.81,0.00,0.54,0.00
47,1 Boerum PL,US,NY,Brooklyn,Floating NY 2,2026-07-12,1,WEDNESDAY,39,3.0,1,1,0,8.0000000000000000,1.00000000000000000000,1,8.00,3.00,1.00,1.00,0.00
15,Silver Towers,US,NY,New York,Hell's Kitchen Polygon,2026-07-26,3,WEDNESDAY,60,4.0,1,0,1,8.0000000000000000,0.14285714285714285714,1,1.14,0.57,0.14,0.00,0.14
122,Flamingo Point North Tower,US,FL,Miami Beach,Miami Beach Polygon,2026-07-19,2,WEDNESDAY,110,5.0,0,0,1,8.0000000000000000,1.00000000000000000000,1,8.00,5.00,0.00,0.00,1.00
15,Silver Towers,US,NY,New York,Hell's Kitchen Polygon,2026-07-26,3,MONDAY,73,4.0,3,0,1,8.0000000000000000,0.71428571428571428571,1,5.71,2.86,2.14,0.00,0.71
9,The Enclave,US,NJ,Jersey City,Hoboken Polygon,2026-07-19,2,THURSDAY,65,0,0,0,0,8.0000000000000000,0.14285714285714285714,1,1.14,0.00,0.00,0.00,0.00
121,Flamingo Point Center Tower,US,FL,Miami Beach,Miami Beach Polygon,2026-07-26,3,FRIDAY,137,1.0,2,0,0,8.0000000000000000,0.31578947368421052632,1,2.53,0.32,0.63,0.00,0.00
207,561 10th Avenue,US,NY,New York,Hell's Kitchen Polygon,2026-07-19,2,FRIDAY,73,1.0,2,0,0,8.0000000000000000,0.21428571428571428571,1,1.71,0.21,0.43,0.00,0.00
75,The Devan,US,NJ,Jersey City,Hoboken Polygon,2026-07-26,3,THURSDAY,139,3.0,1,0,1,8.0000000000000000,0E-20,1,0.00,0.00,0.00,0.00,0.00
123,Flamingo South Beach,US,FL,Miami Beach,Miami Beach Polygon,2026-07-05,4,WEDNESDAY,118,1.0,2,0,0,8.0000000000000000,0.15384615384615384615,1,1.23,0.15,0.31,0.00,0.00
9,The Enclave,US,NJ,Jersey City,Hoboken Polygon,2026-07-05,4,TUESDAY,65,0,0,0,0,8.0000000000000000,0.38461538461538461538,1,3.08,0.00,0.00,0.00,0.00
93,Union Channel ,US,NY,Brooklyn,Boerum Hill Polygon,2026-07-26,3,TUESDAY,96,6.0,1,0,1,8.0000000000000000,1.00000000000000000000,1,8.00,6.00,1.00,0.00,1.00
114,20 Broad Street,US,NY,New York,Financial District Polygon,2026-07-05,4,MONDAY,45,5.5,1,0,1,8.0000000000000000,1.00000000000000000000,1,8.00,5.50,1.00,0.00,1.00
111,Brooklyn Crossing,US,NY,Brooklyn,Boerum Hill Polygon,2026-07-12,1,MONDAY,100,3.5,1,0,1,8.0000000000000000,1.00000000000000000000,1,8.00,3.50,1.00,0.00,1.00
121,Flamingo Point Center Tower,US,FL,Miami Beach,Miami Beach Polygon,2026-07-26,3,TUESDAY,118,4.5,0,0,1,8.0000000000000000,1.00000000000000000000,1,8.00,4.50,0.00,0.00,1.00
91,Alta,US,NY,Queens,Floating NY 1,2026-07-26,3,TUESDAY,36,4.0,1,0,1,9.0000000000000000,0.55555555555555555556,1,5.00,2.22,0.56,0.00,0.56
9,The Enclave,US,NJ,Jersey City,Hoboken Polygon,2026-07-12,1,MONDAY,139,1.0,1,0,0,8.0000000000000000,0.22222222222222222222,1,1.78,0.22,0.22,0.00,0.00
41,John Street 116,US,NY,New York,Financial District Polygon,2026-07-19,2,THURSDAY,45,4.5,1,0,1,8.0000000000000000,1.00000000000000000000,1,8.00,4.50,1.00,0.00,1.00
8,One Ten,US,NJ,Jersey City,Hoboken Polygon,2026-07-05,4,FRIDAY,139,3.0,1,1,0,8.0000000000000000,0.14285714285714285714,1,1.14,0.43,0.14,0.14,0.00
77,Oliver on the Hudson,US,NJ,Jersey City,Floating Jersey,2026-07-26,3,FRIDAY,139,5.0,0,0,1,8.0000000000000000,0.83333333333333333333,1,6.67,4.17,0.00,0.00,0.83
139,Bay Parc Apartments,US,FL,Miami,Edgewater Polygon,2026-07-12,1,THURSDAY,134,2.5,0,0,1,8.0000000000000000,0.55555555555555555556,1,4.44,1.39,0.00,0.00,0.56
51,300 Somerset,US,NJ,Harrison,Harrison Polygon,2026-07-05,4,FRIDAY,15,0.5,1,0,0,8.0000000000000000,0.07142857142857142857,1,0.57,0.04,0.07,0.00,0.00
114,20 Broad Street,US,NY,New York,Financial District Polygon,2026-07-05,4,WEDNESDAY,45,1.5,2,0,0,8.0000000000000000,1.00000000000000000000,1,8.00,1.50,2.00,0.00,0.00
17,River Place,US,NY,New York,Hell's Kitchen Polygon,2026-07-26,3,THURSDAY,97,4.0,0,0,1,8.0000000000000000,0E-20,1,0.00,0.00,0.00,0.00,0.00
15,Silver Towers,US,NY,New York,Hell's Kitchen Polygon,2026-07-12,1,FRIDAY,60,1.0,2,0,0,8.0000000000000000,1.00000000000000000000,1,8.00,1.00,2.00,0.00,0.00
17,River Place,US,NY,New York,Hell's Kitchen Polygon,2026-07-26,3,TUESDAY,97,2.0,1,1,0,8.0000000000000000,0.08333333333333333333,1,0.67,0.17,0.08,0.08,0.00
63,Agnes,US,NJ,Jersey City,Floating Jersey,2026-07-19,2,FRIDAY,139,0.5,1,0,0,8.0000000000000000,0.07142857142857142857,1,0.57,0.04,0.07,0.00,0.00
68,655 Union,US,NY,Brooklyn,Boerum Hill Polygon,2026-07-26,3,THURSDAY,96,5.5,0,0,1,8.0000000000000000,1.00000000000000000000,1,8.00,5.50,0.00,0.00,1.00
47,1 Boerum PL,US,NY,Brooklyn,Floating NY 2,2026-07-26,3,WEDNESDAY,39,3.0,1,1,0,8.0000000000000000,1.00000000000000000000,1,8.00,3.00,1.00,1.00,0.00
153,Watermarc at Biscayne Bay,US,FL,Miami,Edgewater Polygon,2026-07-05,4,WEDNESDAY,134,0,0,0,0,8.0000000000000000,0.30769230769230769231,1,2.46,0.00,0.00,0.00,0.00
121,Flamingo Point Center Tower,US,FL,Miami Beach,Miami Beach Polygon,2026-07-19,2,THURSDAY,110,3.5,3,1,0,8.0000000000000000,0.14285714285714285714,1,1.14,0.50,0.43,0.14,0.00
121,Flamingo Point Center Tower,US,FL,Miami Beach,Miami Beach Polygon,2026-07-26,3,THURSDAY,110,4.5,3,1,0,8.0000000000000000,0.16666666666666666667,1,1.33,0.75,0.50,0.17,0.00
111,Brooklyn Crossing,US,NY,Brooklyn,Boerum Hill Polygon,2026-07-05,4,FRIDAY,96,5.5,0,1,1,8.0000000000000000,1.00000000000000000000,1,8.00,5.50,0.00,1.00,1.00
114,20 Broad Street,US,NY,New York,Financial District Polygon,2026-07-12,1,TUESDAY,45,3.5,2,1,0,8.0000000000000000,0.42857142857142857143,1,3.43,1.50,0.86,0.43,0.00
6,100 House,US,NJ,Jersey City,Hoboken Polygon,2026-07-12,1,THURSDAY,65,1.5,0,1,0,8.0000000000000000,0.46153846153846153846,1,3.69,0.69,0.00,0.46,0.00
139,Bay Parc Apartments,US,FL,Miami,Edgewater Polygon,2026-07-05,4,THURSDAY,134,4.5,1,0,1,8.0000000000000000,1.00000000000000000000,1,8.00,4.50,1.00,0.00,1.00
41,John Street 116,US,NY,New York,Financial District Polygon,2026-07-26,3,WEDNESDAY,45,6.0,0,0,1,8.0000000000000000,1.00000000000000000000,1,8.00,6.00,0.00,0.00,1.00
17,River Place,US,NY,New York,Hell's Kitchen Polygon,2026-07-05,4,MONDAY,63,3.0,4,0,0,8.0000000000000000,0.37500000000000000000,1,3.00,1.13,1.50,0.00,0.00
133,2000 Biscayne,US,FL,Miami,Edgewater Polygon,2026-07-12,1,MONDAY,134,1.0,1,0,0,8.0000000000000000,0.09090909090909090909,1,0.73,0.09,0.09,0.00,0.00
93,Union Channel ,US,NY,Brooklyn,Boerum Hill Polygon,2026-07-19,2,THURSDAY,96,2.5,1,1,0,8.0000000000000000,0.18181818181818181818,1,1.45,0.45,0.18,0.18,0.00
139,Bay Parc Apartments,US,FL,Miami,Edgewater Polygon,2026-07-05,4,FRIDAY,134,0.5,1,0,0,8.0000000000000000,1.00000000000000000000,1,8.00,0.50,1.00,0.00,0.00
17,River Place,US,NY,New York,Hell's Kitchen Polygon,2026-07-05,4,TUESDAY,63,2.0,1,1,0,8.0000000000000000,0.81818181818181818182,1,6.55,1.64,0.82,0.82,0.00
17,River Place,US,NY,New York,Hell's Kitchen Polygon,2026-07-05,4,FRIDAY,63,0,0,0,0,8.0000000000000000,0.78571428571428571429,1,6.29,0.00,0.00,0.00,0.00
15,Silver Towers,US,NY,New York,Hell's Kitchen Polygon,2026-07-26,3,MONDAY,97,1.0,2,0,0,8.0000000000000000,0.57142857142857142857,1,4.57,0.57,1.14,0.00,0.00
41,John Street 116,US,NY,New York,Financial District Polygon,2026-07-05,4,TUESDAY,45,2.5,2,1,0,8.0000000000000000,0.90000000000000000000,1,7.20,2.25,1.80,0.90,0.00
17,River Place,US,NY,New York,Hell's Kitchen Polygon,2026-07-19,2,WEDNESDAY,63,2.0,0,1,0,8.0000000000000000,0.45454545454545454545,1,3.64,0.91,0.00,0.45,0.00
17,River Place,US,NY,New York,Hell's Kitchen Polygon,2026-07-19,2,THURSDAY,63,2.5,3,0,0,8.0000000000000000,0.77777777777777777778,1,6.22,1.94,2.33,0.00,0.00
121,Flamingo Point Center Tower,US,FL,Miami Beach,Miami Beach Polygon,2026-07-19,2,MONDAY,110,3.0,2,1,0,8.0000000000000000,0.30000000000000000000,1,2.40,0.90,0.60,0.30,0.00
52,330 Angelo Cifelli,US,NJ,Harrison,Harrison Polygon,2026-07-05,4,TUESDAY,15,4.0,1,2,0,8.0000000000000000,0.66666666666666666667,1,5.33,2.67,0.67,1.33,0.00
133,2000 Biscayne,US,FL,Miami,Edgewater Polygon,2026-07-05,4,THURSDAY,138,0.5,1,0,0,8.0000000000000000,0.40000000000000000000,1,3.20,0.20,0.40,0.00,0.00
77,Oliver on the Hudson,US,NJ,Jersey City,Floating Jersey,2026-07-05,4,TUESDAY,139,4.5,1,0,1,8.0000000000000000,0.16666666666666666667,1,1.33,0.75,0.17,0.00,0.17
15,Silver Towers,US,NY,New York,Hell's Kitchen Polygon,2026-07-26,3,WEDNESDAY,73,0,0,0,0,8.0000000000000000,0.56250000000000000000,1,4.50,0.00,0.00,0.00,0.00
92,The Buchanan,US,NY,New York,Floating NY 1,2026-07-19,2,WEDNESDAY,36,1.5,2,0,0,8.0000000000000000,0.36363636363636363636,1,2.91,0.55,0.73,0.00,0.00
68,655 Union,US,NY,Brooklyn,Boerum Hill Polygon,2026-07-12,1,THURSDAY,96,5.5,0,0,2,8.0000000000000000,1.00000000000000000000,1,8.00,5.50,0.00,0.00,2.00
6,100 House,US,NJ,Jersey City,Hoboken Polygon,2026-07-05,4,TUESDAY,65,0,0,0,0,8.0000000000000000,0.46153846153846153846,1,3.69,0.00,0.00,0.00,0.00
122,Flamingo Point North Tower,US,FL,Miami Beach,Miami Beach Polygon,2026-07-12,1,WEDNESDAY,118,2.0,3,0,0,8.0000000000000000,0.44444444444444444444,1,3.56,0.89,1.33,0.00,0.00
123,Flamingo South Beach,US,FL,Miami Beach,Miami Beach Polygon,2026-07-05,4,FRIDAY,118,2.0,3,0,0,8.0000000000000000,0.09090909090909090909,1,0.73,0.18,0.27,0.00,0.00
131,The Addison,US,NY,Brooklyn,Brooklyn Heights Polygon,2026-07-26,3,TUESDAY,77,7.0,0,0,2,8.0000000000000000,1.00000000000000000000,1,8.00,7.00,0.00,0.00,2.00
114,20 Broad Street,US,NY,New York,Financial District Polygon,2026-07-19,2,WEDNESDAY,45,5.5,0,1,1,8.0000000000000000,1.00000000000000000000,1,8.00,5.50,0.00,1.00,1.00
104,Midtown 5,US,FL,Miami,,2026-07-05,4,TUESDAY,138,4.0,1,0,1,8.0000000000000000,0.12500000000000000000,1,1.00,0.50,0.13,0.00,0.13
75,The Devan,US,NJ,Jersey City,Hoboken Polygon,2026-07-12,1,WEDNESDAY,139,2.0,0,1,0,8.0000000000000000,0.64285714285714285714,1,5.14,1.29,0.00,0.64,0.00
118,The Bergen,US,NY,Brooklyn,Boerum Hill Polygon,2026-07-12,1,TUESDAY,100,4.5,2,0,1,8.0000000000000000,1.00000000000000000000,1,8.00,4.50,2.00,0.00,1.00
98,345 Baldwin Avenue,US,NJ,Jersey City,Floating Jersey,2026-07-12,1,THURSDAY,139,1.5,0,1,0,8.0000000000000000,0.53846153846153846154,1,4.31,0.81,0.00,0.54,0.00
121,Flamingo Point Center Tower,US,FL,Miami Beach,Miami Beach Polygon,2026-07-26,3,MONDAY,137,5.5,1,0,1,8.0000000000000000,1.00000000000000000000,1,8.00,5.50,1.00,0.00,1.00
77,Oliver on the Hudson,US,NJ,Jersey City,Floating Jersey,2026-07-05,4,WEDNESDAY,139,1.0,1,0,0,8.0000000000000000,0.46153846153846153846,1,3.69,0.46,0.46,0.00,0.00
17,River Place,US,NY,New York,Hell's Kitchen Polygon,2026-07-12,1,MONDAY,73,4.5,4,1,0,8.0000000000000000,0.14285714285714285714,1,1.14,0.64,0.57,0.14,0.00
15,Silver Towers,US,NY,New York,Hell's Kitchen Polygon,2026-07-05,4,TUESDAY,60,0,0,0,0,8.0000000000000000,0.93333333333333333333,1,7.47,0.00,0.00,0.00,0.00
53,The Eddy,US,NJ,Harrison,Harrison Polygon,2026-07-26,3,THURSDAY,15,2.5,1,1,0,8.0000000000000000,0.88888888888888888889,1,7.11,2.22,0.89,0.89,0.00
15,Silver Towers,US,NY,New York,Hell's Kitchen Polygon,2026-07-26,3,THURSDAY,73,1.5,2,0,0,8.0000000000000000,0.69230769230769230769,1,5.54,1.04,1.38,0.00,0.00
75,The Devan,US,NJ,Jersey City,Hoboken Polygon,2026-07-19,2,FRIDAY,65,1.0,1,0,0,8.0000000000000000,0.50000000000000000000,1,4.00,0.50,0.50,0.00,0.00
121,Flamingo Point Center Tower,US,FL,Miami Beach,Miami Beach Polygon,2026-07-05,4,FRIDAY,110,1.0,2,0,0,8.0000000000000000,0.50000000000000000000,1,4.00,0.50,1.00,0.00,0.00
15,Silver Towers,US,NY,New York,Hell's Kitchen Polygon,2026-07-19,2,WEDNESDAY,60,0.5,1,0,0,8.0000000000000000,0.46153846153846153846,1,3.69,0.23,0.46,0.00,0.00
63,Agnes,US,NJ,Jersey City,Floating Jersey,2026-07-05,4,TUESDAY,139,4.5,1,0,1,8.0000000000000000,0.66666666666666666667,1,5.33,3.00,0.67,0.00,0.67
114,20 Broad Street,US,NY,New York,Financial District Polygon,2026-07-19,2,FRIDAY,45,5.0,1,1,1,8.0000000000000000,1.00000000000000000000,1,8.00,5.00,1.00,1.00,1.00
111,Brooklyn Crossing,US,NY,Brooklyn,Boerum Hill Polygon,2026-07-26,3,WEDNESDAY,100,5.5,0,0,1,8.0000000000000000,1.00000000000000000000,1,8.00,5.50,0.00,0.00,1.00
8,One Ten,US,NJ,Jersey City,Hoboken Polygon,2026-07-26,3,FRIDAY,65,3.0,1,0,1,8.0000000000000000,0.40000000000000000000,1,3.20,1.20,0.40,0.00,0.40
6,100 House,US,NJ,Jersey City,Hoboken Polygon,2026-07-19,2,FRIDAY,65,1.0,1,0,0,8.0000000000000000,0.50000000000000000000,1,4.00,0.50,0.50,0.00,0.00
121,Flamingo Point Center Tower,US,FL,Miami Beach,Miami Beach Polygon,2026-07-26,3,TUESDAY,110,2.5,1,1,0,8.0000000000000000,0.81818181818181818182,1,6.55,2.05,0.82,0.82,0.00
118,The Bergen,US,NY,Brooklyn,Boerum Hill Polygon,2026-07-26,3,TUESDAY,100,5.5,1,0,1,8.0000000000000000,1.00000000000000000000,1,8.00,5.50,1.00,0.00,1.00
115,Grove Central Residences,US,FL,Miami,Flow Brickell Polygon,2026-07-05,4,MONDAY,92,0.5,1,0,0,8.0000000000000000,0.35714285714285714286,1,2.86,0.18,0.36,0.00,0.00
15,Silver Towers,US,NY,New York,Hell's Kitchen Polygon,2026-07-12,1,TUESDAY,60,3.5,2,0,1,8.0000000000000000,1.00000000000000000000,1,8.00,3.50,2.00,0.00,1.00
111,Brooklyn Crossing,US,NY,Brooklyn,Boerum Hill Polygon,2026-07-26,3,MONDAY,100,6.0,1,0,1,8.0000000000000000,1.00000000000000000000,1,8.00,6.00,1.00,0.00,1.00
117,The Landon,US,NY,New York,Hell's Kitchen Polygon,2026-07-26,3,TUESDAY,63,1.5,0,1,0,8.0000000000000000,0.30769230769230769231,1,2.46,0.46,0.00,0.31,0.00
42,The Ivy,US,NJ,Chatham,Chatham / West Orange Polygon,2026-07-12,1,MONDAY,64,5.0,1,0,1,8.0000000000000000,1.00000000000000000000,1,8.00,5.00,1.00,0.00,1.00
117,The Landon,US,NY,New York,Hell's Kitchen Polygon,2026-07-19,2,THURSDAY,73,1.0,2,0,0,8.0000000000000000,0.25000000000000000000,1,2.00,0.25,0.50,0.00,0.00
15,Silver Towers,US,NY,New York,Hell's Kitchen Polygon,2026-07-05,4,MONDAY,63,3.0,4,0,0,8.0000000000000000,0.62500000000000000000,1,5.00,1.88,2.50,0.00,0.00
15,Silver Towers,US,NY,New York,Hell's Kitchen Polygon,2026-07-05,4,MONDAY,97,3.0,1,0,1,8.0000000000000000,1.00000000000000000000,1,8.00,3.00,1.00,0.00,1.00
204,1717 North Bayshore Drive,US,FL,Miami,Edgewater Polygon,2026-07-19,2,TUESDAY,138,0.5,1,0,0,8.0000000000000000,0E-20,1,0.00,0.00,0.00,0.00,0.00
54,Nine 52,US,NY,New York,Hell's Kitchen Polygon,2026-07-05,4,WEDNESDAY,97,0,0,0,0,8.0000000000000000,0E-20,1,0.00,0.00,0.00,0.00,0.00
140,Southgate Towers,US,FL,Miami Beach,Miami Beach Polygon,2026-07-12,1,FRIDAY,110,0,0,0,0,8.0000000000000000,0E-20,1,0.00,0.00,0.00,0.00,0.00
180,1800 Biscayne Plaza,US,FL,Miami,Edgewater Polygon,2026-07-26,3,WEDNESDAY,134,1.5,0,1,0,8.0000000000000000,0E-20,1,0.00,0.00,0.00,0.00,0.00
249,605 West 42nd Street,US,NY,New York,Hell's Kitchen Polygon,2026-07-19,2,MONDAY,63,1.0,1,0,0,8.0000000000000000,0E-20,1,0.00,0.00,0.00,0.00,0.00
214,1 Boerum Place,US,NY,Brooklyn,Brooklyn Heights Polygon,2026-07-05,4,FRIDAY,39,5.0,0,0,1,8.0000000000000000,0E-20,1,0.00,0.00,0.00,0.00,0.00
199,1800 Club,US,FL,Miami,Edgewater Polygon,2026-07-26,3,FRIDAY,138,6.0,1,0,1,8.0000000000000000,0E-20,1,0.00,0.00,0.00,0.00,0.00
212,39 New York Ave,US,NJ,Jersey City,Hoboken Polygon,2026-07-26,3,MONDAY,65,1.0,2,0,0,8.0000000000000000,0E-20,1,0.00,0.00,0.00,0.00,0.00
115,Grove Central Residences,US,FL,Miami,Flow Brickell Polygon,2026-07-26,3,FRIDAY,92,5.0,1,0,1,8.0000000000000000,0E-20,1,0.00,0.00,0.00,0.00,0.00
220,Bay Parc,US,FL,Miami,Edgewater Polygon,2026-07-19,2,WEDNESDAY,134,3.5,1,0,1,8.0000000000000000,0E-20,1,0.00,0.00,0.00,0.00,0.00
260,Cocoa Exchange,US,NY,New York,Financial District Polygon,2026-07-12,1,FRIDAY,45,4.0,3,1,0,8.0000000000000000,0E-20,1,0.00,0.00,0.00,0.00,0.00
8,One Ten,US,NJ,Jersey City,Hoboken Polygon,2026-07-26,3,THURSDAY,139,3.0,1,0,1,8.0000000000000000,0E-20,1,0.00,0.00,0.00,0.00,0.00
52,330 Angelo Cifelli,US,NJ,Harrison,Harrison Polygon,2026-07-12,1,THURSDAY,15,2.5,3,0,0,8.0000000000000000,0E-20,1,0.00,0.00,0.00,0.00,0.00
120,66 Rockwell Place,US,NY,Brooklyn,Brooklyn Heights Polygon,2026-07-12,1,FRIDAY,39,8.0,0,0,1,8.0000000000000000,0,1,0.00,0.00,0.00,0.00,0.00
126,The Landing,US,NY,Brooklyn,Brooklyn Heights Polygon,2026-07-05,4,MONDAY,77,2.0,3,0,0,8.0000000000000000,0E-20,1,0.00,0.00,0.00,0.00,0.00
125,The Vitagraph,US,NY,Brooklyn,Floating NY 2,2026-07-19,2,TUESDAY,39,3.0,2,1,0,8.0000000000000000,0E-20,1,0.00,0.00,0.00,0.00,0.00
213,1330 West Avenue,US,FL,Miami Beach,Miami Beach Polygon,2026-07-05,4,MONDAY,137,2.5,4,0,0,8.0000000000000000,0E-20,1,0.00,0.00,0.00,0.00,0.00
207,561 10th Avenue,US,NY,New York,Hell's Kitchen Polygon,2026-07-19,2,TUESDAY,60,3.5,1,0,1,8.0000000000000000,0E-20,1,0.00,0.00,0.00,0.00,0.00
119,535 W 43rd Street,US,NY,New York,Hell's Kitchen Polygon,2026-07-19,2,FRIDAY,97,4.5,1,0,1,8.0000000000000000,0E-20,1,0.00,0.00,0.00,0.00,0.00
230,378 Bergen Street,US,NY,Brooklyn,Boerum Hill Polygon,2026-07-12,1,WEDNESDAY,100,5.5,0,0,1,8.0000000000000000,0E-20,1,0.00,0.00,0.00,0.00,0.00
215,Elysee Miami,US,FL,Miami,Edgewater Polygon,2026-07-26,3,WEDNESDAY,138,2.5,1,1,0,8.0000000000000000,0E-20,1,0.00,0.00,0.00,0.00,0.00
6,100 House,US,NJ,Jersey City,Hoboken Polygon,2026-07-26,3,TUESDAY,65,1.0,1,0,0,8.0000000000000000,0E-20,1,0.00,0.00,0.00,0.00,0.00
44,330W-56th,US,NY,New York,Hell's Kitchen Polygon,2026-07-26,3,MONDAY,63,2.5,3,0,0,8.0000000000000000,0E-20,1,0.00,0.00,0.00,0.00,0.00
129,544 Carroll,US,NY,Brooklyn,Boerum Hill Polygon,2026-07-19,2,MONDAY,96,7.0,1,0,1,8.0000000000000000,0E-20,1,0.00,0.00,0.00,0.00,0.00
194,The Atelier Condo NYC,US,NY,New York,Hell's Kitchen Polygon,2026-07-19,2,MONDAY,63,1.0,1,0,0,8.0000000000000000,0E-20,1,0.00,0.00,0.00,0.00,0.00
269,20 Exchange Place,US,NY,New York,Financial District Polygon,2026-07-26,3,THURSDAY,39,6.5,0,0,1,8.0000000000000000,0E-20,1,0.00,0.00,0.00,0.00,0.00
112,Plank Road,US,NY,Brooklyn,Boerum Hill Polygon,2026-07-26,3,MONDAY,39,4.5,0,1,1,8.0000000000000000,0E-20,1,0.00,0.00,0.00,0.00,0.00
52,330 Angelo Cifelli,US,NJ,Harrison,Harrison Polygon,2026-07-05,4,WEDNESDAY,15,2.0,1,1,0,8.0000000000000000,0E-20,1,0.00,0.00,0.00,0.00,0.00
169,Aria on the Bay Condominium Association  INC,US,FL,Miami,Edgewater Polygon,2026-07-26,3,TUESDAY,138,7.5,0,0,2,8.0000000000000000,0E-16,1,0.00,0.00,0.00,0.00,0.00
92,The Buchanan,US,NY,New York,Floating NY 1,2026-07-26,3,FRIDAY,36,3.0,2,1,0,8.0000000000000000,0E-20,1,0.00,0.00,0.00,0.00,0.00
44,330W-56th,US,NY,New York,Hell's Kitchen Polygon,2026-07-12,1,TUESDAY,60,3.5,2,0,1,8.0000000000000000,0E-20,1,0.00,0.00,0.00,0.00,0.00
119,535 W 43rd Street,US,NY,New York,Hell's Kitchen Polygon,2026-07-26,3,THURSDAY,63,3.0,4,0,0,8.0000000000000000,0E-20,1,0.00,0.00,0.00,0.00,0.00
54,Nine 52,US,NY,New York,Hell's Kitchen Polygon,2026-07-12,1,THURSDAY,97,1.5,2,0,0,8.0000000000000000,0E-20,1,0.00,0.00,0.00,0.00,0.00
53,The Eddy,US,NJ,Harrison,Harrison Polygon,2026-07-26,3,FRIDAY,15,5.5,1,1,1,8.0000000000000000,0E-20,1,0.00,0.00,0.00,0.00,0.00
249,605 West 42nd Street,US,NY,New York,Hell's Kitchen Polygon,2026-07-05,4,MONDAY,73,1.5,2,0,0,8.0000000000000000,0E-20,1,0.00,0.00,0.00,0.00,0.00
194,The Atelier Condo NYC,US,NY,New York,Hell's Kitchen Polygon,2026-07-05,4,MONDAY,73,1.5,2,0,0,8.0000000000000000,0E-20,1,0.00,0.00,0.00,0.00,0.00
131,The Addison,US,NY,Brooklyn,Brooklyn Heights Polygon,2026-07-26,3,TUESDAY,39,7.0,0,1,1,8.0000000000000000,0E-20,1,0.00,0.00,0.00,0.00,0.00
198,Quantum on the Bay,US,FL,Miami,Edgewater Polygon,2026-07-26,3,FRIDAY,134,1.0,1,0,0,8.0000000000000000,0E-20,1,0.00,0.00,0.00,0.00,0.00
276,1510 Bay Road,US,FL,Miami Beach,Miami Beach Polygon,2026-07-26,3,MONDAY,137,5.5,1,0,1,8.0000000000000000,0E-20,1,0.00,0.00,0.00,0.00,0.00
230,378 Bergen Street,US,NY,Brooklyn,Boerum Hill Polygon,2026-07-05,4,THURSDAY,100,5.0,0,0,1,8.0000000000000000,0E-20,1,0.00,0.00,0.00,0.00,0.00
118,The Bergen,US,NY,Brooklyn,Boerum Hill Polygon,2026-07-05,4,MONDAY,96,7.0,0,1,1,8.0000000000000000,0,1,0.00,0.00,0.00,0.00,0.00
230,378 Bergen Street,US,NY,Brooklyn,Boerum Hill Polygon,2026-07-26,3,FRIDAY,39,4.5,1,0,1,8.0000000000000000,0E-20,1,0.00,0.00,0.00,0.00,0.00
221,Mirador 1000,US,FL,Miami Beach,Miami Beach Polygon,2026-07-19,2,MONDAY,137,1.0,2,0,0,8.0000000000000000,0E-20,1,0.00,0.00,0.00,0.00,0.00
126,The Landing,US,NY,Brooklyn,Brooklyn Heights Polygon,2026-07-26,3,THURSDAY,39,6.5,0,0,1,8.0000000000000000,0E-20,1,0.00,0.00,0.00,0.00,0.00
149,Opera Tower,US,FL,Miami,Edgewater Polygon,2026-07-12,1,TUESDAY,134,2.5,0,0,1,8.0000000000000000,0E-20,1,0.00,0.00,0.00,0.00,0.00
205,1 River Place,US,NY,New York,Hell's Kitchen Polygon,2026-07-19,2,TUESDAY,73,0.5,1,0,0,8.0000000000000000,0E-20,1,0.00,0.00,0.00,0.00,0.00
204,1717 North Bayshore Drive,US,FL,Miami,Edgewater Polygon,2026-07-26,3,WEDNESDAY,134,1.5,0,1,0,8.0000000000000000,0E-20,1,0.00,0.00,0.00,0.00,0.00
180,1800 Biscayne Plaza,US,FL,Miami,Edgewater Polygon,2026-07-19,2,TUESDAY,138,0.5,1,0,0,8.0000000000000000,0E-20,1,0.00,0.00,0.00,0.00,0.00
54,Nine 52,US,NY,New York,Hell's Kitchen Polygon,2026-07-05,4,TUESDAY,60,0,0,0,0,8.0000000000000000,0E-20,1,0.00,0.00,0.00,0.00,0.00
44,330W-56th,US,NY,New York,Hell's Kitchen Polygon,2026-07-05,4,THURSDAY,97,1.0,2,0,0,8.0000000000000000,0E-20,1,0.00,0.00,0.00,0.00,0.00
112,Plank Road,US,NY,Brooklyn,Boerum Hill Polygon,2026-07-19,2,THURSDAY,100,5.0,0,1,1,8.0000000000000000,0E-20,1,0.00,0.00,0.00,0.00,0.00
68,655 Union,US,NY,Brooklyn,Boerum Hill Polygon,2026-07-12,1,MONDAY,39,5.5,0,0,1,8.0000000000000000,0E-20,1,0.00,0.00,0.00,0.00,0.00
220,Bay Parc,US,FL,Miami,Edgewater Polygon,2026-07-26,3,TUESDAY,138,7.5,0,0,2,8.0000000000000000,0E-16,1,0.00,0.00,0.00,0.00,0.00
41,John Street 116,US,NY,New York,Financial District Polygon,2026-07-12,1,THURSDAY,39,3.5,1,0,1,8.0000000000000000,0E-20,1,0.00,0.00,0.00,0.00,0.00
249,605 West 42nd Street,US,NY,New York,Hell's Kitchen Polygon,2026-07-19,2,FRIDAY,73,1.0,2,0,0,8.0000000000000000,0E-20,1,0.00,0.00,0.00,0.00,0.00
276,1510 Bay Road,US,FL,Miami Beach,Miami Beach Polygon,2026-07-05,4,THURSDAY,118,1.5,2,0,0,8.0000000000000000,0E-20,1,0.00,0.00,0.00,0.00,0.00
44,330W-56th,US,NY,New York,Hell's Kitchen Polygon,2026-07-26,3,FRIDAY,73,1.0,2,0,0,8.0000000000000000,0E-20,1,0.00,0.00,0.00,0.00,0.00
194,The Atelier Condo NYC,US,NY,New York,Hell's Kitchen Polygon,2026-07-19,2,FRIDAY,73,1.0,2,0,0,8.0000000000000000,0E-20,1,0.00,0.00,0.00,0.00,0.00
197,251 NE 20th St apt 3506,US,FL,Miami,Edgewater Polygon,2026-07-05,4,WEDNESDAY,134,0,0,0,0,8.0000000000000000,0E-20,1,0.00,0.00,0.00,0.00,0.00
207,561 10th Avenue,US,NY,New York,Hell's Kitchen Polygon,2026-07-19,2,WEDNESDAY,97,0.5,1,0,0,8.0000000000000000,0E-20,1,0.00,0.00,0.00,0.00,0.00
183,1800 North Bayshore Drive,US,FL,Miami,Edgewater Polygon,2026-07-05,4,TUESDAY,138,4.0,1,0,1,8.0000000000000000,0E-20,1,0.00,0.00,0.00,0.00,0.00
151,Cite On The Bay,US,FL,Miami,Edgewater Polygon,2026-07-19,2,THURSDAY,138,3.5,2,0,1,8.0000000000000000,0E-20,1,0.00,0.00,0.00,0.00,0.00
118,The Bergen,US,NY,Brooklyn,Boerum Hill Polygon,2026-07-19,2,FRIDAY,96,6.5,0,1,1,8.0000000000000000,0E-20,1,0.00,0.00,0.00,0.00,0.00
117,The Landon,US,NY,New York,Hell's Kitchen Polygon,2026-07-26,3,MONDAY,60,3.0,2,1,0,8.0000000000000000,0E-20,1,0.00,0.00,0.00,0.00,0.00
93,Union Channel ,US,NY,Brooklyn,Boerum Hill Polygon,2026-07-12,1,WEDNESDAY,100,5.5,0,0,1,8.0000000000000000,0E-20,1,0.00,0.00,0.00,0.00,0.00
221,Mirador 1000,US,FL,Miami Beach,Miami Beach Polygon,2026-07-05,4,FRIDAY,137,5.5,0,0,2,8.0000000000000000,0E-20,1,0.00,0.00,0.00,0.00,0.00
214,1 Boerum Place,US,NY,Brooklyn,Brooklyn Heights Polygon,2026-07-19,2,MONDAY,39,4.0,0,0,1,8.0000000000000000,0E-20,1,0.00,0.00,0.00,0.00,0.00
221,Mirador 1000,US,FL,Miami Beach,Miami Beach Polygon,2026-07-26,3,TUESDAY,110,2.5,1,1,0,8.0000000000000000,0E-20,1,0.00,0.00,0.00,0.00,0.00
249,605 West 42nd Street,US,NY,New York,Hell's Kitchen Polygon,2026-07-05,4,FRIDAY,63,0,0,0,0,8.0000000000000000,0E-20,1,0.00,0.00,0.00,0.00,0.00
169,Aria on the Bay Condominium Association  INC,US,FL,Miami,Edgewater Polygon,2026-07-19,2,WEDNESDAY,134,3.5,1,0,1,8.0000000000000000,0E-20,1,0.00,0.00,0.00,0.00,0.00
76,Woodside Central,US,NY,Queens,Floating NY 1,2026-07-12,1,MONDAY,36,4.0,2,0,1,8.0000000000000000,0E-20,1,0.00,0.00,0.00,0.00,0.00
41,John Street 116,US,NY,New York,Financial District Polygon,2026-07-05,4,WEDNESDAY,39,3.5,1,0,1,8.0000000000000000,0E-20,1,0.00,0.00,0.00,0.00,0.00
213,1330 West Avenue,US,FL,Miami Beach,Miami Beach Polygon,2026-07-26,3,THURSDAY,118,4.0,1,0,1,8.0000000000000000,0E-20,1,0.00,0.00,0.00,0.00,0.00
276,1510 Bay Road,US,FL,Miami Beach,Miami Beach Polygon,2026-07-19,2,TUESDAY,110,0,0,0,0,8.0000000000000000,0E-20,1,0.00,0.00,0.00,0.00,0.00
44,330W-56th,US,NY,New York,Hell's Kitchen Polygon,2026-07-12,1,WEDNESDAY,97,0,0,0,0,8.0000000000000000,0E-20,1,0.00,0.00,0.00,0.00,0.00
213,1330 West Avenue,US,FL,Miami Beach,Miami Beach Polygon,2026-07-19,2,FRIDAY,137,2.5,0,0,1,8.0000000000000000,0E-20,1,0.00,0.00,0.00,0.00,0.00
117,The Landon,US,NY,New York,Hell's Kitchen Polygon,2026-07-12,1,TUESDAY,63,1.0,1,0,0,8.0000000000000000,0E-20,1,0.00,0.00,0.00,0.00,0.00
126,The Landing,US,NY,Brooklyn,Brooklyn Heights Polygon,2026-07-19,2,FRIDAY,77,8.0,0,0,1,8.0000000000000000,0,1,0.00,0.00,0.00,0.00,0.00
93,Union Channel ,US,NY,Brooklyn,Boerum Hill Polygon,2026-07-05,4,THURSDAY,100,5.0,0,0,1,8.0000000000000000,0E-20,1,0.00,0.00,0.00,0.00,0.00
150,Quantum on the Bay Condominium,US,FL,Miami,Edgewater Polygon,2026-07-05,4,TUESDAY,138,4.0,1,0,1,8.0000000000000000,0E-20,1,0.00,0.00,0.00,0.00,0.00
119,535 W 43rd Street,US,NY,New York,Hell's Kitchen Polygon,2026-07-05,4,MONDAY,97,3.0,1,0,1,8.0000000000000000,0E-20,1,0.00,0.00,0.00,0.00,0.00
93,Union Channel ,US,NY,Brooklyn,Boerum Hill Polygon,2026-07-26,3,FRIDAY,39,4.5,1,0,1,8.0000000000000000,0E-20,1,0.00,0.00,0.00,0.00,0.00
276,1510 Bay Road,US,FL,Miami Beach,Miami Beach Polygon,2026-07-12,1,WEDNESDAY,118,2.0,3,0,0,8.0000000000000000,0E-20,1,0.00,0.00,0.00,0.00,0.00
194,The Atelier Condo NYC,US,NY,New York,Hell's Kitchen Polygon,2026-07-05,4,FRIDAY,63,0,0,0,0,8.0000000000000000,0E-20,1,0.00,0.00,0.00,0.00,0.00
129,544 Carroll,US,NY,Brooklyn,Boerum Hill Polygon,2026-07-05,4,FRIDAY,96,5.5,0,1,1,8.0000000000000000,0E-20,1,0.00,0.00,0.00,0.00,0.00
197,251 NE 20th St apt 3506,US,FL,Miami,Edgewater Polygon,2026-07-12,1,THURSDAY,134,2.5,0,0,1,8.0000000000000000,0E-20,1,0.00,0.00,0.00,0.00,0.00
93,Union Channel ,US,NY,Brooklyn,Boerum Hill Polygon,2026-07-05,4,WEDNESDAY,100,3.0,0,0,1,8.0000000000000000,0E-20,1,0.00,0.00,0.00,0.00,0.00
272,Harrison Urby Apartments,US,NJ,Harrison,Harrison Polygon,2026-07-26,3,TUESDAY,15,3.5,1,0,1,8.0000000000000000,0E-20,1,0.00,0.00,0.00,0.00,0.00
183,1800 North Bayshore Drive,US,FL,Miami,Edgewater Polygon,2026-07-12,1,TUESDAY,138,6.0,0,2,1,8.0000000000000000,0E-20,1,0.00,0.00,0.00,0.00,0.00
205,1 River Place,US,NY,New York,Hell's Kitchen Polygon,2026-07-26,3,MONDAY,60,3.0,2,1,0,8.0000000000000000,0E-20,1,0.00,0.00,0.00,0.00,0.00
171,22 Skyview Apartments,US,FL,Miami,Edgewater Polygon,2026-07-19,2,MONDAY,138,4.0,2,0,1,8.0000000000000000,0E-20,1,0.00,0.00,0.00,0.00,0.00
221,Mirador 1000,US,FL,Miami Beach,Miami Beach Polygon,2026-07-12,1,FRIDAY,137,2.0,3,0,0,8.0000000000000000,0E-20,1,0.00,0.00,0.00,0.00,0.00
276,1510 Bay Road,US,FL,Miami Beach,Miami Beach Polygon,2026-07-12,1,THURSDAY,118,7.0,0,0,2,8.0000000000000000,0,1,0.00,0.00,0.00,0.00,0.00
191,2001 Biscayne Boulevard,US,FL,Miami,Edgewater Polygon,2026-07-19,2,MONDAY,134,0.5,1,0,0,8.0000000000000000,0E-20,1,0.00,0.00,0.00,0.00,0.00
197,251 NE 20th St apt 3506,US,FL,Miami,Edgewater Polygon,2026-07-12,1,WEDNESDAY,134,4.0,0,1,1,8.0000000000000000,0E-20,1,0.00,0.00,0.00,0.00,0.00
68,655 Union,US,NY,Brooklyn,Boerum Hill Polygon,2026-07-05,4,MONDAY,39,8.0,0,0,1,8.0000000000000000,0,1,0.00,0.00,0.00,0.00,0.00
51,300 Somerset,US,NJ,Harrison,Harrison Polygon,2026-07-05,4,MONDAY,15,3.0,1,1,0,8.0000000000000000,0E-20,1,0.00,0.00,0.00,0.00,0.00
169,Aria on the Bay Condominium Association  INC,US,FL,Miami,Edgewater Polygon,2026-07-19,2,THURSDAY,134,2.5,1,1,0,8.0000000000000000,0E-20,1,0.00,0.00,0.00,0.00,0.00
41,John Street 116,US,NY,New York,Financial District Polygon,2026-07-05,4,THURSDAY,39,4.0,0,0,1,8.0000000000000000,0E-20,1,0.00,0.00,0.00,0.00,0.00
117,The Landon,US,NY,New York,Hell's Kitchen Polygon,2026-07-19,2,TUESDAY,73,0.5,1,0,0,8.0000000000000000,0E-20,1,0.00,0.00,0.00,0.00,0.00
44,330W-56th,US,NY,New York,Hell's Kitchen Polygon,2026-07-12,1,THURSDAY,97,1.5,2,0,0,8.0000000000000000,0E-20,1,0.00,0.00,0.00,0.00,0.00
207,561 10th Avenue,US,NY,New York,Hell's Kitchen Polygon,2026-07-26,3,FRIDAY,63,4.5,1,0,1,8.0000000000000000,0E-20,1,0.00,0.00,0.00,0.00,0.00
54,Nine 52,US,NY,New York,Hell's Kitchen Polygon,2026-07-12,1,TUESDAY,60,3.5,2,0,1,8.0000000000000000,0E-20,1,0.00,0.00,0.00,0.00,0.00
276,1510 Bay Road,US,FL,Miami Beach,Miami Beach Polygon,2026-07-05,4,WEDNESDAY,118,1.0,2,0,0,8.0000000000000000,0E-20,1,0.00,0.00,0.00,0.00,0.00
96,420 Kent Avenue,US,NY,Brooklyn,Williamsburg Polygon,2026-07-12,1,TUESDAY,95,9.0,0,0,1,9.0000000000000000,0,1,0.00,0.00,0.00,0.00,0.00
207,561 10th Avenue,US,NY,New York,Hell's Kitchen Polygon,2026-07-19,2,THURSDAY,97,1.0,1,0,0,8.0000000000000000,0E-20,1,0.00,0.00,0.00,0.00,0.00
197,251 NE 20th St apt 3506,US,FL,Miami,Edgewater Polygon,2026-07-05,4,THURSDAY,134,4.5,1,0,1,8.0000000000000000,0E-20,1,0.00,0.00,0.00,0.00,0.00
128,250 E Houston,US,NY,New York,Floating NY 2,2026-07-05,4,MONDAY,39,8.0,0,0,1,8.0000000000000000,0,1,0.00,0.00,0.00,0.00,0.00
129,544 Carroll,US,NY,Brooklyn,Boerum Hill Polygon,2026-07-12,1,FRIDAY,96,4.5,2,0,1,8.0000000000000000,0E-20,1,0.00,0.00,0.00,0.00,0.00
194,The Atelier Condo NYC,US,NY,New York,Hell's Kitchen Polygon,2026-07-12,1,FRIDAY,63,1.5,3,0,0,8.0000000000000000,0E-20,1,0.00,0.00,0.00,0.00,0.00
150,Quantum on the Bay Condominium,US,FL,Miami,Edgewater Polygon,2026-07-12,1,TUESDAY,138,6.0,0,2,1,8.0000000000000000,0E-20,1,0.00,0.00,0.00,0.00,0.00
119,535 W 43rd Street,US,NY,New York,Hell's Kitchen Polygon,2026-07-12,1,MONDAY,97,2.5,4,0,0,8.0000000000000000,0E-20,1,0.00,0.00,0.00,0.00,0.00
151,Cite On The Bay,US,FL,Miami,Edgewater Polygon,2026-07-19,2,WEDNESDAY,138,1.5,0,1,0,8.0000000000000000,0E-20,1,0.00,0.00,0.00,0.00,0.00
54,Nine 52,US,NY,New York,Hell's Kitchen Polygon,2026-07-26,3,MONDAY,63,2.5,3,0,0,8.0000000000000000,0E-20,1,0.00,0.00,0.00,0.00,0.00
93,Union Channel ,US,NY,Brooklyn,Boerum Hill Polygon,2026-07-12,1,THURSDAY,100,6.0,0,0,1,8.0000000000000000,0E-20,1,0.00,0.00,0.00,0.00,0.00
122,Flamingo Point North Tower,US,FL,Miami Beach,Miami Beach Polygon,2026-07-19,2,THURSDAY,110,3.5,3,1,0,8.0000000000000000,0E-20,1,0.00,0.00,0.00,0.00,0.00
10,829 Garfield,US,NJ,Jersey City,Floating Jersey,2026-07-26,3,FRIDAY,139,5.0,0,0,1,8.0000000000000000,0E-20,1,0.00,0.00,0.00,0.00,0.00
120,66 Rockwell Place,US,NY,Brooklyn,Brooklyn Heights Polygon,2026-07-19,2,MONDAY,39,4.0,0,0,1,8.0000000000000000,0E-20,1,0.00,0.00,0.00,0.00,0.00
203,Venetia Condominium,US,FL,Miami,Edgewater Polygon,2026-07-26,3,MONDAY,138,2.5,0,0,1,8.0000000000000000,0E-20,1,0.00,0.00,0.00,0.00,0.00
260,Cocoa Exchange,US,NY,New York,Financial District Polygon,2026-07-19,2,MONDAY,45,5.5,0,0,1,8.0000000000000000,0E-20,1,0.00,0.00,0.00,0.00,0.00
204,1717 North Bayshore Drive,US,FL,Miami,Edgewater Polygon,2026-07-26,3,THURSDAY,134,3.0,1,0,1,8.0000000000000000,0E-20,1,0.00,0.00,0.00,0.00,0.00
117,The Landon,US,NY,New York,Hell's Kitchen Polygon,2026-07-05,4,TUESDAY,63,2.0,1,1,0,8.0000000000000000,0E-20,1,0.00,0.00,0.00,0.00,0.00
112,Plank Road,US,NY,Brooklyn,Boerum Hill Polygon,2026-07-19,2,WEDNESDAY,100,2.5,0,0,1,8.0000000000000000,0E-20,1,0.00,0.00,0.00,0.00,0.00
205,1 River Place,US,NY,New York,Hell's Kitchen Polygon,2026-07-12,1,TUESDAY,63,1.0,1,0,0,8.0000000000000000,0E-20,1,0.00,0.00,0.00,0.00,0.00
44,330W-56th,US,NY,New York,Hell's Kitchen Polygon,2026-07-05,4,WEDNESDAY,97,0,0,0,0,8.0000000000000000,0E-20,1,0.00,0.00,0.00,0.00,0.00
9,The Enclave,US,NJ,Jersey City,Hoboken Polygon,2026-07-26,3,MONDAY,65,1.0,2,0,0,8.0000000000000000,0E-20,1,0.00,0.00,0.00,0.00,0.00
249,605 West 42nd Street,US,NY,New York,Hell's Kitchen Polygon,2026-07-12,1,FRIDAY,63,1.5,3,0,0,8.0000000000000000,0E-20,1,0.00,0.00,0.00,0.00,0.00
129,544 Carroll,US,NY,Brooklyn,Boerum Hill Polygon,2026-07-26,3,TUESDAY,100,5.5,1,0,1,8.0000000000000000,0E-20,1,0.00,0.00,0.00,0.00,0.00
41,John Street 116,US,NY,New York,Financial District Polygon,2026-07-12,1,WEDNESDAY,39,3.0,1,1,0,8.0000000000000000,0E-20,1,0.00,0.00,0.00,0.00,0.00
76,Woodside Central,US,NY,Queens,Floating NY 1,2026-07-05,4,MONDAY,36,7.0,0,0,2,8.0000000000000000,0,1,0.00,0.00,0.00,0.00,0.00
128,250 E Houston,US,NY,New York,Floating NY 2,2026-07-19,2,FRIDAY,39,5.0,0,0,1,8.0000000000000000,0E-20,1,0.00,0.00,0.00,0.00,0.00
230,378 Bergen Street,US,NY,Brooklyn,Boerum Hill Polygon,2026-07-05,4,WEDNESDAY,100,3.0,0,0,1,8.0000000000000000,0E-20,1,0.00,0.00,0.00,0.00,0.00
123,Flamingo South Beach,US,FL,Miami Beach,Miami Beach Polygon,2026-07-19,2,MONDAY,110,3.0,2,1,0,8.0000000000000000,0E-20,1,0.00,0.00,0.00,0.00,0.00
126,The Landing,US,NY,Brooklyn,Brooklyn Heights Polygon,2026-07-26,3,WEDNESDAY,39,3.0,1,1,0,8.0000000000000000,0E-20,1,0.00,0.00,0.00,0.00,0.00
77,Oliver on the Hudson,US,NJ,Jersey City,Floating Jersey,2026-07-26,3,MONDAY,139,3.0,1,1,0,8.0000000000000000,0E-20,1,0.00,0.00,0.00,0.00,0.00
207,561 10th Avenue,US,NY,New York,Hell's Kitchen Polygon,2026-07-26,3,MONDAY,73,4.0,3,0,1,8.0000000000000000,0E-20,1,0.00,0.00,0.00,0.00,0.00
269,20 Exchange Place,US,NY,New York,Financial District Polygon,2026-07-26,3,WEDNESDAY,39,3.0,1,1,0,8.0000000000000000,0E-20,1,0.00,0.00,0.00,0.00,0.00
260,Cocoa Exchange,US,NY,New York,Financial District Polygon,2026-07-05,4,FRIDAY,45,2.5,0,0,1,8.0000000000000000,0E-20,1,0.00,0.00,0.00,0.00,0.00
120,66 Rockwell Place,US,NY,Brooklyn,Brooklyn Heights Polygon,2026-07-05,4,FRIDAY,39,5.0,0,0,1,8.0000000000000000,0E-20,1,0.00,0.00,0.00,0.00,0.00
213,1330 West Avenue,US,FL,Miami Beach,Miami Beach Polygon,2026-07-12,1,MONDAY,137,3.5,2,0,1,8.0000000000000000,0E-20,1,0.00,0.00,0.00,0.00,0.00
126,The Landing,US,NY,Brooklyn,Brooklyn Heights Polygon,2026-07-12,1,MONDAY,77,3.5,2,0,1,8.0000000000000000,0E-20,1,0.00,0.00,0.00,0.00,0.00
119,535 W 43rd Street,US,NY,New York,Hell's Kitchen Polygon,2026-07-26,3,WEDNESDAY,63,2.0,3,0,0,8.0000000000000000,0E-20,1,0.00,0.00,0.00,0.00,0.00
214,1 Boerum Place,US,NY,Brooklyn,Brooklyn Heights Polygon,2026-07-12,1,FRIDAY,39,8.0,0,0,1,8.0000000000000000,0,1,0.00,0.00,0.00,0.00,0.00
140,Southgate Towers,US,FL,Miami Beach,Miami Beach Polygon,2026-07-05,4,FRIDAY,110,1.0,2,0,0,8.0000000000000000,0E-20,1,0.00,0.00,0.00,0.00,0.00
144,Waters Edge,US,NJ,Harrison,Harrison Polygon,2026-07-26,3,TUESDAY,15,3.5,1,0,1,8.0000000000000000,0E-20,1,0.00,0.00,0.00,0.00,0.00
54,Nine 52,US,NY,New York,Hell's Kitchen Polygon,2026-07-12,1,WEDNESDAY,97,0,0,0,0,8.0000000000000000,0E-20,1,0.00,0.00,0.00,0.00,0.00
230,378 Bergen Street,US,NY,Brooklyn,Boerum Hill Polygon,2026-07-12,1,THURSDAY,100,6.0,0,0,1,8.0000000000000000,0E-20,1,0.00,0.00,0.00,0.00,0.00
118,The Bergen,US,NY,Brooklyn,Boerum Hill Polygon,2026-07-12,1,MONDAY,96,7.0,0,0,2,8.0000000000000000,0,1,0.00,0.00,0.00,0.00,0.00
215,Elysee Miami,US,FL,Miami,Edgewater Polygon,2026-07-26,3,THURSDAY,138,2.0,3,0,0,8.0000000000000000,0E-20,1,0.00,0.00,0.00,0.00,0.00
149,Opera Tower,US,FL,Miami,Edgewater Polygon,2026-07-05,4,TUESDAY,134,0.5,1,0,0,8.0000000000000000,0E-20,1,0.00,0.00,0.00,0.00,0.00
54,Nine 52,US,NY,New York,Hell's Kitchen Polygon,2026-07-26,3,FRIDAY,73,1.0,2,0,0,8.0000000000000000,0E-20,1,0.00,0.00,0.00,0.00,0.00
191,2001 Biscayne Boulevard,US,FL,Miami,Edgewater Polygon,2026-07-05,4,FRIDAY,134,0.5,1,0,0,8.0000000000000000,0E-20,1,0.00,0.00,0.00,0.00,0.00
194,The Atelier Condo NYC,US,NY,New York,Hell's Kitchen Polygon,2026-07-12,1,MONDAY,73,4.5,4,1,0,8.0000000000000000,0E-20,1,0.00,0.00,0.00,0.00,0.00
151,Cite On The Bay,US,FL,Miami,Edgewater Polygon,2026-07-26,3,TUESDAY,134,3.5,0,0,1,8.0000000000000000,0E-20,1,0.00,0.00,0.00,0.00,0.00
153,Watermarc at Biscayne Bay,US,FL,Miami,Edgewater Polygon,2026-07-26,3,MONDAY,134,4.5,0,0,1,8.0000000000000000,0E-20,1,0.00,0.00,0.00,0.00,0.00
54,Nine 52,US,NY,New York,Hell's Kitchen Polygon,2026-07-05,4,THURSDAY,97,1.0,2,0,0,8.0000000000000000,0E-20,1,0.00,0.00,0.00,0.00,0.00
51,300 Somerset,US,NJ,Harrison,Harrison Polygon,2026-07-19,2,FRIDAY,15,2.0,4,0,0,8.0000000000000000,0E-20,1,0.00,0.00,0.00,0.00,0.00
180,1800 Biscayne Plaza,US,FL,Miami,Edgewater Polygon,2026-07-26,3,THURSDAY,134,3.0,1,0,1,8.0000000000000000,0E-20,1,0.00,0.00,0.00,0.00,0.00
47,1 Boerum PL,US,NY,Brooklyn,Floating NY 2,2026-07-19,2,TUESDAY,39,3.0,2,1,0,8.0000000000000000,0E-20,1,0.00,0.00,0.00,0.00,0.00
68,655 Union,US,NY,Brooklyn,Boerum Hill Polygon,2026-07-19,2,FRIDAY,39,5.0,0,0,1,8.0000000000000000,0E-20,1,0.00,0.00,0.00,0.00,0.00
98,345 Baldwin Avenue,US,NJ,Jersey City,Floating Jersey,2026-07-26,3,FRIDAY,139,5.0,0,0,1,8.0000000000000000,0E-20,1,0.00,0.00,0.00,0.00,0.00
44,330W-56th,US,NY,New York,Hell's Kitchen Polygon,2026-07-05,4,TUESDAY,60,0,0,0,0,8.0000000000000000,0E-20,1,0.00,0.00,0.00,0.00,0.00
249,605 West 42nd Street,US,NY,New York,Hell's Kitchen Polygon,2026-07-12,1,MONDAY,73,4.5,4,1,0,8.0000000000000000,0E-20,1,0.00,0.00,0.00,0.00,0.00
133,2000 Biscayne,US,FL,Miami,Edgewater Polygon,2026-07-05,4,WEDNESDAY,138,1.5,2,0,0,8.0000000000000000,0E-20,1,0.00,0.00,0.00,0.00,0.00
220,Bay Parc,US,FL,Miami,Edgewater Polygon,2026-07-19,2,THURSDAY,134,2.5,1,1,0,8.0000000000000000,0E-20,1,0.00,0.00,0.00,0.00,0.00
8,One Ten,US,NJ,Jersey City,Hoboken Polygon,2026-07-26,3,WEDNESDAY,139,1.5,2,0,0,8.0000000000000000,0E-20,1,0.00,0.00,0.00,0.00,0.00
52,330 Angelo Cifelli,US,NJ,Harrison,Harrison Polygon,2026-07-12,1,WEDNESDAY,15,8.0,0,0,1,8.0000000000000000,0,1,0.00,0.00,0.00,0.00,0.00
75,The Devan,US,NJ,Jersey City,Hoboken Polygon,2026-07-19,2,TUESDAY,65,5.5,0,0,2,8.0000000000000000,0E-20,1,0.00,0.00,0.00,0.00,0.00
129,544 Carroll,US,NY,Brooklyn,Boerum Hill Polygon,2026-07-26,3,FRIDAY,96,2.5,3,0,0,8.0000000000000000,0E-20,1,0.00,0.00,0.00,0.00,0.00
194,The Atelier Condo NYC,US,NY,New York,Hell's Kitchen Polygon,2026-07-26,3,FRIDAY,63,4.5,1,0,1,8.0000000000000000,0E-20,1,0.00,0.00,0.00,0.00,0.00
44,330W-56th,US,NY,New York,Hell's Kitchen Polygon,2026-07-19,2,FRIDAY,63,1.5,2,0,0,8.0000000000000000,0E-20,1,0.00,0.00,0.00,0.00,0.00
93,Union Channel ,US,NY,Brooklyn,Boerum Hill Polygon,2026-07-26,3,THURSDAY,100,6.0,0,0,1,8.0000000000000000,0E-20,1,0.00,0.00,0.00,0.00,0.00
54,Nine 52,US,NY,New York,Hell's Kitchen Polygon,2026-07-12,1,MONDAY,63,1.5,2,0,0,8.0000000000000000,0E-20,1,0.00,0.00,0.00,0.00,0.00
10,829 Garfield,US,NJ,Jersey City,Floating Jersey,2026-07-12,1,FRIDAY,139,2.0,1,1,0,8.0000000000000000,0E-20,1,0.00,0.00,0.00,0.00,0.00
150,Quantum on the Bay Condominium,US,FL,Miami,Edgewater Polygon,2026-07-26,3,TUESDAY,138,7.5,0,0,2,8.0000000000000000,0E-16,1,0.00,0.00,0.00,0.00,0.00
120,66 Rockwell Place,US,NY,Brooklyn,Brooklyn Heights Polygon,2026-07-19,2,WEDNESDAY,77,8.0,0,0,1,8.0000000000000000,0,1,0.00,0.00,0.00,0.00,0.00
119,535 W 43rd Street,US,NY,New York,Hell's Kitchen Polygon,2026-07-26,3,MONDAY,97,1.0,2,0,0,8.0000000000000000,0E-20,1,0.00,0.00,0.00,0.00,0.00
93,Union Channel ,US,NY,Brooklyn,Boerum Hill Polygon,2026-07-05,4,FRIDAY,39,5.0,0,0,1,8.0000000000000000,0E-20,1,0.00,0.00,0.00,0.00,0.00
213,1330 West Avenue,US,FL,Miami Beach,Miami Beach Polygon,2026-07-05,4,THURSDAY,118,1.5,2,0,0,8.0000000000000000,0E-20,1,0.00,0.00,0.00,0.00,0.00
95,416 Kent Avenue,US,NY,Brooklyn,Williamsburg Polygon,2026-07-05,4,WEDNESDAY,90,2.5,2,1,0,8.0000000000000000,0E-20,1,0.00,0.00,0.00,0.00,0.00
203,Venetia Condominium,US,FL,Miami,Edgewater Polygon,2026-07-12,1,MONDAY,138,2.5,0,0,1,8.0000000000000000,0E-20,1,0.00,0.00,0.00,0.00,0.00
212,39 New York Ave,US,NJ,Jersey City,Hoboken Polygon,2026-07-19,2,THURSDAY,139,4.0,0,0,1,8.0000000000000000,0E-20,1,0.00,0.00,0.00,0.00,0.00
205,1 River Place,US,NY,New York,Hell's Kitchen Polygon,2026-07-26,3,TUESDAY,63,1.5,0,1,0,8.0000000000000000,0E-20,1,0.00,0.00,0.00,0.00,0.00
9,The Enclave,US,NJ,Jersey City,Hoboken Polygon,2026-07-12,1,MONDAY,65,0.5,1,0,0,8.0000000000000000,0E-20,1,0.00,0.00,0.00,0.00,0.00
204,1717 North Bayshore Drive,US,FL,Miami,Edgewater Polygon,2026-07-12,1,THURSDAY,134,2.5,0,0,1,8.0000000000000000,0E-20,1,0.00,0.00,0.00,0.00,0.00
221,Mirador 1000,US,FL,Miami Beach,Miami Beach Polygon,2026-07-05,4,TUESDAY,110,1.0,2,0,0,8.0000000000000000,0E-20,1,0.00,0.00,0.00,0.00,0.00
249,605 West 42nd Street,US,NY,New York,Hell's Kitchen Polygon,2026-07-26,3,FRIDAY,63,4.5,1,0,1,8.0000000000000000,0E-20,1,0.00,0.00,0.00,0.00,0.00
121,Flamingo Point Center Tower,US,FL,Miami Beach,Miami Beach Polygon,2026-07-26,3,TUESDAY,92,7.0,0,0,2,8.0000000000000000,0,0,8.0000000000000000,7.0,0,0,2
115,Grove Central Residences,US,FL,Miami,Flow Brickell Polygon,2026-07-19,2,MONDAY,92,1.5,0,1,0,8.0000000000000000,0E-20,1,0.00,0.00,0.00,0.00,0.00
212,39 New York Ave,US,NJ,Jersey City,Hoboken Polygon,2026-07-19,2,FRIDAY,65,1.0,1,0,0,8.0000000000000000,0E-20,1,0.00,0.00,0.00,0.00,0.00
129,544 Carroll,US,NY,Brooklyn,Boerum Hill Polygon,2026-07-12,1,TUESDAY,100,4.5,2,0,1,8.0000000000000000,0E-20,1,0.00,0.00,0.00,0.00,0.00
199,1800 Club,US,FL,Miami,Edgewater Polygon,2026-07-19,2,MONDAY,138,4.0,2,0,1,8.0000000000000000,0E-20,1,0.00,0.00,0.00,0.00,0.00
41,John Street 116,US,NY,New York,Financial District Polygon,2026-07-26,3,WEDNESDAY,39,3.0,1,1,0,8.0000000000000000,0E-20,1,0.00,0.00,0.00,0.00,0.00
249,605 West 42nd Street,US,NY,New York,Hell's Kitchen Polygon,2026-07-19,2,THURSDAY,97,1.0,1,0,0,8.0000000000000000,0E-20,1,0.00,0.00,0.00,0.00,0.00
183,1800 North Bayshore Drive,US,FL,Miami,Edgewater Polygon,2026-07-26,3,TUESDAY,138,7.5,0,0,2,8.0000000000000000,0E-16,1,0.00,0.00,0.00,0.00,0.00
144,Waters Edge,US,NJ,Harrison,Harrison Polygon,2026-07-19,2,THURSDAY,139,4.0,0,0,1,8.0000000000000000,0E-20,1,0.00,0.00,0.00,0.00,0.00
221,Mirador 1000,US,FL,Miami Beach,Miami Beach Polygon,2026-07-19,2,THURSDAY,118,4.5,1,0,1,8.0000000000000000,0E-20,1,0.00,0.00,0.00,0.00,0.00
205,1 River Place,US,NY,New York,Hell's Kitchen Polygon,2026-07-12,1,MONDAY,60,1.0,2,0,0,8.0000000000000000,0E-20,1,0.00,0.00,0.00,0.00,0.00
124,The Kestrel,US,NY,Brooklyn,Floating NY 2,2026-07-19,2,THURSDAY,39,3.0,1,0,1,8.0000000000000000,0E-20,1,0.00,0.00,0.00,0.00,0.00
117,The Landon,US,NY,New York,Hell's Kitchen Polygon,2026-07-05,4,MONDAY,60,1.0,2,0,0,8.0000000000000000,0E-20,1,0.00,0.00,0.00,0.00,0.00
272,Harrison Urby Apartments,US,NJ,Harrison,Harrison Polygon,2026-07-12,1,TUESDAY,15,5.0,0,0,1,8.0000000000000000,0E-20,1,0.00,0.00,0.00,0.00,0.00
61,Stonehill,US,NJ,West Orange,Chatham / West Orange Polygon,2026-07-19,2,WEDNESDAY,64,1.0,1,0,0,8.0000000000000000,0E-20,1,0.00,0.00,0.00,0.00,0.00
230,378 Bergen Street,US,NY,Brooklyn,Boerum Hill Polygon,2026-07-19,2,MONDAY,39,4.0,0,0,1,8.0000000000000000,0E-20,1,0.00,0.00,0.00,0.00,0.00
221,Mirador 1000,US,FL,Miami Beach,Miami Beach Polygon,2026-07-26,3,FRIDAY,137,1.0,2,0,0,8.0000000000000000,0E-20,1,0.00,0.00,0.00,0.00,0.00
276,1510 Bay Road,US,FL,Miami Beach,Miami Beach Polygon,2026-07-26,3,THURSDAY,118,4.0,1,0,1,8.0000000000000000,0E-20,1,0.00,0.00,0.00,0.00,0.00
149,Opera Tower,US,FL,Miami,Edgewater Polygon,2026-07-19,2,THURSDAY,138,3.5,2,0,1,8.0000000000000000,0E-20,1,0.00,0.00,0.00,0.00,0.00
213,1330 West Avenue,US,FL,Miami Beach,Miami Beach Polygon,2026-07-19,2,TUESDAY,110,0,0,0,0,8.0000000000000000,0E-20,1,0.00,0.00,0.00,0.00,0.00
44,330W-56th,US,NY,New York,Hell's Kitchen Polygon,2026-07-05,4,FRIDAY,73,0.5,1,0,0,8.0000000000000000,0E-20,1,0.00,0.00,0.00,0.00,0.00
214,1 Boerum Place,US,NY,Brooklyn,Brooklyn Heights Polygon,2026-07-19,2,THURSDAY,77,8.0,0,0,1,8.0000000000000000,0,1,0.00,0.00,0.00,0.00,0.00
197,251 NE 20th St apt 3506,US,FL,Miami,Edgewater Polygon,2026-07-26,3,WEDNESDAY,134,1.5,0,1,0,8.0000000000000000,0E-20,1,0.00,0.00,0.00,0.00,0.00
276,1510 Bay Road,US,FL,Miami Beach,Miami Beach Polygon,2026-07-19,2,FRIDAY,137,2.5,0,0,1,8.0000000000000000,0E-20,1,0.00,0.00,0.00,0.00,0.00
198,Quantum on the Bay,US,FL,Miami,Edgewater Polygon,2026-07-19,2,MONDAY,134,0.5,1,0,0,8.0000000000000000,0E-20,1,0.00,0.00,0.00,0.00,0.00
220,Bay Parc,US,FL,Miami,Edgewater Polygon,2026-07-05,4,TUESDAY,138,4.0,1,0,1,8.0000000000000000,0E-20,1,0.00,0.00,0.00,0.00,0.00
123,Flamingo South Beach,US,FL,Miami Beach,Miami Beach Polygon,2026-07-12,1,TUESDAY,137,3.5,1,0,1,8.0000000000000000,0E-20,1,0.00,0.00,0.00,0.00,0.00
112,Plank Road,US,NY,Brooklyn,Boerum Hill Polygon,2026-07-19,2,FRIDAY,39,5.0,0,0,1,8.0000000000000000,0E-20,1,0.00,0.00,0.00,0.00,0.00
213,1330 West Avenue,US,FL,Miami Beach,Miami Beach Polygon,2026-07-12,1,WEDNESDAY,118,2.0,3,0,0,8.0000000000000000,0E-20,1,0.00,0.00,0.00,0.00,0.00
204,1717 North Bayshore Drive,US,FL,Miami,Edgewater Polygon,2026-07-05,4,WEDNESDAY,134,0,0,0,0,8.0000000000000000,0E-20,1,0.00,0.00,0.00,0.00,0.00
194,The Atelier Condo NYC,US,NY,New York,Hell's Kitchen Polygon,2026-07-19,2,THURSDAY,97,1.0,1,0,0,8.0000000000000000,0E-20,1,0.00,0.00,0.00,0.00,0.00
54,Nine 52,US,NY,New York,Hell's Kitchen Polygon,2026-07-26,3,TUESDAY,60,4.5,0,0,1,8.0000000000000000,0E-20,1,0.00,0.00,0.00,0.00,0.00
44,330W-56th,US,NY,New York,Hell's Kitchen Polygon,2026-07-26,3,THURSDAY,97,4.0,0,0,1,8.0000000000000000,0E-20,1,0.00,0.00,0.00,0.00,0.00
207,561 10th Avenue,US,NY,New York,Hell's Kitchen Polygon,2026-07-12,1,FRIDAY,63,1.5,3,0,0,8.0000000000000000,0E-20,1,0.00,0.00,0.00,0.00,0.00
117,The Landon,US,NY,New York,Hell's Kitchen Polygon,2026-07-19,2,FRIDAY,60,0,0,0,0,8.0000000000000000,0E-20,1,0.00,0.00,0.00,0.00,0.00
230,378 Bergen Street,US,NY,Brooklyn,Boerum Hill Polygon,2026-07-26,3,THURSDAY,100,6.0,0,0,1,8.0000000000000000,0E-20,1,0.00,0.00,0.00,0.00,0.00
118,The Bergen,US,NY,Brooklyn,Boerum Hill Polygon,2026-07-26,3,MONDAY,96,8.0,0,0,1,8.0000000000000000,0,1,0.00,0.00,0.00,0.00,0.00
140,Southgate Towers,US,FL,Miami Beach,Miami Beach Polygon,2026-07-12,1,TUESDAY,137,3.5,1,0,1,8.0000000000000000,0E-20,1,0.00,0.00,0.00,0.00,0.00
111,Brooklyn Crossing,US,NY,Brooklyn,Boerum Hill Polygon,2026-07-19,2,TUESDAY,96,7.0,0,0,2,8.0000000000000000,0,1,0.00,0.00,0.00,0.00,0.00
54,Nine 52,US,NY,New York,Hell's Kitchen Polygon,2026-07-12,1,FRIDAY,73,2.0,3,0,0,8.0000000000000000,0E-20,1,0.00,0.00,0.00,0.00,0.00
230,378 Bergen Street,US,NY,Brooklyn,Boerum Hill Polygon,2026-07-05,4,FRIDAY,39,5.0,0,0,1,8.0000000000000000,0E-20,1,0.00,0.00,0.00,0.00,0.00
126,The Landing,US,NY,Brooklyn,Brooklyn Heights Polygon,2026-07-05,4,THURSDAY,39,4.0,0,0,1,8.0000000000000000,0E-20,1,0.00,0.00,0.00,0.00,0.00
194,The Atelier Condo NYC,US,NY,New York,Hell's Kitchen Polygon,2026-07-26,3,MONDAY,73,4.0,3,0,1,8.0000000000000000,0E-20,1,0.00,0.00,0.00,0.00,0.00
44,330W-56th,US,NY,New York,Hell's Kitchen Polygon,2026-07-19,2,MONDAY,73,4.5,1,1,1,8.0000000000000000,0E-20,1,0.00,0.00,0.00,0.00,0.00
131,The Addison,US,NY,Brooklyn,Brooklyn Heights Polygon,2026-07-05,4,TUESDAY,39,3.5,0,0,1,8.0000000000000000,0E-20,1,0.00,0.00,0.00,0.00,0.00
17,River Place,US,NY,New York,Hell's Kitchen Polygon,2026-07-19,2,THURSDAY,60,0,0,0,0,8.0000000000000000,0E-20,1,0.00,0.00,0.00,0.00,0.00
151,Cite On The Bay,US,FL,Miami,Edgewater Polygon,2026-07-12,1,TUESDAY,134,2.5,0,0,1,8.0000000000000000,0E-20,1,0.00,0.00,0.00,0.00,0.00
198,Quantum on the Bay,US,FL,Miami,Edgewater Polygon,2026-07-05,4,FRIDAY,134,0.5,1,0,0,8.0000000000000000,0E-20,1,0.00,0.00,0.00,0.00,0.00
276,1510 Bay Road,US,FL,Miami Beach,Miami Beach Polygon,2026-07-05,4,MONDAY,137,2.5,4,0,0,8.0000000000000000,0E-20,1,0.00,0.00,0.00,0.00,0.00
150,Quantum on the Bay Condominium,US,FL,Miami,Edgewater Polygon,2026-07-19,2,WEDNESDAY,134,3.5,1,0,1,8.0000000000000000,0E-20,1,0.00,0.00,0.00,0.00,0.00
98,345 Baldwin Avenue,US,NJ,Jersey City,Floating Jersey,2026-07-12,1,FRIDAY,139,2.0,1,1,0,8.0000000000000000,0E-20,1,0.00,0.00,0.00,0.00,0.00
92,The Buchanan,US,NY,New York,Floating NY 1,2026-07-05,4,FRIDAY,36,3.5,2,0,1,8.0000000000000000,0E-20,1,0.00,0.00,0.00,0.00,0.00
119,535 W 43rd Street,US,NY,New York,Hell's Kitchen Polygon,2026-07-05,4,THURSDAY,63,2.5,2,1,0,8.0000000000000000,0E-20,1,0.00,0.00,0.00,0.00,0.00
9,The Enclave,US,NJ,Jersey City,Hoboken Polygon,2026-07-19,2,WEDNESDAY,139,4.0,3,1,0,8.0000000000000000,0E-20,1,0.00,0.00,0.00,0.00,0.00
180,1800 Biscayne Plaza,US,FL,Miami,Edgewater Polygon,2026-07-12,1,THURSDAY,134,2.5,0,0,1,8.0000000000000000,0E-20,1,0.00,0.00,0.00,0.00,0.00
249,605 West 42nd Street,US,NY,New York,Hell's Kitchen Polygon,2026-07-26,3,MONDAY,73,4.0,3,0,1,8.0000000000000000,0E-20,1,0.00,0.00,0.00,0.00,0.00
269,20 Exchange Place,US,NY,New York,Financial District Polygon,2026-07-05,4,THURSDAY,39,4.0,0,0,1,8.0000000000000000,0E-20,1,0.00,0.00,0.00,0.00,0.00
112,Plank Road,US,NY,Brooklyn,Boerum Hill Polygon,2026-07-05,4,MONDAY,39,8.0,0,0,1,8.0000000000000000,0,1,0.00,0.00,0.00,0.00,0.00
8,One Ten,US,NJ,Jersey City,Hoboken Polygon,2026-07-12,1,WEDNESDAY,139,2.0,0,1,0,8.0000000000000000,0E-20,1,0.00,0.00,0.00,0.00,0.00
52,330 Angelo Cifelli,US,NJ,Harrison,Harrison Polygon,2026-07-26,3,WEDNESDAY,15,8.0,0,0,1,8.0000000000000000,0,1,0.00,0.00,0.00,0.00,0.00
121,Flamingo Point Center Tower,US,FL,Miami Beach,Miami Beach Polygon,2026-07-19,2,TUESDAY,118,7.0,1,0,1,8.0000000000000000,0E-16,1,0.00,0.00,0.00,0.00,0.00
63,Agnes,US,NJ,Jersey City,Floating Jersey,2026-07-19,2,WEDNESDAY,139,4.0,3,1,0,8.0000000000000000,0E-20,1,0.00,0.00,0.00,0.00,0.00
169,Aria on the Bay Condominium Association  INC,US,FL,Miami,Edgewater Polygon,2026-07-05,4,TUESDAY,138,4.0,1,0,1,8.0000000000000000,0E-20,1,0.00,0.00,0.00,0.00,0.00
44,330W-56th,US,NY,New York,Hell's Kitchen Polygon,2026-07-05,4,MONDAY,63,3.0,4,0,0,8.0000000000000000,0E-20,1,0.00,0.00,0.00,0.00,0.00
183,1800 North Bayshore Drive,US,FL,Miami,Edgewater Polygon,2026-07-19,2,WEDNESDAY,134,3.5,1,0,1,8.0000000000000000,0E-20,1,0.00,0.00,0.00,0.00,0.00
197,251 NE 20th St apt 3506,US,FL,Miami,Edgewater Polygon,2026-07-19,2,TUESDAY,138,0.5,1,0,0,8.0000000000000000,0E-20,1,0.00,0.00,0.00,0.00,0.00
195,Flow Brickell,US,FL,Miami,Flow Brickell Polygon,2026-07-19,2,TUESDAY,92,5.5,0,0,1,8.0000000000000000,0E-20,1,0.00,0.00,0.00,0.00,0.00
126,The Landing,US,NY,Brooklyn,Brooklyn Heights Polygon,2026-07-12,1,WEDNESDAY,39,3.0,1,1,0,8.0000000000000000,0E-20,1,0.00,0.00,0.00,0.00,0.00
93,Union Channel ,US,NY,Brooklyn,Boerum Hill Polygon,2026-07-19,2,MONDAY,39,4.0,0,0,1,8.0000000000000000,0E-20,1,0.00,0.00,0.00,0.00,0.00
215,Elysee Miami,US,FL,Miami,Edgewater Polygon,2026-07-05,4,WEDNESDAY,138,1.5,2,0,0,8.0000000000000000,0E-20,1,0.00,0.00,0.00,0.00,0.00
77,Oliver on the Hudson,US,NJ,Jersey City,Floating Jersey,2026-07-12,1,MONDAY,139,1.0,1,0,0,8.0000000000000000,0E-20,1,0.00,0.00,0.00,0.00,0.00
111,Brooklyn Crossing,US,NY,Brooklyn,Boerum Hill Polygon,2026-07-19,2,WEDNESDAY,39,3.5,1,0,1,8.0000000000000000,0E-20,1,0.00,0.00,0.00,0.00,0.00
269,20 Exchange Place,US,NY,New York,Financial District Polygon,2026-07-12,1,WEDNESDAY,39,3.0,1,1,0,8.0000000000000000,0E-20,1,0.00,0.00,0.00,0.00,0.00
207,561 10th Avenue,US,NY,New York,Hell's Kitchen Polygon,2026-07-12,1,MONDAY,73,4.5,4,1,0,8.0000000000000000,0E-20,1,0.00,0.00,0.00,0.00,0.00
126,The Landing,US,NY,Brooklyn,Brooklyn Heights Polygon,2026-07-26,3,MONDAY,77,5.5,1,0,1,8.0000000000000000,0E-20,1,0.00,0.00,0.00,0.00,0.00
213,1330 West Avenue,US,FL,Miami Beach,Miami Beach Polygon,2026-07-26,3,MONDAY,137,5.5,1,0,1,8.0000000000000000,0E-20,1,0.00,0.00,0.00,0.00,0.00
54,Nine 52,US,NY,New York,Hell's Kitchen Polygon,2026-07-26,3,WEDNESDAY,97,0,0,0,0,8.0000000000000000,0E-20,1,0.00,0.00,0.00,0.00,0.00
144,Waters Edge,US,NJ,Harrison,Harrison Polygon,2026-07-12,1,TUESDAY,15,5.0,0,0,1,8.0000000000000000,0E-20,1,0.00,0.00,0.00,0.00,0.00
180,1800 Biscayne Plaza,US,FL,Miami,Edgewater Polygon,2026-07-05,4,WEDNESDAY,134,0,0,0,0,8.0000000000000000,0E-20,1,0.00,0.00,0.00,0.00,0.00
119,535 W 43rd Street,US,NY,New York,Hell's Kitchen Polygon,2026-07-12,1,WEDNESDAY,63,2.0,0,1,0,8.0000000000000000,0E-20,1,0.00,0.00,0.00,0.00,0.00
214,1 Boerum Place,US,NY,Brooklyn,Brooklyn Heights Polygon,2026-07-26,3,FRIDAY,39,4.5,1,0,1,8.0000000000000000,0E-20,1,0.00,0.00,0.00,0.00,0.00
272,Harrison Urby Apartments,US,NJ,Harrison,Harrison Polygon,2026-07-19,2,THURSDAY,139,4.0,0,0,1,8.0000000000000000,0E-20,1,0.00,0.00,0.00,0.00,0.00
68,655 Union,US,NY,Brooklyn,Boerum Hill Polygon,2026-07-19,2,WEDNESDAY,100,2.5,0,0,1,8.0000000000000000,0E-20,1,0.00,0.00,0.00,0.00,0.00
212,39 New York Ave,US,NJ,Jersey City,Hoboken Polygon,2026-07-05,4,MONDAY,65,7.0,0,1,1,8.0000000000000000,0,1,0.00,0.00,0.00,0.00,0.00
115,Grove Central Residences,US,FL,Miami,Flow Brickell Polygon,2026-07-05,4,FRIDAY,92,4.5,0,0,1,8.0000000000000000,0E-20,1,0.00,0.00,0.00,0.00,0.00
119,535 W 43rd Street,US,NY,New York,Hell's Kitchen Polygon,2026-07-19,2,THURSDAY,73,1.0,2,0,0,8.0000000000000000,0E-20,1,0.00,0.00,0.00,0.00,0.00
112,Plank Road,US,NY,Brooklyn,Boerum Hill Polygon,2026-07-12,1,MONDAY,39,5.5,0,0,1,8.0000000000000000,0E-20,1,0.00,0.00,0.00,0.00,0.00
8,One Ten,US,NJ,Jersey City,Hoboken Polygon,2026-07-05,4,WEDNESDAY,139,1.0,1,0,0,8.0000000000000000,0E-20,1,0.00,0.00,0.00,0.00,0.00
15,Silver Towers,US,NY,New York,Hell's Kitchen Polygon,2026-07-26,3,THURSDAY,60,3.0,1,0,1,8.0000000000000000,0E-20,1,0.00,0.00,0.00,0.00,0.00
111,Brooklyn Crossing,US,NY,Brooklyn,Boerum Hill Polygon,2026-07-19,2,THURSDAY,39,3.0,1,0,1,8.0000000000000000,0E-20,1,0.00,0.00,0.00,0.00,0.00
269,20 Exchange Place,US,NY,New York,Financial District Polygon,2026-07-12,1,THURSDAY,39,3.5,1,0,1,8.0000000000000000,0E-20,1,0.00,0.00,0.00,0.00,0.00
169,Aria on the Bay Condominium Association  INC,US,FL,Miami,Edgewater Polygon,2026-07-12,1,TUESDAY,138,6.0,0,2,1,8.0000000000000000,0E-20,1,0.00,0.00,0.00,0.00,0.00
207,561 10th Avenue,US,NY,New York,Hell's Kitchen Polygon,2026-07-19,2,MONDAY,63,1.0,1,0,0,8.0000000000000000,0E-20,1,0.00,0.00,0.00,0.00,0.00
54,Nine 52,US,NY,New York,Hell's Kitchen Polygon,2026-07-26,3,THURSDAY,97,4.0,0,0,1,8.0000000000000000,0E-20,1,0.00,0.00,0.00,0.00,0.00
53,The Eddy,US,NJ,Harrison,Harrison Polygon,2026-07-12,1,FRIDAY,15,2.5,4,0,0,8.0000000000000000,0E-20,1,0.00,0.00,0.00,0.00,0.00
194,The Atelier Condo NYC,US,NY,New York,Hell's Kitchen Polygon,2026-07-19,2,TUESDAY,60,3.5,1,0,1,8.0000000000000000,0E-20,1,0.00,0.00,0.00,0.00,0.00
180,1800 Biscayne Plaza,US,FL,Miami,Edgewater Polygon,2026-07-05,4,THURSDAY,134,4.5,1,0,1,8.0000000000000000,0E-20,1,0.00,0.00,0.00,0.00,0.00
92,The Buchanan,US,NY,New York,Floating NY 1,2026-07-12,1,FRIDAY,36,2.5,2,1,0,8.0000000000000000,0E-20,1,0.00,0.00,0.00,0.00,0.00
119,535 W 43rd Street,US,NY,New York,Hell's Kitchen Polygon,2026-07-12,1,THURSDAY,63,1.0,1,0,0,8.0000000000000000,0E-20,1,0.00,0.00,0.00,0.00,0.00
44,330W-56th,US,NY,New York,Hell's Kitchen Polygon,2026-07-26,3,TUESDAY,60,4.5,0,0,1,8.0000000000000000,0E-20,1,0.00,0.00,0.00,0.00,0.00
68,655 Union,US,NY,Brooklyn,Boerum Hill Polygon,2026-07-19,2,THURSDAY,100,5.0,0,1,1,8.0000000000000000,0E-20,1,0.00,0.00,0.00,0.00,0.00
191,2001 Biscayne Boulevard,US,FL,Miami,Edgewater Polygon,2026-07-26,3,FRIDAY,134,1.0,1,0,0,8.0000000000000000,0E-20,1,0.00,0.00,0.00,0.00,0.00
131,The Addison,US,NY,Brooklyn,Brooklyn Heights Polygon,2026-07-12,1,TUESDAY,39,5.0,1,0,1,8.0000000000000000,0E-20,1,0.00,0.00,0.00,0.00,0.00
183,1800 North Bayshore Drive,US,FL,Miami,Edgewater Polygon,2026-07-19,2,THURSDAY,134,2.5,1,1,0,8.0000000000000000,0E-20,1,0.00,0.00,0.00,0.00,0.00
276,1510 Bay Road,US,FL,Miami Beach,Miami Beach Polygon,2026-07-12,1,MONDAY,137,3.5,2,0,1,8.0000000000000000,0E-20,1,0.00,0.00,0.00,0.00,0.00
249,605 West 42nd Street,US,NY,New York,Hell's Kitchen Polygon,2026-07-19,2,TUESDAY,60,3.5,1,0,1,8.0000000000000000,0E-20,1,0.00,0.00,0.00,0.00,0.00
151,Cite On The Bay,US,FL,Miami,Edgewater Polygon,2026-07-05,4,TUESDAY,134,0.5,1,0,0,8.0000000000000000,0E-20,1,0.00,0.00,0.00,0.00,0.00
121,Flamingo Point Center Tower,US,FL,Miami Beach,Miami Beach Polygon,2026-07-05,4,WEDNESDAY,110,0.5,1,0,0,8.0000000000000000,0E-20,1,0.00,0.00,0.00,0.00,0.00
205,1 River Place,US,NY,New York,Hell's Kitchen Polygon,2026-07-19,2,FRIDAY,60,0,0,0,0,8.0000000000000000,0E-20,1,0.00,0.00,0.00,0.00,0.00
104,Midtown 5,US,FL,Miami,,2026-07-12,1,FRIDAY,134,3.0,1,1,0,8.0000000000000000,0E-20,0,8.0000000000000000,3.0,1,1,0
215,Elysee Miami,US,FL,Miami,Edgewater Polygon,2026-07-05,4,THURSDAY,138,0.5,1,0,0,8.0000000000000000,0E-20,1,0.00,0.00,0.00,0.00,0.00
126,The Landing,US,NY,Brooklyn,Brooklyn Heights Polygon,2026-07-12,1,THURSDAY,39,3.5,1,0,1,8.0000000000000000,0E-20,1,0.00,0.00,0.00,0.00,0.00
230,378 Bergen Street,US,NY,Brooklyn,Boerum Hill Polygon,2026-07-12,1,FRIDAY,39,8.0,0,0,1,8.0000000000000000,0,1,0.00,0.00,0.00,0.00,0.00
149,Opera Tower,US,FL,Miami,Edgewater Polygon,2026-07-26,3,TUESDAY,134,3.5,0,0,1,8.0000000000000000,0E-20,1,0.00,0.00,0.00,0.00,0.00
171,22 Skyview Apartments,US,FL,Miami,Edgewater Polygon,2026-07-26,3,FRIDAY,138,6.0,1,0,1,8.0000000000000000,0E-20,1,0.00,0.00,0.00,0.00,0.00
54,Nine 52,US,NY,New York,Hell's Kitchen Polygon,2026-07-05,4,FRIDAY,73,0.5,1,0,0,8.0000000000000000,0E-20,1,0.00,0.00,0.00,0.00,0.00
119,535 W 43rd Street,US,NY,New York,Hell's Kitchen Polygon,2026-07-05,4,WEDNESDAY,63,1.5,3,0,0,8.0000000000000000,0E-20,1,0.00,0.00,0.00,0.00,0.00
9,The Enclave,US,NJ,Jersey City,Hoboken Polygon,2026-07-19,2,THURSDAY,139,4.0,0,0,1,8.0000000000000000,0E-20,1,0.00,0.00,0.00,0.00,0.00
140,Southgate Towers,US,FL,Miami Beach,Miami Beach Polygon,2026-07-26,3,FRIDAY,110,1.5,0,1,0,8.0000000000000000,0E-20,1,0.00,0.00,0.00,0.00,0.00
144,Waters Edge,US,NJ,Harrison,Harrison Polygon,2026-07-05,4,TUESDAY,15,4.0,1,2,0,8.0000000000000000,0E-20,1,0.00,0.00,0.00,0.00,0.00
180,1800 Biscayne Plaza,US,FL,Miami,Edgewater Polygon,2026-07-12,1,WEDNESDAY,134,4.0,0,1,1,8.0000000000000000,0E-20,1,0.00,0.00,0.00,0.00,0.00
115,Grove Central Residences,US,FL,Miami,Flow Brickell Polygon,2026-07-12,1,FRIDAY,92,1.5,0,1,0,8.0000000000000000,0E-20,1,0.00,0.00,0.00,0.00,0.00
212,39 New York Ave,US,NJ,Jersey City,Hoboken Polygon,2026-07-12,1,MONDAY,65,0.5,1,0,0,8.0000000000000000,0E-20,1,0.00,0.00,0.00,0.00,0.00
269,20 Exchange Place,US,NY,New York,Financial District Polygon,2026-07-05,4,WEDNESDAY,39,3.5,1,0,1,8.0000000000000000,0E-20,1,0.00,0.00,0.00,0.00,0.00
207,561 10th Avenue,US,NY,New York,Hell's Kitchen Polygon,2026-07-05,4,MONDAY,73,1.5,2,0,0,8.0000000000000000,0E-20,1,0.00,0.00,0.00,0.00,0.00
52,330 Angelo Cifelli,US,NJ,Harrison,Harrison Polygon,2026-07-26,3,THURSDAY,15,2.5,1,1,0,8.0000000000000000,0E-20,1,0.00,0.00,0.00,0.00,0.00
260,Cocoa Exchange,US,NY,New York,Financial District Polygon,2026-07-26,3,FRIDAY,45,4.0,3,1,0,8.0000000000000000,0E-20,1,0.00,0.00,0.00,0.00,0.00
8,One Ten,US,NJ,Jersey City,Hoboken Polygon,2026-07-12,1,THURSDAY,139,1.5,0,1,0,8.0000000000000000,0E-20,1,0.00,0.00,0.00,0.00,0.00
120,66 Rockwell Place,US,NY,Brooklyn,Brooklyn Heights Polygon,2026-07-26,3,FRIDAY,39,4.5,1,0,1,8.0000000000000000,0E-20,1,0.00,0.00,0.00,0.00,0.00
9,The Enclave,US,NJ,Jersey City,Hoboken Polygon,2026-07-19,2,FRIDAY,65,1.0,1,0,0,8.0000000000000000,0E-20,1,0.00,0.00,0.00,0.00,0.00
63,Agnes,US,NJ,Jersey City,Floating Jersey,2026-07-19,2,THURSDAY,139,4.0,0,0,1,8.0000000000000000,0E-20,1,0.00,0.00,0.00,0.00,0.00
10,829 Garfield,US,NJ,Jersey City,Floating Jersey,2026-07-19,2,MONDAY,139,3.0,1,1,0,8.0000000000000000,0E-20,1,0.00,0.00,0.00,0.00,0.00
230,378 Bergen Street,US,NY,Brooklyn,Boerum Hill Polygon,2026-07-26,3,WEDNESDAY,100,5.5,0,0,1,8.0000000000000000,0E-20,1,0.00,0.00,0.00,0.00,0.00
54,Nine 52,US,NY,New York,Hell's Kitchen Polygon,2026-07-19,2,FRIDAY,63,1.5,2,0,0,8.0000000000000000,0E-20,1,0.00,0.00,0.00,0.00,0.00
126,The Landing,US,NY,Brooklyn,Brooklyn Heights Polygon,2026-07-05,4,WEDNESDAY,39,3.5,1,0,1,8.0000000000000000,0E-20,1,0.00,0.00,0.00,0.00,0.00
215,Elysee Miami,US,FL,Miami,Edgewater Polygon,2026-07-12,1,WEDNESDAY,138,4.5,1,0,1,8.0000000000000000,0E-20,1,0.00,0.00,0.00,0.00,0.00
44,330W-56th,US,NY,New York,Hell's Kitchen Polygon,2026-07-12,1,MONDAY,63,1.5,2,0,0,8.0000000000000000,0E-20,1,0.00,0.00,0.00,0.00,0.00
150,Quantum on the Bay Condominium,US,FL,Miami,Edgewater Polygon,2026-07-19,2,THURSDAY,134,2.5,1,1,0,8.0000000000000000,0E-20,1,0.00,0.00,0.00,0.00,0.00
221,Mirador 1000,US,FL,Miami Beach,Miami Beach Polygon,2026-07-12,1,TUESDAY,110,2.0,1,1,0,8.0000000000000000,0E-20,1,0.00,0.00,0.00,0.00,0.00
129,544 Carroll,US,NY,Brooklyn,Boerum Hill Polygon,2026-07-05,4,TUESDAY,100,2.5,1,1,0,8.0000000000000000,0E-20,1,0.00,0.00,0.00,0.00,0.00
76,Woodside Central,US,NY,Queens,Floating NY 1,2026-07-26,3,MONDAY,36,6.0,1,0,1,8.0000000000000000,0E-20,1,0.00,0.00,0.00,0.00,0.00
213,1330 West Avenue,US,FL,Miami Beach,Miami Beach Polygon,2026-07-12,1,THURSDAY,118,7.0,0,0,2,8.0000000000000000,0,1,0.00,0.00,0.00,0.00,0.00
95,416 Kent Avenue,US,NY,Brooklyn,Williamsburg Polygon,2026-07-12,1,WEDNESDAY,90,1.5,2,0,0,8.0000000000000000,0E-20,1,0.00,0.00,0.00,0.00,0.00
204,1717 North Bayshore Drive,US,FL,Miami,Edgewater Polygon,2026-07-05,4,THURSDAY,134,4.5,1,0,1,8.0000000000000000,0E-20,1,0.00,0.00,0.00,0.00,0.00
194,The Atelier Condo NYC,US,NY,New York,Hell's Kitchen Polygon,2026-07-19,2,WEDNESDAY,97,0.5,1,0,0,8.0000000000000000,0E-20,1,0.00,0.00,0.00,0.00,0.00
44,330W-56th,US,NY,New York,Hell's Kitchen Polygon,2026-07-26,3,WEDNESDAY,97,0,0,0,0,8.0000000000000000,0E-20,1,0.00,0.00,0.00,0.00,0.00
9,The Enclave,US,NJ,Jersey City,Hoboken Polygon,2026-07-05,4,MONDAY,65,7.0,0,1,1,8.0000000000000000,0,1,0.00,0.00,0.00,0.00,0.00
221,Mirador 1000,US,FL,Miami Beach,Miami Beach Polygon,2026-07-19,2,WEDNESDAY,118,0,0,0,0,8.0000000000000000,0E-20,1,0.00,0.00,0.00,0.00,0.00
249,605 West 42nd Street,US,NY,New York,Hell's Kitchen Polygon,2026-07-19,2,WEDNESDAY,97,0.5,1,0,0,8.0000000000000000,0E-20,1,0.00,0.00,0.00,0.00,0.00
124,The Kestrel,US,NY,Brooklyn,Floating NY 2,2026-07-19,2,WEDNESDAY,39,3.5,1,0,1,8.0000000000000000,0E-20,1,0.00,0.00,0.00,0.00,0.00
54,Nine 52,US,NY,New York,Hell's Kitchen Polygon,2026-07-05,4,MONDAY,63,3.0,4,0,0,8.0000000000000000,0E-20,1,0.00,0.00,0.00,0.00,0.00
10,829 Garfield,US,NJ,Jersey City,Floating Jersey,2026-07-05,4,FRIDAY,139,3.0,1,1,0,8.0000000000000000,0E-20,1,0.00,0.00,0.00,0.00,0.00
77,Oliver on the Hudson,US,NJ,Jersey City,Floating Jersey,2026-07-19,2,FRIDAY,139,0.5,1,0,0,8.0000000000000000,0E-20,1,0.00,0.00,0.00,0.00,0.00
61,Stonehill,US,NJ,West Orange,Chatham / West Orange Polygon,2026-07-19,2,THURSDAY,64,7.0,0,0,2,8.0000000000000000,0,1,0.00,0.00,0.00,0.00,0.00
93,Union Channel ,US,NY,Brooklyn,Boerum Hill Polygon,2026-07-12,1,FRIDAY,39,8.0,0,0,1,8.0000000000000000,0,1,0.00,0.00,0.00,0.00,0.00
149,Opera Tower,US,FL,Miami,Edgewater Polygon,2026-07-19,2,WEDNESDAY,138,1.5,0,1,0,8.0000000000000000,0E-20,1,0.00,0.00,0.00,0.00,0.00
214,1 Boerum Place,US,NY,Brooklyn,Brooklyn Heights Polygon,2026-07-19,2,WEDNESDAY,77,8.0,0,0,1,8.0000000000000000,0,1,0.00,0.00,0.00,0.00,0.00
197,251 NE 20th St apt 3506,US,FL,Miami,Edgewater Polygon,2026-07-26,3,THURSDAY,134,3.0,1,0,1,8.0000000000000000,0E-20,1,0.00,0.00,0.00,0.00,0.00
213,1330 West Avenue,US,FL,Miami Beach,Miami Beach Polygon,2026-07-05,4,WEDNESDAY,118,1.0,2,0,0,8.0000000000000000,0E-20,1,0.00,0.00,0.00,0.00,0.00
212,39 New York Ave,US,NJ,Jersey City,Hoboken Polygon,2026-07-19,2,WEDNESDAY,139,4.0,3,1,0,8.0000000000000000,0E-20,1,0.00,0.00,0.00,0.00,0.00
207,561 10th Avenue,US,NY,New York,Hell's Kitchen Polygon,2026-07-05,4,FRIDAY,63,0,0,0,0,8.0000000000000000,0E-20,1,0.00,0.00,0.00,0.00,0.00
204,1717 North Bayshore Drive,US,FL,Miami,Edgewater Polygon,2026-07-12,1,WEDNESDAY,134,4.0,0,1,1,8.0000000000000000,0E-20,1,0.00,0.00,0.00,0.00,0.00
98,345 Baldwin Avenue,US,NJ,Jersey City,Floating Jersey,2026-07-19,2,MONDAY,139,3.0,1,1,0,8.0000000000000000,0E-20,1,0.00,0.00,0.00,0.00,0.00
68,655 Union,US,NY,Brooklyn,Boerum Hill Polygon,2026-07-26,3,MONDAY,39,4.5,0,1,1,8.0000000000000000,0E-20,1,0.00,0.00,0.00,0.00,0.00
122,Flamingo Point North Tower,US,FL,Miami Beach,Miami Beach Polygon,2026-07-26,3,TUESDAY,118,4.5,0,0,1,8.0000000000000000,0E-20,1,0.00,0.00,0.00,0.00,0.00
220,Bay Parc,US,FL,Miami,Edgewater Polygon,2026-07-12,1,TUESDAY,138,6.0,0,2,1,8.0000000000000000,0E-20,1,0.00,0.00,0.00,0.00,0.00
41,John Street 116,US,NY,New York,Financial District Polygon,2026-07-26,3,THURSDAY,39,6.5,0,0,1,8.0000000000000000,0E-20,1,0.00,0.00,0.00,0.00,0.00
44,330W-56th,US,NY,New York,Hell's Kitchen Polygon,2026-07-12,1,FRIDAY,73,2.0,3,0,0,8.0000000000000000,0E-20,1,0.00,0.00,0.00,0.00,0.00
153,Watermarc at Biscayne Bay,US,FL,Miami,Edgewater Polygon,2026-07-19,2,FRIDAY,134,2.5,1,1,0,8.0000000000000000,0E-20,1,0.00,0.00,0.00,0.00,0.00
269,20 Exchange Place,US,NY,New York,Financial District Polygon,2026-07-19,2,TUESDAY,45,3.5,0,2,0,8.0000000000000000,0E-20,1,0.00,0.00,0.00,0.00,0.00
117,The Landon,US,NY,New York,Hell's Kitchen Polygon,2026-07-12,1,MONDAY,60,1.0,2,0,0,8.0000000000000000,0E-20,1,0.00,0.00,0.00,0.00,0.00
93,Union Channel ,US,NY,Brooklyn,Boerum Hill Polygon,2026-07-26,3,WEDNESDAY,100,5.5,0,0,1,8.0000000000000000,0E-20,1,0.00,0.00,0.00,0.00,0.00
272,Harrison Urby Apartments,US,NJ,Harrison,Harrison Polygon,2026-07-05,4,TUESDAY,15,4.0,1,2,0,8.0000000000000000,0E-20,1,0.00,0.00,0.00,0.00,0.00
120,66 Rockwell Place,US,NY,Brooklyn,Brooklyn Heights Polygon,2026-07-19,2,THURSDAY,77,8.0,0,0,1,8.0000000000000000,0,1,0.00,0.00,0.00,0.00,0.00
205,1 River Place,US,NY,New York,Hell's Kitchen Polygon,2026-07-05,4,MONDAY,60,1.0,2,0,0,8.0000000000000000,0E-20,1,0.00,0.00,0.00,0.00,0.00
117,The Landon,US,NY,New York,Hell's Kitchen Polygon,2026-07-26,3,FRIDAY,63,4.5,1,0,1,8.0000000000000000,0E-20,1,0.00,0.00,0.00,0.00,0.00
207,561 10th Avenue,US,NY,New York,Hell's Kitchen Polygon,2026-07-19,2,TUESDAY,73,0.5,1,0,0,8.0000000000000000,0E-20,1,0.00,0.00,0.00,0.00,0.00
17,River Place,US,NY,New York,Hell's Kitchen Polygon,2026-07-26,3,THURSDAY,63,3.0,4,0,0,8.0000000000000000,0E-20,1,0.00,0.00,0.00,0.00,0.00
129,544 Carroll,US,NY,Brooklyn,Boerum Hill Polygon,2026-07-05,4,FRIDAY,100,6.0,0,0,1,8.0000000000000000,0E-20,1,0.00,0.00,0.00,0.00,0.00
129,544 Carroll,US,NY,Brooklyn,Boerum Hill Polygon,2026-07-26,3,THURSDAY,39,6.5,0,0,1,8.0000000000000000,0E-20,1,0.00,0.00,0.00,0.00,0.00
221,Mirador 1000,US,FL,Miami Beach,Miami Beach Polygon,2026-07-12,1,FRIDAY,110,0,0,0,0,8.0000000000000000,0E-20,1,0.00,0.00,0.00,0.00,0.00
144,Waters Edge,US,NJ,Harrison,Harrison Polygon,2026-07-19,2,MONDAY,15,2.0,3,0,0,8.0000000000000000,0E-20,1,0.00,0.00,0.00,0.00,0.00
56,The Dime,US,NY,Brooklyn,Williamsburg Polygon,2026-07-12,1,TUESDAY,95,9.0,0,0,1,9.0000000000000000,0,1,0.00,0.00,0.00,0.00,0.00
171,22 Skyview Apartments,US,FL,Miami,Edgewater Polygon,2026-07-19,2,WEDNESDAY,134,3.5,1,0,1,8.0000000000000000,0E-20,1,0.00,0.00,0.00,0.00,0.00
127,220 East 72nd Street,US,NY,New York,Floating NY 2,2026-07-26,3,WEDNESDAY,39,3.0,1,1,0,8.0000000000000000,0E-20,1,0.00,0.00,0.00,0.00,0.00
93,Union Channel ,US,NY,Brooklyn,Boerum Hill Polygon,2026-07-12,1,TUESDAY,39,5.0,1,0,1,8.0000000000000000,0E-20,1,0.00,0.00,0.00,0.00,0.00
191,2001 Biscayne Boulevard,US,FL,Miami,Edgewater Polygon,2026-07-19,2,WEDNESDAY,138,1.5,0,1,0,8.0000000000000000,0E-20,1,0.00,0.00,0.00,0.00,0.00
10,829 Garfield,US,NJ,Jersey City,Floating Jersey,2026-07-05,4,TUESDAY,139,4.5,1,0,1,8.0000000000000000,0E-20,1,0.00,0.00,0.00,0.00,0.00
145,Dey and Bergen,US,NJ,Harrison,Harrison Polygon,2026-07-19,2,THURSDAY,15,5.5,2,0,1,8.0000000000000000,0E-20,1,0.00,0.00,0.00,0.00,0.00
53,The Eddy,US,NJ,Harrison,Harrison Polygon,2026-07-19,2,THURSDAY,139,4.0,0,0,1,8.0000000000000000,0E-20,1,0.00,0.00,0.00,0.00,0.00
197,251 NE 20th St apt 3506,US,FL,Miami,Edgewater Polygon,2026-07-12,1,MONDAY,138,2.5,0,0,1,8.0000000000000000,0E-20,1,0.00,0.00,0.00,0.00,0.00
203,Venetia Condominium,US,FL,Miami,Edgewater Polygon,2026-07-26,3,WEDNESDAY,134,1.5,0,1,0,8.0000000000000000,0E-20,1,0.00,0.00,0.00,0.00,0.00
123,Flamingo South Beach,US,FL,Miami Beach,Miami Beach Polygon,2026-07-05,4,FRIDAY,137,5.5,0,0,2,8.0000000000000000,0E-20,1,0.00,0.00,0.00,0.00,0.00
194,The Atelier Condo NYC,US,NY,New York,Hell's Kitchen Polygon,2026-07-05,4,MONDAY,60,1.0,2,0,0,8.0000000000000000,0E-20,1,0.00,0.00,0.00,0.00,0.00
122,Flamingo Point North Tower,US,FL,Miami Beach,Miami Beach Polygon,2026-07-26,3,FRIDAY,118,1.5,2,0,0,8.0000000000000000,0E-20,1,0.00,0.00,0.00,0.00,0.00
47,1 Boerum PL,US,NY,Brooklyn,Floating NY 2,2026-07-26,3,MONDAY,39,4.5,0,1,1,8.0000000000000000,0E-20,1,0.00,0.00,0.00,0.00,0.00
91,Alta,US,NY,Queens,Floating NY 1,2026-07-26,3,THURSDAY,36,4.0,1,0,1,8.0000000000000000,0E-20,1,0.00,0.00,0.00,0.00,0.00
114,20 Broad Street,US,NY,New York,Financial District Polygon,2026-07-19,2,TUESDAY,45,3.5,0,2,0,8.0000000000000000,0E-20,1,0.00,0.00,0.00,0.00,0.00
207,561 10th Avenue,US,NY,New York,Hell's Kitchen Polygon,2026-07-05,4,TUESDAY,63,2.0,1,1,0,8.0000000000000000,0E-20,1,0.00,0.00,0.00,0.00,0.00
118,The Bergen,US,NY,Brooklyn,Boerum Hill Polygon,2026-07-19,2,FRIDAY,100,6.0,0,0,1,8.0000000000000000,0E-20,1,0.00,0.00,0.00,0.00,0.00
112,Plank Road,US,NY,Brooklyn,Boerum Hill Polygon,2026-07-19,2,THURSDAY,96,2.5,1,1,0,8.0000000000000000,0E-20,1,0.00,0.00,0.00,0.00,0.00
140,Southgate Towers,US,FL,Miami Beach,Miami Beach Polygon,2026-07-19,2,MONDAY,137,1.0,2,0,0,8.0000000000000000,0E-20,1,0.00,0.00,0.00,0.00,0.00
111,Brooklyn Crossing,US,NY,Brooklyn,Boerum Hill Polygon,2026-07-12,1,MONDAY,96,7.0,0,0,2,8.0000000000000000,0,1,0.00,0.00,0.00,0.00,0.00
272,Harrison Urby Apartments,US,NJ,Harrison,Harrison Polygon,2026-07-05,4,FRIDAY,15,0.5,1,0,0,8.0000000000000000,0E-20,1,0.00,0.00,0.00,0.00,0.00
249,605 West 42nd Street,US,NY,New York,Hell's Kitchen Polygon,2026-07-05,4,MONDAY,60,1.0,2,0,0,8.0000000000000000,0E-20,1,0.00,0.00,0.00,0.00,0.00
151,Cite On The Bay,US,FL,Miami,Edgewater Polygon,2026-07-19,2,MONDAY,134,0.5,1,0,0,8.0000000000000000,0E-20,1,0.00,0.00,0.00,0.00,0.00
269,20 Exchange Place,US,NY,New York,Financial District Polygon,2026-07-19,2,FRIDAY,45,5.0,1,1,1,8.0000000000000000,0E-20,1,0.00,0.00,0.00,0.00,0.00
117,The Landon,US,NY,New York,Hell's Kitchen Polygon,2026-07-19,2,THURSDAY,97,1.0,1,0,0,8.0000000000000000,0E-20,1,0.00,0.00,0.00,0.00,0.00
44,330W-56th,US,NY,New York,Hell's Kitchen Polygon,2026-07-12,1,TUESDAY,73,2.0,0,1,0,8.0000000000000000,0E-20,1,0.00,0.00,0.00,0.00,0.00
44,330W-56th,US,NY,New York,Hell's Kitchen Polygon,2026-07-26,3,FRIDAY,60,0.5,1,0,0,8.0000000000000000,0E-20,1,0.00,0.00,0.00,0.00,0.00
98,345 Baldwin Avenue,US,NJ,Jersey City,Floating Jersey,2026-07-05,4,TUESDAY,139,4.5,1,0,1,8.0000000000000000,0E-20,1,0.00,0.00,0.00,0.00,0.00
92,The Buchanan,US,NY,New York,Floating NY 1,2026-07-12,1,TUESDAY,36,2.5,0,0,1,8.0000000000000000,0E-20,1,0.00,0.00,0.00,0.00,0.00
53,The Eddy,US,NJ,Harrison,Harrison Polygon,2026-07-12,1,TUESDAY,15,5.0,0,0,1,8.0000000000000000,0E-20,1,0.00,0.00,0.00,0.00,0.00
194,The Atelier Condo NYC,US,NY,New York,Hell's Kitchen Polygon,2026-07-19,2,FRIDAY,60,0,0,0,0,8.0000000000000000,0E-20,1,0.00,0.00,0.00,0.00,0.00
117,The Landon,US,NY,New York,Hell's Kitchen Polygon,2026-07-26,3,MONDAY,73,4.0,3,0,1,8.0000000000000000,0E-20,1,0.00,0.00,0.00,0.00,0.00
230,378 Bergen Street,US,NY,Brooklyn,Boerum Hill Polygon,2026-07-05,4,THURSDAY,96,2.5,0,0,1,8.0000000000000000,0E-20,1,0.00,0.00,0.00,0.00,0.00
118,The Bergen,US,NY,Brooklyn,Boerum Hill Polygon,2026-07-05,4,MONDAY,100,3.0,2,1,0,8.0000000000000000,0E-20,1,0.00,0.00,0.00,0.00,0.00
140,Southgate Towers,US,FL,Miami Beach,Miami Beach Polygon,2026-07-05,4,FRIDAY,137,5.5,0,0,2,8.0000000000000000,0E-20,1,0.00,0.00,0.00,0.00,0.00
171,22 Skyview Apartments,US,FL,Miami,Edgewater Polygon,2026-07-26,3,TUESDAY,138,7.5,0,0,2,8.0000000000000000,0E-16,1,0.00,0.00,0.00,0.00,0.00
114,20 Broad Street,US,NY,New York,Financial District Polygon,2026-07-12,1,THURSDAY,39,3.5,1,0,1,8.0000000000000000,0E-20,1,0.00,0.00,0.00,0.00,0.00
17,River Place,US,NY,New York,Hell's Kitchen Polygon,2026-07-05,4,MONDAY,97,3.0,1,0,1,8.0000000000000000,0E-20,1,0.00,0.00,0.00,0.00,0.00
149,Opera Tower,US,FL,Miami,Edgewater Polygon,2026-07-26,3,FRIDAY,134,1.0,1,0,0,8.0000000000000000,0E-20,1,0.00,0.00,0.00,0.00,0.00
6,100 House,US,NJ,Jersey City,Hoboken Polygon,2026-07-05,4,WEDNESDAY,139,1.0,1,0,0,8.0000000000000000,0E-20,1,0.00,0.00,0.00,0.00,0.00
230,378 Bergen Street,US,NY,Brooklyn,Boerum Hill Polygon,2026-07-12,1,TUESDAY,39,5.0,1,0,1,8.0000000000000000,0E-20,1,0.00,0.00,0.00,0.00,0.00
272,Harrison Urby Apartments,US,NJ,Harrison,Harrison Polygon,2026-07-19,2,MONDAY,15,2.0,3,0,0,8.0000000000000000,0E-20,1,0.00,0.00,0.00,0.00,0.00
205,1 River Place,US,NY,New York,Hell's Kitchen Polygon,2026-07-19,2,TUESDAY,60,3.5,1,0,1,8.0000000000000000,0E-20,1,0.00,0.00,0.00,0.00,0.00
198,Quantum on the Bay,US,FL,Miami,Edgewater Polygon,2026-07-12,1,TUESDAY,134,2.5,0,0,1,8.0000000000000000,0E-20,1,0.00,0.00,0.00,0.00,0.00
269,20 Exchange Place,US,NY,New York,Financial District Polygon,2026-07-05,4,MONDAY,45,5.5,1,0,1,8.0000000000000000,0E-20,1,0.00,0.00,0.00,0.00,0.00
151,Cite On The Bay,US,FL,Miami,Edgewater Polygon,2026-07-05,4,FRIDAY,134,0.5,1,0,0,8.0000000000000000,0E-20,1,0.00,0.00,0.00,0.00,0.00
249,605 West 42nd Street,US,NY,New York,Hell's Kitchen Polygon,2026-07-19,2,FRIDAY,60,0,0,0,0,8.0000000000000000,0E-20,1,0.00,0.00,0.00,0.00,0.00
134,Livana East Hanover,US,NJ,East Hanover,Chatham / West Orange Polygon,2026-07-26,3,THURSDAY,64,2.5,0,0,1,8.0000000000000000,0E-20,1,0.00,0.00,0.00,0.00,0.00
191,2001 Biscayne Boulevard,US,FL,Miami,Edgewater Polygon,2026-07-26,3,TUESDAY,134,3.5,0,0,1,8.0000000000000000,0E-20,1,0.00,0.00,0.00,0.00,0.00
213,1330 West Avenue,US,FL,Miami Beach,Miami Beach Polygon,2026-07-12,1,MONDAY,110,2.5,2,1,0,8.0000000000000000,0E-20,1,0.00,0.00,0.00,0.00,0.00
131,The Addison,US,NY,Brooklyn,Brooklyn Heights Polygon,2026-07-12,1,FRIDAY,39,8.0,0,0,1,8.0000000000000000,0,1,0.00,0.00,0.00,0.00,0.00
15,Silver Towers,US,NY,New York,Hell's Kitchen Polygon,2026-07-12,1,THURSDAY,36,2.5,1,1,0,8.0000000000000000,0E-20,1,0.00,0.00,0.00,0.00,0.00
203,Venetia Condominium,US,FL,Miami,Edgewater Polygon,2026-07-19,2,TUESDAY,138,0.5,1,0,0,8.0000000000000000,0E-20,1,0.00,0.00,0.00,0.00,0.00
121,Flamingo Point Center Tower,US,FL,Miami Beach,Miami Beach Polygon,2026-07-26,3,WEDNESDAY,137,4.5,0,1,1,8.0000000000000000,0E-20,1,0.00,0.00,0.00,0.00,0.00
120,66 Rockwell Place,US,NY,Brooklyn,Brooklyn Heights Polygon,2026-07-26,3,TUESDAY,39,7.0,0,1,1,8.0000000000000000,0E-20,1,0.00,0.00,0.00,0.00,0.00
260,Cocoa Exchange,US,NY,New York,Financial District Polygon,2026-07-26,3,TUESDAY,45,5.5,0,0,1,8.0000000000000000,0E-20,1,0.00,0.00,0.00,0.00,0.00
230,378 Bergen Street,US,NY,Brooklyn,Boerum Hill Polygon,2026-07-12,1,WEDNESDAY,96,2.5,1,1,0,8.0000000000000000,0E-20,1,0.00,0.00,0.00,0.00,0.00
129,544 Carroll,US,NY,Brooklyn,Boerum Hill Polygon,2026-07-19,2,MONDAY,100,5.0,1,0,1,8.0000000000000000,0E-20,1,0.00,0.00,0.00,0.00,0.00
199,1800 Club,US,FL,Miami,Edgewater Polygon,2026-07-12,1,TUESDAY,138,6.0,0,2,1,8.0000000000000000,0E-20,1,0.00,0.00,0.00,0.00,0.00
115,Grove Central Residences,US,FL,Miami,Flow Brickell Polygon,2026-07-12,1,TUESDAY,92,4.5,1,0,1,8.0000000000000000,0E-20,1,0.00,0.00,0.00,0.00,0.00
144,Waters Edge,US,NJ,Harrison,Harrison Polygon,2026-07-05,4,FRIDAY,15,0.5,1,0,0,8.0000000000000000,0E-20,1,0.00,0.00,0.00,0.00,0.00
140,Southgate Towers,US,FL,Miami Beach,Miami Beach Polygon,2026-07-26,3,TUESDAY,110,2.5,1,1,0,8.0000000000000000,0E-20,1,0.00,0.00,0.00,0.00,0.00
6,100 House,US,NJ,Jersey City,Hoboken Polygon,2026-07-12,1,THURSDAY,139,1.5,0,1,0,8.0000000000000000,0E-20,1,0.00,0.00,0.00,0.00,0.00
114,20 Broad Street,US,NY,New York,Financial District Polygon,2026-07-05,4,WEDNESDAY,39,3.5,1,0,1,8.0000000000000000,0E-20,1,0.00,0.00,0.00,0.00,0.00
54,Nine 52,US,NY,New York,Hell's Kitchen Polygon,2026-07-19,2,TUESDAY,63,3.0,1,1,0,8.0000000000000000,0E-20,1,0.00,0.00,0.00,0.00,0.00
153,Watermarc at Biscayne Bay,US,FL,Miami,Edgewater Polygon,2026-07-26,3,WEDNESDAY,138,2.5,1,1,0,8.0000000000000000,0E-20,1,0.00,0.00,0.00,0.00,0.00
198,Quantum on the Bay,US,FL,Miami,Edgewater Polygon,2026-07-05,4,TUESDAY,134,0.5,1,0,0,8.0000000000000000,0E-20,1,0.00,0.00,0.00,0.00,0.00
269,20 Exchange Place,US,NY,New York,Financial District Polygon,2026-07-12,1,MONDAY,45,6.0,0,1,1,8.0000000000000000,0E-20,1,0.00,0.00,0.00,0.00,0.00
215,Elysee Miami,US,FL,Miami,Edgewater Polygon,2026-07-26,3,MONDAY,134,4.5,0,0,1,8.0000000000000000,0E-20,1,0.00,0.00,0.00,0.00,0.00
213,1330 West Avenue,US,FL,Miami Beach,Miami Beach Polygon,2026-07-05,4,MONDAY,110,0,0,0,0,8.0000000000000000,0E-20,1,0.00,0.00,0.00,0.00,0.00
6,100 House,US,NJ,Jersey City,Hoboken Polygon,2026-07-12,1,WEDNESDAY,139,2.0,0,1,0,8.0000000000000000,0E-20,1,0.00,0.00,0.00,0.00,0.00
230,378 Bergen Street,US,NY,Brooklyn,Boerum Hill Polygon,2026-07-05,4,TUESDAY,39,3.5,0,0,1,8.0000000000000000,0E-20,1,0.00,0.00,0.00,0.00,0.00
140,Southgate Towers,US,FL,Miami Beach,Miami Beach Polygon,2026-07-12,1,FRIDAY,137,2.0,3,0,0,8.0000000000000000,0E-20,1,0.00,0.00,0.00,0.00,0.00
114,20 Broad Street,US,NY,New York,Financial District Polygon,2026-07-05,4,THURSDAY,39,4.0,0,0,1,8.0000000000000000,0E-20,1,0.00,0.00,0.00,0.00,0.00
117,The Landon,US,NY,New York,Hell's Kitchen Polygon,2026-07-19,2,TUESDAY,60,3.5,1,0,1,8.0000000000000000,0E-20,1,0.00,0.00,0.00,0.00,0.00
153,Watermarc at Biscayne Bay,US,FL,Miami,Edgewater Polygon,2026-07-26,3,THURSDAY,138,2.0,3,0,0,8.0000000000000000,0E-20,1,0.00,0.00,0.00,0.00,0.00
121,Flamingo Point Center Tower,US,FL,Miami Beach,Miami Beach Polygon,2026-07-19,2,FRIDAY,118,1.0,1,0,0,8.0000000000000000,0E-20,1,0.00,0.00,0.00,0.00,0.00
180,1800 Biscayne Plaza,US,FL,Miami,Edgewater Polygon,2026-07-26,3,MONDAY,138,2.5,0,0,1,8.0000000000000000,0E-20,1,0.00,0.00,0.00,0.00,0.00
230,378 Bergen Street,US,NY,Brooklyn,Boerum Hill Polygon,2026-07-12,1,THURSDAY,96,5.5,0,0,2,8.0000000000000000,0E-20,1,0.00,0.00,0.00,0.00,0.00
118,The Bergen,US,NY,Brooklyn,Boerum Hill Polygon,2026-07-12,1,MONDAY,100,3.5,1,0,1,8.0000000000000000,0E-20,1,0.00,0.00,0.00,0.00,0.00
205,1 River Place,US,NY,New York,Hell's Kitchen Polygon,2026-07-26,3,MONDAY,73,4.0,3,0,1,8.0000000000000000,0E-20,1,0.00,0.00,0.00,0.00,0.00
220,Bay Parc,US,FL,Miami,Edgewater Polygon,2026-07-19,2,MONDAY,138,4.0,2,0,1,8.0000000000000000,0E-20,1,0.00,0.00,0.00,0.00,0.00
98,345 Baldwin Avenue,US,NJ,Jersey City,Floating Jersey,2026-07-12,1,TUESDAY,139,1.5,2,0,0,8.0000000000000000,0E-20,1,0.00,0.00,0.00,0.00,0.00
42,The Ivy,US,NJ,Chatham,Chatham / West Orange Polygon,2026-07-26,3,WEDNESDAY,64,1.0,1,0,0,8.0000000000000000,0E-20,1,0.00,0.00,0.00,0.00,0.00
114,20 Broad Street,US,NY,New York,Financial District Polygon,2026-07-12,1,WEDNESDAY,39,3.0,1,1,0,8.0000000000000000,0E-20,1,0.00,0.00,0.00,0.00,0.00
6,100 House,US,NJ,Jersey City,Hoboken Polygon,2026-07-05,4,THURSDAY,139,0.5,1,0,0,8.0000000000000000,0E-20,1,0.00,0.00,0.00,0.00,0.00
199,1800 Club,US,FL,Miami,Edgewater Polygon,2026-07-05,4,TUESDAY,138,4.0,1,0,1,8.0000000000000000,0E-20,1,0.00,0.00,0.00,0.00,0.00
214,1 Boerum Place,US,NY,Brooklyn,Brooklyn Heights Polygon,2026-07-26,3,TUESDAY,39,7.0,0,1,1,8.0000000000000000,0E-20,1,0.00,0.00,0.00,0.00,0.00
221,Mirador 1000,US,FL,Miami Beach,Miami Beach Polygon,2026-07-19,2,MONDAY,110,3.0,2,1,0,8.0000000000000000,0E-20,1,0.00,0.00,0.00,0.00,0.00
144,Waters Edge,US,NJ,Harrison,Harrison Polygon,2026-07-12,1,FRIDAY,15,2.5,4,0,0,8.0000000000000000,0E-20,1,0.00,0.00,0.00,0.00,0.00
276,1510 Bay Road,US,FL,Miami Beach,Miami Beach Polygon,2026-07-26,3,MONDAY,110,4.0,1,0,1,8.0000000000000000,0E-20,1,0.00,0.00,0.00,0.00,0.00
230,378 Bergen Street,US,NY,Brooklyn,Boerum Hill Polygon,2026-07-05,4,WEDNESDAY,96,7.5,0,0,2,8.0000000000000000,0,1,0.00,0.00,0.00,0.00,0.00
93,Union Channel ,US,NY,Brooklyn,Boerum Hill Polygon,2026-07-05,4,TUESDAY,39,3.5,0,0,1,8.0000000000000000,0E-20,1,0.00,0.00,0.00,0.00,0.00
112,Plank Road,US,NY,Brooklyn,Boerum Hill Polygon,2026-07-19,2,WEDNESDAY,96,8.0,0,0,1,8.0000000000000000,0,1,0.00,0.00,0.00,0.00,0.00
207,561 10th Avenue,US,NY,New York,Hell's Kitchen Polygon,2026-07-26,3,MONDAY,60,3.0,2,1,0,8.0000000000000000,0E-20,1,0.00,0.00,0.00,0.00,0.00
150,Quantum on the Bay Condominium,US,FL,Miami,Edgewater Polygon,2026-07-26,3,FRIDAY,138,6.0,1,0,1,8.0000000000000000,0E-20,1,0.00,0.00,0.00,0.00,0.00
10,829 Garfield,US,NJ,Jersey City,Floating Jersey,2026-07-12,1,TUESDAY,139,1.5,2,0,0,8.0000000000000000,0E-20,1,0.00,0.00,0.00,0.00,0.00
44,330W-56th,US,NY,New York,Hell's Kitchen Polygon,2026-07-19,2,TUESDAY,63,3.0,1,1,0,8.0000000000000000,0E-20,1,0.00,0.00,0.00,0.00,0.00
129,544 Carroll,US,NY,Brooklyn,Boerum Hill Polygon,2026-07-26,3,TUESDAY,96,6.0,1,0,1,8.0000000000000000,0E-20,1,0.00,0.00,0.00,0.00,0.00
194,The Atelier Condo NYC,US,NY,New York,Hell's Kitchen Polygon,2026-07-26,3,TUESDAY,63,1.5,0,1,0,8.0000000000000000,0E-20,1,0.00,0.00,0.00,0.00,0.00
117,The Landon,US,NY,New York,Hell's Kitchen Polygon,2026-07-19,2,WEDNESDAY,97,0.5,1,0,0,8.0000000000000000,0E-20,1,0.00,0.00,0.00,0.00,0.00
122,Flamingo Point North Tower,US,FL,Miami Beach,Miami Beach Polygon,2026-07-19,2,WEDNESDAY,137,4.0,1,0,1,8.0000000000000000,0E-20,1,0.00,0.00,0.00,0.00,0.00
203,Venetia Condominium,US,FL,Miami,Edgewater Polygon,2026-07-26,3,THURSDAY,134,3.0,1,0,1,8.0000000000000000,0E-20,1,0.00,0.00,0.00,0.00,0.00
212,39 New York Ave,US,NJ,Jersey City,Hoboken Polygon,2026-07-19,2,TUESDAY,65,5.5,0,0,2,8.0000000000000000,0E-20,1,0.00,0.00,0.00,0.00,0.00
129,544 Carroll,US,NY,Brooklyn,Boerum Hill Polygon,2026-07-12,1,FRIDAY,100,2.5,0,0,1,8.0000000000000000,0E-20,1,0.00,0.00,0.00,0.00,0.00
204,1717 North Bayshore Drive,US,FL,Miami,Edgewater Polygon,2026-07-26,3,MONDAY,138,2.5,0,0,1,8.0000000000000000,0E-20,1,0.00,0.00,0.00,0.00,0.00
221,Mirador 1000,US,FL,Miami Beach,Miami Beach Polygon,2026-07-05,4,FRIDAY,110,1.0,2,0,0,8.0000000000000000,0E-20,1,0.00,0.00,0.00,0.00,0.00
249,605 West 42nd Street,US,NY,New York,Hell's Kitchen Polygon,2026-07-26,3,TUESDAY,63,1.5,0,1,0,8.0000000000000000,0E-20,1,0.00,0.00,0.00,0.00,0.00
125,The Vitagraph,US,NY,Brooklyn,Floating NY 2,2026-07-26,3,MONDAY,39,4.5,0,1,1,8.0000000000000000,0E-20,1,0.00,0.00,0.00,0.00,0.00
205,1 River Place,US,NY,New York,Hell's Kitchen Polygon,2026-07-26,3,FRIDAY,63,4.5,1,0,1,8.0000000000000000,0E-20,1,0.00,0.00,0.00,0.00,0.00
93,Union Channel ,US,NY,Brooklyn,Boerum Hill Polygon,2026-07-12,1,THURSDAY,96,5.5,0,0,2,8.0000000000000000,0E-20,1,0.00,0.00,0.00,0.00,0.00
276,1510 Bay Road,US,FL,Miami Beach,Miami Beach Polygon,2026-07-19,2,TUESDAY,137,3.0,0,2,0,8.0000000000000000,0E-20,1,0.00,0.00,0.00,0.00,0.00
205,1 River Place,US,NY,New York,Hell's Kitchen Polygon,2026-07-19,2,THURSDAY,97,1.0,1,0,0,8.0000000000000000,0E-20,1,0.00,0.00,0.00,0.00,0.00
249,605 West 42nd Street,US,NY,New York,Hell's Kitchen Polygon,2026-07-12,1,MONDAY,60,1.0,2,0,0,8.0000000000000000,0E-20,1,0.00,0.00,0.00,0.00,0.00
171,22 Skyview Apartments,US,FL,Miami,Edgewater Polygon,2026-07-19,2,THURSDAY,134,2.5,1,1,0,8.0000000000000000,0E-20,1,0.00,0.00,0.00,0.00,0.00
131,The Addison,US,NY,Brooklyn,Brooklyn Heights Polygon,2026-07-19,2,MONDAY,39,4.0,0,0,1,8.0000000000000000,0E-20,1,0.00,0.00,0.00,0.00,0.00
213,1330 West Avenue,US,FL,Miami Beach,Miami Beach Polygon,2026-07-19,2,FRIDAY,110,0.5,1,0,0,8.0000000000000000,0E-20,1,0.00,0.00,0.00,0.00,0.00
111,Brooklyn Crossing,US,NY,Brooklyn,Boerum Hill Polygon,2026-07-05,4,MONDAY,96,7.0,0,1,1,8.0000000000000000,0,1,0.00,0.00,0.00,0.00,0.00
127,220 East 72nd Street,US,NY,New York,Floating NY 2,2026-07-26,3,THURSDAY,39,6.5,0,0,1,8.0000000000000000,0E-20,1,0.00,0.00,0.00,0.00,0.00
221,Mirador 1000,US,FL,Miami Beach,Miami Beach Polygon,2026-07-26,3,TUESDAY,137,2.5,1,1,0,8.0000000000000000,0E-20,1,0.00,0.00,0.00,0.00,0.00
191,2001 Biscayne Boulevard,US,FL,Miami,Edgewater Polygon,2026-07-19,2,THURSDAY,138,3.5,2,0,1,8.0000000000000000,0E-20,1,0.00,0.00,0.00,0.00,0.00
272,Harrison Urby Apartments,US,NJ,Harrison,Harrison Polygon,2026-07-12,1,FRIDAY,15,2.5,4,0,0,8.0000000000000000,0E-20,1,0.00,0.00,0.00,0.00,0.00
145,Dey and Bergen,US,NJ,Harrison,Harrison Polygon,2026-07-19,2,WEDNESDAY,15,7.0,0,0,2,8.0000000000000000,0,1,0.00,0.00,0.00,0.00,0.00
41,John Street 116,US,NY,New York,Financial District Polygon,2026-07-26,3,MONDAY,45,1.5,2,0,0,8.0000000000000000,0E-20,1,0.00,0.00,0.00,0.00,0.00
183,1800 North Bayshore Drive,US,FL,Miami,Edgewater Polygon,2026-07-26,3,FRIDAY,138,6.0,1,0,1,8.0000000000000000,0E-20,1,0.00,0.00,0.00,0.00,0.00
207,561 10th Avenue,US,NY,New York,Hell's Kitchen Polygon,2026-07-12,1,TUESDAY,63,1.0,1,0,0,8.0000000000000000,0E-20,1,0.00,0.00,0.00,0.00,0.00
54,Nine 52,US,NY,New York,Hell's Kitchen Polygon,2026-07-26,3,FRIDAY,60,0.5,1,0,0,8.0000000000000000,0E-20,1,0.00,0.00,0.00,0.00,0.00
169,Aria on the Bay Condominium Association  INC,US,FL,Miami,Edgewater Polygon,2026-07-19,2,MONDAY,138,4.0,2,0,1,8.0000000000000000,0E-20,1,0.00,0.00,0.00,0.00,0.00
112,Plank Road,US,NY,Brooklyn,Boerum Hill Polygon,2026-07-19,2,TUESDAY,39,3.0,2,1,0,8.0000000000000000,0E-20,1,0.00,0.00,0.00,0.00,0.00
93,Union Channel ,US,NY,Brooklyn,Boerum Hill Polygon,2026-07-05,4,WEDNESDAY,96,7.5,0,0,2,8.0000000000000000,0,1,0.00,0.00,0.00,0.00,0.00
129,544 Carroll,US,NY,Brooklyn,Boerum Hill Polygon,2026-07-26,3,WEDNESDAY,39,3.0,1,1,0,8.0000000000000000,0E-20,1,0.00,0.00,0.00,0.00,0.00
194,The Atelier Condo NYC,US,NY,New York,Hell's Kitchen Polygon,2026-07-12,1,MONDAY,60,1.0,2,0,0,8.0000000000000000,0E-20,1,0.00,0.00,0.00,0.00,0.00
42,The Ivy,US,NJ,Chatham,Chatham / West Orange Polygon,2026-07-12,1,WEDNESDAY,64,4.0,0,0,1,8.0000000000000000,0E-20,1,0.00,0.00,0.00,0.00,0.00
114,20 Broad Street,US,NY,New York,Financial District Polygon,2026-07-26,3,WEDNESDAY,39,3.0,1,1,0,8.0000000000000000,0E-20,1,0.00,0.00,0.00,0.00,0.00
128,250 E Houston,US,NY,New York,Floating NY 2,2026-07-19,2,TUESDAY,39,3.0,2,1,0,8.0000000000000000,0E-20,1,0.00,0.00,0.00,0.00,0.00
68,655 Union,US,NY,Brooklyn,Boerum Hill Polygon,2026-07-19,2,WEDNESDAY,96,8.0,0,0,1,8.0000000000000000,0,1,0.00,0.00,0.00,0.00,0.00
134,Livana East Hanover,US,NJ,East Hanover,Chatham / West Orange Polygon,2026-07-12,1,WEDNESDAY,64,4.0,0,0,1,8.0000000000000000,0E-20,1,0.00,0.00,0.00,0.00,0.00
76,Woodside Central,US,NY,Queens,Floating NY 1,2026-07-19,2,TUESDAY,36,2.5,2,1,0,8.0000000000000000,0E-20,1,0.00,0.00,0.00,0.00,0.00
144,Waters Edge,US,NJ,Harrison,Harrison Polygon,2026-07-26,3,FRIDAY,15,5.5,1,1,1,8.0000000000000000,0E-20,1,0.00,0.00,0.00,0.00,0.00
214,1 Boerum Place,US,NY,Brooklyn,Brooklyn Heights Polygon,2026-07-12,1,TUESDAY,39,5.0,1,0,1,8.0000000000000000,0E-20,1,0.00,0.00,0.00,0.00,0.00
117,The Landon,US,NY,New York,Hell's Kitchen Polygon,2026-07-19,2,MONDAY,63,1.0,1,0,0,8.0000000000000000,0E-20,1,0.00,0.00,0.00,0.00,0.00
260,Cocoa Exchange,US,NY,New York,Financial District Polygon,2026-07-05,4,TUESDAY,45,2.5,2,1,0,8.0000000000000000,0E-20,1,0.00,0.00,0.00,0.00,0.00
120,66 Rockwell Place,US,NY,Brooklyn,Brooklyn Heights Polygon,2026-07-05,4,TUESDAY,39,3.5,0,0,1,8.0000000000000000,0E-20,1,0.00,0.00,0.00,0.00,0.00
276,1510 Bay Road,US,FL,Miami Beach,Miami Beach Polygon,2026-07-12,1,MONDAY,110,2.5,2,1,0,8.0000000000000000,0E-20,1,0.00,0.00,0.00,0.00,0.00
91,Alta,US,NY,Queens,Floating NY 1,2026-07-12,1,WEDNESDAY,77,2.0,0,1,0,8.0000000000000000,0E-20,1,0.00,0.00,0.00,0.00,0.00
269,20 Exchange Place,US,NY,New York,Financial District Polygon,2026-07-26,3,MONDAY,45,1.5,2,0,0,8.0000000000000000,0E-20,1,0.00,0.00,0.00,0.00,0.00
151,Cite On The Bay,US,FL,Miami,Edgewater Polygon,2026-07-26,3,FRIDAY,134,1.0,1,0,0,8.0000000000000000,0E-20,1,0.00,0.00,0.00,0.00,0.00
134,Livana East Hanover,US,NJ,East Hanover,Chatham / West Orange Polygon,2026-07-05,4,THURSDAY,64,4.5,1,0,1,8.0000000000000000,0E-20,1,0.00,0.00,0.00,0.00,0.00
215,Elysee Miami,US,FL,Miami,Edgewater Polygon,2026-07-12,1,MONDAY,134,1.0,1,0,0,8.0000000000000000,0E-20,1,0.00,0.00,0.00,0.00,0.00
191,2001 Biscayne Boulevard,US,FL,Miami,Edgewater Polygon,2026-07-05,4,TUESDAY,134,0.5,1,0,0,8.0000000000000000,0E-20,1,0.00,0.00,0.00,0.00,0.00
42,The Ivy,US,NJ,Chatham,Chatham / West Orange Polygon,2026-07-05,4,THURSDAY,64,4.5,1,0,1,8.0000000000000000,0E-20,1,0.00,0.00,0.00,0.00,0.00
171,22 Skyview Apartments,US,FL,Miami,Edgewater Polygon,2026-07-05,4,TUESDAY,138,4.0,1,0,1,8.0000000000000000,0E-20,1,0.00,0.00,0.00,0.00,0.00
140,Southgate Towers,US,FL,Miami Beach,Miami Beach Polygon,2026-07-26,3,FRIDAY,137,1.0,2,0,0,8.0000000000000000,0E-20,1,0.00,0.00,0.00,0.00,0.00
149,Opera Tower,US,FL,Miami,Edgewater Polygon,2026-07-05,4,FRIDAY,134,0.5,1,0,0,8.0000000000000000,0E-20,1,0.00,0.00,0.00,0.00,0.00
6,100 House,US,NJ,Jersey City,Hoboken Polygon,2026-07-26,3,WEDNESDAY,139,1.5,2,0,0,8.0000000000000000,0E-20,1,0.00,0.00,0.00,0.00,0.00
140,Southgate Towers,US,FL,Miami Beach,Miami Beach Polygon,2026-07-19,2,THURSDAY,118,4.5,1,0,1,8.0000000000000000,0E-20,1,0.00,0.00,0.00,0.00,0.00
180,1800 Biscayne Plaza,US,FL,Miami,Edgewater Polygon,2026-07-12,1,MONDAY,138,2.5,0,0,1,8.0000000000000000,0E-20,1,0.00,0.00,0.00,0.00,0.00
205,1 River Place,US,NY,New York,Hell's Kitchen Polygon,2026-07-12,1,MONDAY,73,4.5,4,1,0,8.0000000000000000,0E-20,1,0.00,0.00,0.00,0.00,0.00
118,The Bergen,US,NY,Brooklyn,Boerum Hill Polygon,2026-07-26,3,MONDAY,100,6.0,1,0,1,8.0000000000000000,0E-20,1,0.00,0.00,0.00,0.00,0.00
117,The Landon,US,NY,New York,Hell's Kitchen Polygon,2026-07-05,4,MONDAY,73,1.5,2,0,0,8.0000000000000000,0E-20,1,0.00,0.00,0.00,0.00,0.00
230,378 Bergen Street,US,NY,Brooklyn,Boerum Hill Polygon,2026-07-26,3,THURSDAY,96,5.5,0,0,1,8.0000000000000000,0E-20,1,0.00,0.00,0.00,0.00,0.00
44,330W-56th,US,NY,New York,Hell's Kitchen Polygon,2026-07-05,4,FRIDAY,60,1.5,2,0,0,8.0000000000000000,0E-20,1,0.00,0.00,0.00,0.00,0.00
98,345 Baldwin Avenue,US,NJ,Jersey City,Floating Jersey,2026-07-26,3,TUESDAY,139,7.5,0,1,1,8.0000000000000000,0E-16,1,0.00,0.00,0.00,0.00,0.00
75,The Devan,US,NJ,Jersey City,Hoboken Polygon,2026-07-19,2,THURSDAY,139,4.0,0,0,1,8.0000000000000000,0E-20,1,0.00,0.00,0.00,0.00,0.00
68,655 Union,US,NY,Brooklyn,Boerum Hill Polygon,2026-07-19,2,TUESDAY,39,3.0,2,1,0,8.0000000000000000,0E-20,1,0.00,0.00,0.00,0.00,0.00
47,1 Boerum PL,US,NY,Brooklyn,Floating NY 2,2026-07-19,2,FRIDAY,39,5.0,0,0,1,8.0000000000000000,0E-20,1,0.00,0.00,0.00,0.00,0.00
51,300 Somerset,US,NJ,Harrison,Harrison Polygon,2026-07-19,2,TUESDAY,15,4.5,0,1,1,8.0000000000000000,0E-20,1,0.00,0.00,0.00,0.00,0.00
260,Cocoa Exchange,US,NY,New York,Financial District Polygon,2026-07-19,2,WEDNESDAY,39,3.5,1,0,1,8.0000000000000000,0E-20,1,0.00,0.00,0.00,0.00,0.00
249,605 West 42nd Street,US,NY,New York,Hell's Kitchen Polygon,2026-07-26,3,MONDAY,60,3.0,2,1,0,8.0000000000000000,0E-20,1,0.00,0.00,0.00,0.00,0.00
104,Midtown 5,US,FL,Miami,,2026-07-19,2,THURSDAY,138,3.5,2,0,1,8.0000000000000000,0E-20,1,0.00,0.00,0.00,0.00,0.00
221,Mirador 1000,US,FL,Miami Beach,Miami Beach Polygon,2026-07-12,1,TUESDAY,137,3.5,1,0,1,8.0000000000000000,0E-20,1,0.00,0.00,0.00,0.00,0.00
149,Opera Tower,US,FL,Miami,Edgewater Polygon,2026-07-19,2,MONDAY,134,0.5,1,0,0,8.0000000000000000,0E-20,1,0.00,0.00,0.00,0.00,0.00
127,220 East 72nd Street,US,NY,New York,Floating NY 2,2026-07-12,1,THURSDAY,39,3.5,1,0,1,8.0000000000000000,0E-20,1,0.00,0.00,0.00,0.00,0.00
41,John Street 116,US,NY,New York,Financial District Polygon,2026-07-12,1,MONDAY,45,6.0,0,1,1,8.0000000000000000,0E-20,1,0.00,0.00,0.00,0.00,0.00
198,Quantum on the Bay,US,FL,Miami,Edgewater Polygon,2026-07-19,2,THURSDAY,138,3.5,2,0,1,8.0000000000000000,0E-20,1,0.00,0.00,0.00,0.00,0.00
272,Harrison Urby Apartments,US,NJ,Harrison,Harrison Polygon,2026-07-26,3,FRIDAY,15,5.5,1,1,1,8.0000000000000000,0E-20,1,0.00,0.00,0.00,0.00,0.00
54,Nine 52,US,NY,New York,Hell's Kitchen Polygon,2026-07-12,1,FRIDAY,60,1.0,2,0,0,8.0000000000000000,0E-20,1,0.00,0.00,0.00,0.00,0.00
118,The Bergen,US,NY,Brooklyn,Boerum Hill Polygon,2026-07-19,2,THURSDAY,39,3.0,1,0,1,8.0000000000000000,0E-20,1,0.00,0.00,0.00,0.00,0.00
207,561 10th Avenue,US,NY,New York,Hell's Kitchen Polygon,2026-07-26,3,TUESDAY,63,1.5,0,1,0,8.0000000000000000,0E-20,1,0.00,0.00,0.00,0.00,0.00
75,The Devan,US,NJ,Jersey City,Hoboken Polygon,2026-07-05,4,MONDAY,65,7.0,0,1,1,8.0000000000000000,0,1,0.00,0.00,0.00,0.00,0.00
117,The Landon,US,NY,New York,Hell's Kitchen Polygon,2026-07-19,2,FRIDAY,73,1.0,2,0,0,8.0000000000000000,0E-20,1,0.00,0.00,0.00,0.00,0.00
203,Venetia Condominium,US,FL,Miami,Edgewater Polygon,2026-07-05,4,WEDNESDAY,134,0,0,0,0,8.0000000000000000,0E-20,1,0.00,0.00,0.00,0.00,0.00
131,The Addison,US,NY,Brooklyn,Brooklyn Heights Polygon,2026-07-19,2,WEDNESDAY,77,8.0,0,0,1,8.0000000000000000,0,1,0.00,0.00,0.00,0.00,0.00
194,The Atelier Condo NYC,US,NY,New York,Hell's Kitchen Polygon,2026-07-26,3,MONDAY,60,3.0,2,1,0,8.0000000000000000,0E-20,1,0.00,0.00,0.00,0.00,0.00
122,Flamingo Point North Tower,US,FL,Miami Beach,Miami Beach Polygon,2026-07-05,4,FRIDAY,118,2.0,3,0,0,8.0000000000000000,0E-20,1,0.00,0.00,0.00,0.00,0.00
47,1 Boerum PL,US,NY,Brooklyn,Floating NY 2,2026-07-05,4,MONDAY,39,8.0,0,0,1,8.0000000000000000,0,1,0.00,0.00,0.00,0.00,0.00
129,544 Carroll,US,NY,Brooklyn,Boerum Hill Polygon,2026-07-12,1,WEDNESDAY,39,3.0,1,1,0,8.0000000000000000,0E-20,1,0.00,0.00,0.00,0.00,0.00
44,330W-56th,US,NY,New York,Hell's Kitchen Polygon,2026-07-19,2,MONDAY,60,0,0,0,0,8.0000000000000000,0E-20,1,0.00,0.00,0.00,0.00,0.00
123,Flamingo South Beach,US,FL,Miami Beach,Miami Beach Polygon,2026-07-19,2,THURSDAY,118,4.5,1,0,1,8.0000000000000000,0E-20,1,0.00,0.00,0.00,0.00,0.00
127,220 East 72nd Street,US,NY,New York,Floating NY 2,2026-07-05,4,WEDNESDAY,39,3.5,1,0,1,8.0000000000000000,0E-20,1,0.00,0.00,0.00,0.00,0.00
10,829 Garfield,US,NJ,Jersey City,Floating Jersey,2026-07-26,3,TUESDAY,139,7.5,0,1,1,8.0000000000000000,0E-16,1,0.00,0.00,0.00,0.00,0.00
207,561 10th Avenue,US,NY,New York,Hell's Kitchen Polygon,2026-07-12,1,MONDAY,60,1.0,2,0,0,8.0000000000000000,0E-20,1,0.00,0.00,0.00,0.00,0.00
123,Flamingo South Beach,US,FL,Miami Beach,Miami Beach Polygon,2026-07-05,4,TUESDAY,110,1.0,2,0,0,8.0000000000000000,0E-20,1,0.00,0.00,0.00,0.00,0.00
194,The Atelier Condo NYC,US,NY,New York,Hell's Kitchen Polygon,2026-07-12,1,TUESDAY,63,1.0,1,0,0,8.0000000000000000,0E-20,1,0.00,0.00,0.00,0.00,0.00
129,544 Carroll,US,NY,Brooklyn,Boerum Hill Polygon,2026-07-12,1,TUESDAY,96,7.0,0,0,2,8.0000000000000000,0,1,0.00,0.00,0.00,0.00,0.00
119,535 W 43rd Street,US,NY,New York,Hell's Kitchen Polygon,2026-07-19,2,THURSDAY,60,0,0,0,0,8.0000000000000000,0E-20,1,0.00,0.00,0.00,0.00,0.00
130,Arabella 101,US,NY,New York,Floating NY 2,2026-07-19,2,THURSDAY,39,3.0,1,0,1,8.0000000000000000,0E-20,1,0.00,0.00,0.00,0.00,0.00
203,Venetia Condominium,US,FL,Miami,Edgewater Polygon,2026-07-12,1,THURSDAY,134,2.5,0,0,1,8.0000000000000000,0E-20,1,0.00,0.00,0.00,0.00,0.00
129,544 Carroll,US,NY,Brooklyn,Boerum Hill Polygon,2026-07-26,3,FRIDAY,100,3.5,0,0,1,8.0000000000000000,0E-20,1,0.00,0.00,0.00,0.00,0.00
249,605 West 42nd Street,US,NY,New York,Hell's Kitchen Polygon,2026-07-12,1,TUESDAY,63,1.0,1,0,0,8.0000000000000000,0E-20,1,0.00,0.00,0.00,0.00,0.00
129,544 Carroll,US,NY,Brooklyn,Boerum Hill Polygon,2026-07-05,4,THURSDAY,39,4.0,0,0,1,8.0000000000000000,0E-20,1,0.00,0.00,0.00,0.00,0.00
204,1717 North Bayshore Drive,US,FL,Miami,Edgewater Polygon,2026-07-12,1,MONDAY,138,2.5,0,0,1,8.0000000000000000,0E-20,1,0.00,0.00,0.00,0.00,0.00
139,Bay Parc Apartments,US,FL,Miami,Edgewater Polygon,2026-07-26,3,TUESDAY,134,3.5,0,0,1,8.0000000000000000,0E-20,1,0.00,0.00,0.00,0.00,0.00
117,The Landon,US,NY,New York,Hell's Kitchen Polygon,2026-07-05,4,FRIDAY,63,0,0,0,0,8.0000000000000000,0E-20,1,0.00,0.00,0.00,0.00,0.00
125,The Vitagraph,US,NY,Brooklyn,Floating NY 2,2026-07-12,1,MONDAY,39,5.5,0,0,1,8.0000000000000000,0E-20,1,0.00,0.00,0.00,0.00,0.00
93,Union Channel ,US,NY,Brooklyn,Boerum Hill Polygon,2026-07-26,3,THURSDAY,96,5.5,0,0,1,8.0000000000000000,0E-20,1,0.00,0.00,0.00,0.00,0.00
199,1800 Club,US,FL,Miami,Edgewater Polygon,2026-07-19,2,THURSDAY,134,2.5,1,1,0,8.0000000000000000,0E-20,1,0.00,0.00,0.00,0.00,0.00
249,605 West 42nd Street,US,NY,New York,Hell's Kitchen Polygon,2026-07-19,2,TUESDAY,73,0.5,1,0,0,8.0000000000000000,0E-20,1,0.00,0.00,0.00,0.00,0.00
203,Venetia Condominium,US,FL,Miami,Edgewater Polygon,2026-07-12,1,WEDNESDAY,134,4.0,0,1,1,8.0000000000000000,0E-20,1,0.00,0.00,0.00,0.00,0.00
220,Bay Parc,US,FL,Miami,Edgewater Polygon,2026-07-26,3,FRIDAY,138,6.0,1,0,1,8.0000000000000000,0E-20,1,0.00,0.00,0.00,0.00,0.00
129,544 Carroll,US,NY,Brooklyn,Boerum Hill Polygon,2026-07-05,4,WEDNESDAY,39,3.5,1,0,1,8.0000000000000000,0E-20,1,0.00,0.00,0.00,0.00,0.00
122,Flamingo Point North Tower,US,FL,Miami Beach,Miami Beach Polygon,2026-07-12,1,FRIDAY,118,1.0,2,0,0,8.0000000000000000,0E-20,1,0.00,0.00,0.00,0.00,0.00
47,1 Boerum PL,US,NY,Brooklyn,Floating NY 2,2026-07-12,1,MONDAY,39,5.5,0,0,1,8.0000000000000000,0E-20,1,0.00,0.00,0.00,0.00,0.00
54,Nine 52,US,NY,New York,Hell's Kitchen Polygon,2026-07-05,4,FRIDAY,60,1.5,2,0,0,8.0000000000000000,0E-20,1,0.00,0.00,0.00,0.00,0.00
205,1 River Place,US,NY,New York,Hell's Kitchen Polygon,2026-07-19,2,FRIDAY,73,1.0,2,0,0,8.0000000000000000,0E-20,1,0.00,0.00,0.00,0.00,0.00
199,1800 Club,US,FL,Miami,Edgewater Polygon,2026-07-19,2,WEDNESDAY,134,3.5,1,0,1,8.0000000000000000,0E-20,1,0.00,0.00,0.00,0.00,0.00
111,Brooklyn Crossing,US,NY,Brooklyn,Boerum Hill Polygon,2026-07-26,3,MONDAY,96,8.0,0,0,1,8.0000000000000000,0,1,0.00,0.00,0.00,0.00,0.00
127,220 East 72nd Street,US,NY,New York,Floating NY 2,2026-07-05,4,THURSDAY,39,4.0,0,0,1,8.0000000000000000,0E-20,1,0.00,0.00,0.00,0.00,0.00
221,Mirador 1000,US,FL,Miami Beach,Miami Beach Polygon,2026-07-05,4,TUESDAY,137,3.0,6,0,0,8.0000000000000000,0E-20,1,0.00,0.00,0.00,0.00,0.00
118,The Bergen,US,NY,Brooklyn,Boerum Hill Polygon,2026-07-19,2,TUESDAY,96,7.0,0,0,2,8.0000000000000000,0,1,0.00,0.00,0.00,0.00,0.00
41,John Street 116,US,NY,New York,Financial District Polygon,2026-07-05,4,MONDAY,45,5.5,1,0,1,8.0000000000000000,0E-20,1,0.00,0.00,0.00,0.00,0.00
119,535 W 43rd Street,US,NY,New York,Hell's Kitchen Polygon,2026-07-19,2,WEDNESDAY,60,0.5,1,0,0,8.0000000000000000,0E-20,1,0.00,0.00,0.00,0.00,0.00
194,The Atelier Condo NYC,US,NY,New York,Hell's Kitchen Polygon,2026-07-19,2,TUESDAY,73,0.5,1,0,0,8.0000000000000000,0E-20,1,0.00,0.00,0.00,0.00,0.00
130,Arabella 101,US,NY,New York,Floating NY 2,2026-07-19,2,WEDNESDAY,39,3.5,1,0,1,8.0000000000000000,0E-20,1,0.00,0.00,0.00,0.00,0.00
44,330W-56th,US,NY,New York,Hell's Kitchen Polygon,2026-07-26,3,TUESDAY,73,0.5,1,0,0,8.0000000000000000,0E-20,1,0.00,0.00,0.00,0.00,0.00
215,Elysee Miami,US,FL,Miami,Edgewater Polygon,2026-07-19,2,FRIDAY,134,2.5,1,1,0,8.0000000000000000,0E-20,1,0.00,0.00,0.00,0.00,0.00
117,The Landon,US,NY,New York,Hell's Kitchen Polygon,2026-07-12,1,FRIDAY,63,1.5,3,0,0,8.0000000000000000,0E-20,1,0.00,0.00,0.00,0.00,0.00
126,The Landing,US,NY,Brooklyn,Brooklyn Heights Polygon,2026-07-19,2,TUESDAY,77,8.0,0,0,1,8.0000000000000000,0,1,0.00,0.00,0.00,0.00,0.00
125,The Vitagraph,US,NY,Brooklyn,Floating NY 2,2026-07-05,4,MONDAY,39,8.0,0,0,1,8.0000000000000000,0,1,0.00,0.00,0.00,0.00,0.00
213,1330 West Avenue,US,FL,Miami Beach,Miami Beach Polygon,2026-07-19,2,TUESDAY,137,3.0,0,2,0,8.0000000000000000,0E-20,1,0.00,0.00,0.00,0.00,0.00
118,The Bergen,US,NY,Brooklyn,Boerum Hill Polygon,2026-07-19,2,WEDNESDAY,39,3.5,1,0,1,8.0000000000000000,0E-20,1,0.00,0.00,0.00,0.00,0.00
276,1510 Bay Road,US,FL,Miami Beach,Miami Beach Polygon,2026-07-19,2,FRIDAY,110,0.5,1,0,0,8.0000000000000000,0E-20,1,0.00,0.00,0.00,0.00,0.00
203,Venetia Condominium,US,FL,Miami,Edgewater Polygon,2026-07-05,4,THURSDAY,134,4.5,1,0,1,8.0000000000000000,0E-20,1,0.00,0.00,0.00,0.00,0.00
131,The Addison,US,NY,Brooklyn,Brooklyn Heights Polygon,2026-07-19,2,THURSDAY,77,8.0,0,0,1,8.0000000000000000,0,1,0.00,0.00,0.00,0.00,0.00
249,605 West 42nd Street,US,NY,New York,Hell's Kitchen Polygon,2026-07-05,4,TUESDAY,63,2.0,1,1,0,8.0000000000000000,0E-20,1,0.00,0.00,0.00,0.00,0.00
17,River Place,US,NY,New York,Hell's Kitchen Polygon,2026-07-19,2,WEDNESDAY,73,0.5,1,0,0,8.0000000000000000,0E-20,1,0.00,0.00,0.00,0.00,0.00
221,Mirador 1000,US,FL,Miami Beach,Miami Beach Polygon,2026-07-26,3,FRIDAY,110,1.5,0,1,0,8.0000000000000000,0E-20,1,0.00,0.00,0.00,0.00,0.00
129,544 Carroll,US,NY,Brooklyn,Boerum Hill Polygon,2026-07-12,1,THURSDAY,39,3.5,1,0,1,8.0000000000000000,0E-20,1,0.00,0.00,0.00,0.00,0.00
91,Alta,US,NY,Queens,Floating NY 1,2026-07-05,4,WEDNESDAY,36,0,0,0,0,8.0000000000000000,0E-20,1,0.00,0.00,0.00,0.00,0.00
123,Flamingo South Beach,US,FL,Miami Beach,Miami Beach Polygon,2026-07-19,2,WEDNESDAY,118,0,0,0,0,8.0000000000000000,0E-20,1,0.00,0.00,0.00,0.00,0.00
260,Cocoa Exchange,US,NY,New York,Financial District Polygon,2026-07-19,2,THURSDAY,39,3.0,1,0,1,8.0000000000000000,0E-20,1,0.00,0.00,0.00,0.00,0.00
194,The Atelier Condo NYC,US,NY,New York,Hell's Kitchen Polygon,2026-07-05,4,TUESDAY,63,2.0,1,1,0,8.0000000000000000,0E-20,1,0.00,0.00,0.00,0.00,0.00
129,544 Carroll,US,NY,Brooklyn,Boerum Hill Polygon,2026-07-05,4,TUESDAY,96,8.0,0,0,1,8.0000000000000000,0,1,0.00,0.00,0.00,0.00,0.00
93,Union Channel ,US,NY,Brooklyn,Boerum Hill Polygon,2026-07-26,3,TUESDAY,39,7.0,0,1,1,8.0000000000000000,0E-20,1,0.00,0.00,0.00,0.00,0.00
115,Grove Central Residences,US,FL,Miami,Flow Brickell Polygon,2026-07-26,3,SUNDAY,92,3.0,0,0,1,3.0000000000000000,0,1,0.00,0.00,0.00,0.00,0.00
127,220 East 72nd Street,US,NY,New York,Floating NY 2,2026-07-12,1,WEDNESDAY,39,3.0,1,1,0,8.0000000000000000,0E-20,1,0.00,0.00,0.00,0.00,0.00
207,561 10th Avenue,US,NY,New York,Hell's Kitchen Polygon,2026-07-05,4,MONDAY,60,1.0,2,0,0,8.0000000000000000,0E-20,1,0.00,0.00,0.00,0.00,0.00
123,Flamingo South Beach,US,FL,Miami Beach,Miami Beach Polygon,2026-07-12,1,TUESDAY,110,2.0,1,1,0,8.0000000000000000,0E-20,1,0.00,0.00,0.00,0.00,0.00
197,251 NE 20th St apt 3506,US,FL,Miami,Edgewater Polygon,2026-07-26,3,MONDAY,138,2.5,0,0,1,8.0000000000000000,0E-20,1,0.00,0.00,0.00,0.00,0.00
198,Quantum on the Bay,US,FL,Miami,Edgewater Polygon,2026-07-19,2,WEDNESDAY,138,1.5,0,1,0,8.0000000000000000,0E-20,1,0.00,0.00,0.00,0.00,0.00
125,The Vitagraph,US,NY,Brooklyn,Floating NY 2,2026-07-19,2,FRIDAY,39,5.0,0,0,1,8.0000000000000000,0E-20,1,0.00,0.00,0.00,0.00,0.00
276,1510 Bay Road,US,FL,Miami Beach,Miami Beach Polygon,2026-07-05,4,MONDAY,110,0,0,0,0,8.0000000000000000,0E-20,1,0.00,0.00,0.00,0.00,0.00
120,66 Rockwell Place,US,NY,Brooklyn,Brooklyn Heights Polygon,2026-07-12,1,TUESDAY,39,5.0,1,0,1,8.0000000000000000,0E-20,1,0.00,0.00,0.00,0.00,0.00
260,Cocoa Exchange,US,NY,New York,Financial District Polygon,2026-07-12,1,TUESDAY,45,3.5,2,1,0,8.0000000000000000,0E-20,1,0.00,0.00,0.00,0.00,0.00
230,378 Bergen Street,US,NY,Brooklyn,Boerum Hill Polygon,2026-07-26,3,WEDNESDAY,96,2.5,1,1,0,8.0000000000000000,0E-20,1,0.00,0.00,0.00,0.00,0.00
199,1800 Club,US,FL,Miami,Edgewater Polygon,2026-07-26,3,TUESDAY,138,7.5,0,0,2,8.0000000000000000,0E-16,1,0.00,0.00,0.00,0.00,0.00
214,1 Boerum Place,US,NY,Brooklyn,Brooklyn Heights Polygon,2026-07-05,4,TUESDAY,39,3.5,0,0,1,8.0000000000000000,0E-20,1,0.00,0.00,0.00,0.00,0.00
139,Bay Parc Apartments,US,FL,Miami,Edgewater Polygon,2026-07-19,2,THURSDAY,138,3.5,2,0,1,8.0000000000000000,0E-20,1,0.00,0.00,0.00,0.00,0.00
142,One Harrison,US,NJ,Harrison,Harrison Polygon,2026-07-19,2,WEDNESDAY,15,7.0,0,0,2,8.0000000000000000,0,1,0.00,0.00,0.00,0.00,0.00
134,Livana East Hanover,US,NJ,East Hanover,Chatham / West Orange Polygon,2026-07-05,4,WEDNESDAY,64,1.0,2,0,0,8.0000000000000000,0E-20,1,0.00,0.00,0.00,0.00,0.00
6,100 House,US,NJ,Jersey City,Hoboken Polygon,2026-07-26,3,FRIDAY,65,3.0,1,0,1,8.0000000000000000,0E-20,1,0.00,0.00,0.00,0.00,0.00
6,100 House,US,NJ,Jersey City,Hoboken Polygon,2026-07-26,3,THURSDAY,139,3.0,1,0,1,8.0000000000000000,0E-20,1,0.00,0.00,0.00,0.00,0.00
140,Southgate Towers,US,FL,Miami Beach,Miami Beach Polygon,2026-07-19,2,WEDNESDAY,118,0,0,0,0,8.0000000000000000,0E-20,1,0.00,0.00,0.00,0.00,0.00
153,Watermarc at Biscayne Bay,US,FL,Miami,Edgewater Polygon,2026-07-12,1,WEDNESDAY,138,4.5,1,0,1,8.0000000000000000,0E-20,1,0.00,0.00,0.00,0.00,0.00
150,Quantum on the Bay Condominium,US,FL,Miami,Edgewater Polygon,2026-07-19,2,MONDAY,138,4.0,2,0,1,8.0000000000000000,0E-20,1,0.00,0.00,0.00,0.00,0.00
119,535 W 43rd Street,US,NY,New York,Hell's Kitchen Polygon,2026-07-19,2,TUESDAY,97,2.0,0,1,0,8.0000000000000000,0E-20,1,0.00,0.00,0.00,0.00,0.00
207,561 10th Avenue,US,NY,New York,Hell's Kitchen Polygon,2026-07-19,2,FRIDAY,60,0,0,0,0,8.0000000000000000,0E-20,1,0.00,0.00,0.00,0.00,0.00
53,The Eddy,US,NJ,Harrison,Harrison Polygon,2026-07-26,3,TUESDAY,15,3.5,1,0,1,8.0000000000000000,0E-20,1,0.00,0.00,0.00,0.00,0.00
44,330W-56th,US,NY,New York,Hell's Kitchen Polygon,2026-07-12,1,FRIDAY,60,1.0,2,0,0,8.0000000000000000,0E-20,1,0.00,0.00,0.00,0.00,0.00
92,The Buchanan,US,NY,New York,Floating NY 1,2026-07-26,3,TUESDAY,36,4.0,1,0,1,9.0000000000000000,0E-20,1,0.00,0.00,0.00,0.00,0.00
169,Aria on the Bay Condominium Association  INC,US,FL,Miami,Edgewater Polygon,2026-07-26,3,FRIDAY,138,6.0,1,0,1,8.0000000000000000,0E-20,1,0.00,0.00,0.00,0.00,0.00
54,Nine 52,US,NY,New York,Hell's Kitchen Polygon,2026-07-19,2,MONDAY,60,0,0,0,0,8.0000000000000000,0E-20,1,0.00,0.00,0.00,0.00,0.00
121,Flamingo Point Center Tower,US,FL,Miami Beach,Miami Beach Polygon,2026-07-05,4,THURSDAY,137,2.5,1,1,0,8.0000000000000000,0E-20,1,0.00,0.00,0.00,0.00,0.00
117,The Landon,US,NY,New York,Hell's Kitchen Polygon,2026-07-12,1,MONDAY,73,4.5,4,1,0,8.0000000000000000,0E-20,1,0.00,0.00,0.00,0.00,0.00
205,1 River Place,US,NY,New York,Hell's Kitchen Polygon,2026-07-05,4,MONDAY,73,1.5,2,0,0,8.0000000000000000,0E-20,1,0.00,0.00,0.00,0.00,0.00
230,378 Bergen Street,US,NY,Brooklyn,Boerum Hill Polygon,2026-07-26,3,TUESDAY,39,7.0,0,1,1,8.0000000000000000,0E-20,1,0.00,0.00,0.00,0.00,0.00
42,The Ivy,US,NJ,Chatham,Chatham / West Orange Polygon,2026-07-12,1,THURSDAY,64,5.5,1,0,1,8.0000000000000000,0E-20,1,0.00,0.00,0.00,0.00,0.00
171,22 Skyview Apartments,US,FL,Miami,Edgewater Polygon,2026-07-12,1,TUESDAY,138,6.0,0,2,1,8.0000000000000000,0E-20,1,0.00,0.00,0.00,0.00,0.00
114,20 Broad Street,US,NY,New York,Financial District Polygon,2026-07-26,3,THURSDAY,39,6.5,0,0,1,8.0000000000000000,0E-20,1,0.00,0.00,0.00,0.00,0.00
183,1800 North Bayshore Drive,US,FL,Miami,Edgewater Polygon,2026-07-19,2,MONDAY,138,4.0,2,0,1,8.0000000000000000,0E-20,1,0.00,0.00,0.00,0.00,0.00
41,John Street 116,US,NY,New York,Financial District Polygon,2026-07-19,2,FRIDAY,45,5.0,1,1,1,8.0000000000000000,0E-20,1,0.00,0.00,0.00,0.00,0.00
153,Watermarc at Biscayne Bay,US,FL,Miami,Edgewater Polygon,2026-07-05,4,THURSDAY,138,0.5,1,0,0,8.0000000000000000,0E-20,1,0.00,0.00,0.00,0.00,0.00
198,Quantum on the Bay,US,FL,Miami,Edgewater Polygon,2026-07-26,3,TUESDAY,134,3.5,0,0,1,8.0000000000000000,0E-20,1,0.00,0.00,0.00,0.00,0.00
215,Elysee Miami,US,FL,Miami,Edgewater Polygon,2026-07-05,4,MONDAY,134,0,0,0,0,8.0000000000000000,0E-20,1,0.00,0.00,0.00,0.00,0.00
191,2001 Biscayne Boulevard,US,FL,Miami,Edgewater Polygon,2026-07-12,1,TUESDAY,134,2.5,0,0,1,8.0000000000000000,0E-20,1,0.00,0.00,0.00,0.00,0.00
213,1330 West Avenue,US,FL,Miami Beach,Miami Beach Polygon,2026-07-26,3,MONDAY,110,4.0,1,0,1,8.0000000000000000,0E-20,1,0.00,0.00,0.00,0.00,0.00
131,The Addison,US,NY,Brooklyn,Brooklyn Heights Polygon,2026-07-26,3,FRIDAY,39,4.5,1,0,1,8.0000000000000000,0E-20,1,0.00,0.00,0.00,0.00,0.00
134,Livana East Hanover,US,NJ,East Hanover,Chatham / West Orange Polygon,2026-07-12,1,THURSDAY,64,5.5,1,0,1,8.0000000000000000,0E-20,1,0.00,0.00,0.00,0.00,0.00
112,Plank Road,US,NY,Brooklyn,Boerum Hill Polygon,2026-07-26,3,WEDNESDAY,96,2.5,1,1,0,8.0000000000000000,0E-20,1,0.00,0.00,0.00,0.00,0.00
198,Quantum on the Bay,US,FL,Miami,Edgewater Polygon,2026-07-05,4,WEDNESDAY,138,1.5,2,0,0,8.0000000000000000,0E-20,1,0.00,0.00,0.00,0.00,0.00
207,561 10th Avenue,US,NY,New York,Hell's Kitchen Polygon,2026-07-19,2,MONDAY,60,0,0,0,0,8.0000000000000000,0E-20,1,0.00,0.00,0.00,0.00,0.00
51,300 Somerset,US,NJ,Harrison,Harrison Polygon,2026-07-19,2,THURSDAY,139,4.0,0,0,1,8.0000000000000000,0E-20,1,0.00,0.00,0.00,0.00,0.00
117,The Landon,US,NY,New York,Hell's Kitchen Polygon,2026-07-26,3,WEDNESDAY,97,0,0,0,0,8.0000000000000000,0E-20,1,0.00,0.00,0.00,0.00,0.00
194,The Atelier Condo NYC,US,NY,New York,Hell's Kitchen Polygon,2026-07-19,2,TUESDAY,63,3.0,1,1,0,8.0000000000000000,0E-20,1,0.00,0.00,0.00,0.00,0.00
129,544 Carroll,US,NY,Brooklyn,Boerum Hill Polygon,2026-07-19,2,TUESDAY,96,7.0,0,0,2,8.0000000000000000,0,1,0.00,0.00,0.00,0.00,0.00
119,535 W 43rd Street,US,NY,New York,Hell's Kitchen Polygon,2026-07-12,1,THURSDAY,60,1.5,0,1,0,8.0000000000000000,0E-20,1,0.00,0.00,0.00,0.00,0.00
260,Cocoa Exchange,US,NY,New York,Financial District Polygon,2026-07-05,4,THURSDAY,39,4.0,0,0,1,8.0000000000000000,0E-20,1,0.00,0.00,0.00,0.00,0.00
44,330W-56th,US,NY,New York,Hell's Kitchen Polygon,2026-07-26,3,TUESDAY,63,1.5,0,1,0,8.0000000000000000,0E-20,1,0.00,0.00,0.00,0.00,0.00
6,100 House,US,NJ,Jersey City,Hoboken Polygon,2026-07-26,3,MONDAY,65,1.0,2,0,0,8.0000000000000000,0E-20,1,0.00,0.00,0.00,0.00,0.00
130,Arabella 101,US,NY,New York,Floating NY 2,2026-07-12,1,THURSDAY,39,3.5,1,0,1,8.0000000000000000,0E-20,1,0.00,0.00,0.00,0.00,0.00
212,39 New York Ave,US,NJ,Jersey City,Hoboken Polygon,2026-07-26,3,TUESDAY,65,1.0,1,0,0,8.0000000000000000,0E-20,1,0.00,0.00,0.00,0.00,0.00
203,Venetia Condominium,US,FL,Miami,Edgewater Polygon,2026-07-19,2,THURSDAY,134,2.5,1,1,0,8.0000000000000000,0E-20,1,0.00,0.00,0.00,0.00,0.00
17,River Place,US,NY,New York,Hell's Kitchen Polygon,2026-07-05,4,WEDNESDAY,73,0.5,1,0,0,8.0000000000000000,0E-20,1,0.00,0.00,0.00,0.00,0.00
249,605 West 42nd Street,US,NY,New York,Hell's Kitchen Polygon,2026-07-19,2,TUESDAY,63,3.0,1,1,0,8.0000000000000000,0E-20,1,0.00,0.00,0.00,0.00,0.00
204,1717 North Bayshore Drive,US,FL,Miami,Edgewater Polygon,2026-07-19,2,MONDAY,138,4.0,2,0,1,8.0000000000000000,0E-20,1,0.00,0.00,0.00,0.00,0.00
131,The Addison,US,NY,Brooklyn,Brooklyn Heights Polygon,2026-07-05,4,THURSDAY,77,5.5,0,0,2,8.0000000000000000,0E-20,1,0.00,0.00,0.00,0.00,0.00
118,The Bergen,US,NY,Brooklyn,Boerum Hill Polygon,2026-07-05,4,WEDNESDAY,39,3.5,1,0,1,8.0000000000000000,0E-20,1,0.00,0.00,0.00,0.00,0.00
213,1330 West Avenue,US,FL,Miami Beach,Miami Beach Polygon,2026-07-05,4,TUESDAY,137,3.0,6,0,0,8.0000000000000000,0E-20,1,0.00,0.00,0.00,0.00,0.00
125,The Vitagraph,US,NY,Brooklyn,Floating NY 2,2026-07-19,2,MONDAY,39,4.0,0,0,1,8.0000000000000000,0E-20,1,0.00,0.00,0.00,0.00,0.00
276,1510 Bay Road,US,FL,Miami Beach,Miami Beach Polygon,2026-07-05,4,FRIDAY,110,1.0,2,0,0,8.0000000000000000,0E-20,1,0.00,0.00,0.00,0.00,0.00
199,1800 Club,US,FL,Miami,Edgewater Polygon,2026-07-12,1,THURSDAY,134,2.5,0,0,1,8.0000000000000000,0E-20,1,0.00,0.00,0.00,0.00,0.00
119,535 W 43rd Street,US,NY,New York,Hell's Kitchen Polygon,2026-07-05,4,WEDNESDAY,60,0.5,1,0,0,8.0000000000000000,0E-20,1,0.00,0.00,0.00,0.00,0.00
260,Cocoa Exchange,US,NY,New York,Financial District Polygon,2026-07-12,1,WEDNESDAY,39,3.0,1,1,0,8.0000000000000000,0E-20,1,0.00,0.00,0.00,0.00,0.00
205,1 River Place,US,NY,New York,Hell's Kitchen Polygon,2026-07-26,3,THURSDAY,97,4.0,0,0,1,8.0000000000000000,0E-20,1,0.00,0.00,0.00,0.00,0.00
276,1510 Bay Road,US,FL,Miami Beach,Miami Beach Polygon,2026-07-26,3,TUESDAY,137,2.5,1,1,0,8.0000000000000000,0E-20,1,0.00,0.00,0.00,0.00,0.00
215,Elysee Miami,US,FL,Miami,Edgewater Polygon,2026-07-05,4,FRIDAY,134,0.5,1,0,0,8.0000000000000000,0E-20,1,0.00,0.00,0.00,0.00,0.00
130,Arabella 101,US,NY,New York,Floating NY 2,2026-07-05,4,WEDNESDAY,39,3.5,1,0,1,8.0000000000000000,0E-20,1,0.00,0.00,0.00,0.00,0.00
213,1330 West Avenue,US,FL,Miami Beach,Miami Beach Polygon,2026-07-26,3,FRIDAY,110,1.5,0,1,0,8.0000000000000000,0E-20,1,0.00,0.00,0.00,0.00,0.00
131,The Addison,US,NY,Brooklyn,Brooklyn Heights Polygon,2026-07-26,3,MONDAY,39,4.5,0,1,1,8.0000000000000000,0E-20,1,0.00,0.00,0.00,0.00,0.00
171,22 Skyview Apartments,US,FL,Miami,Edgewater Polygon,2026-07-26,3,THURSDAY,134,3.0,1,0,1,8.0000000000000000,0E-20,1,0.00,0.00,0.00,0.00,0.00
194,The Atelier Condo NYC,US,NY,New York,Hell's Kitchen Polygon,2026-07-05,4,TUESDAY,73,0,0,0,0,8.0000000000000000,0E-20,1,0.00,0.00,0.00,0.00,0.00
149,Opera Tower,US,FL,Miami,Edgewater Polygon,2026-07-12,1,MONDAY,134,1.0,1,0,0,8.0000000000000000,0E-20,1,0.00,0.00,0.00,0.00,0.00
191,2001 Biscayne Boulevard,US,FL,Miami,Edgewater Polygon,2026-07-26,3,THURSDAY,138,2.0,3,0,0,8.0000000000000000,0E-20,1,0.00,0.00,0.00,0.00,0.00
221,Mirador 1000,US,FL,Miami Beach,Miami Beach Polygon,2026-07-19,2,TUESDAY,137,3.0,0,2,0,8.0000000000000000,0E-20,1,0.00,0.00,0.00,0.00,0.00
127,220 East 72nd Street,US,NY,New York,Floating NY 2,2026-07-19,2,THURSDAY,39,3.0,1,0,1,8.0000000000000000,0E-20,1,0.00,0.00,0.00,0.00,0.00
41,John Street 116,US,NY,New York,Financial District Polygon,2026-07-19,2,MONDAY,45,5.5,0,0,1,8.0000000000000000,0E-20,1,0.00,0.00,0.00,0.00,0.00
145,Dey and Bergen,US,NJ,Harrison,Harrison Polygon,2026-07-26,3,WEDNESDAY,15,8.0,0,0,1,8.0000000000000000,0,1,0.00,0.00,0.00,0.00,0.00
118,The Bergen,US,NY,Brooklyn,Boerum Hill Polygon,2026-07-05,4,TUESDAY,96,8.0,0,0,1,8.0000000000000000,0,1,0.00,0.00,0.00,0.00,0.00
169,Aria on the Bay Condominium Association  INC,US,FL,Miami,Edgewater Polygon,2026-07-26,3,MONDAY,138,2.5,0,0,1,8.0000000000000000,0E-20,1,0.00,0.00,0.00,0.00,0.00
54,Nine 52,US,NY,New York,Hell's Kitchen Polygon,2026-07-19,2,FRIDAY,60,0,0,0,0,8.0000000000000000,0E-20,1,0.00,0.00,0.00,0.00,0.00
118,The Bergen,US,NY,Brooklyn,Boerum Hill Polygon,2026-07-12,1,THURSDAY,39,3.5,1,0,1,8.0000000000000000,0E-20,1,0.00,0.00,0.00,0.00,0.00
199,1800 Club,US,FL,Miami,Edgewater Polygon,2026-07-05,4,WEDNESDAY,134,0,0,0,0,8.0000000000000000,0E-20,1,0.00,0.00,0.00,0.00,0.00
117,The Landon,US,NY,New York,Hell's Kitchen Polygon,2026-07-12,1,FRIDAY,73,2.0,3,0,0,8.0000000000000000,0E-20,1,0.00,0.00,0.00,0.00,0.00
112,Plank Road,US,NY,Brooklyn,Boerum Hill Polygon,2026-07-26,3,TUESDAY,39,7.0,0,1,1,8.0000000000000000,0E-20,1,0.00,0.00,0.00,0.00,0.00
205,1 River Place,US,NY,New York,Hell's Kitchen Polygon,2026-07-05,4,FRIDAY,73,0.5,1,0,0,8.0000000000000000,0E-20,1,0.00,0.00,0.00,0.00,0.00
15,Silver Towers,US,NY,New York,Hell's Kitchen Polygon,2026-07-19,2,FRIDAY,97,4.5,1,0,1,8.0000000000000000,0E-20,1,0.00,0.00,0.00,0.00,0.00
249,605 West 42nd Street,US,NY,New York,Hell's Kitchen Polygon,2026-07-05,4,TUESDAY,73,0,0,0,0,8.0000000000000000,0E-20,1,0.00,0.00,0.00,0.00,0.00
131,The Addison,US,NY,Brooklyn,Brooklyn Heights Polygon,2026-07-12,1,WEDNESDAY,77,2.0,0,1,0,8.0000000000000000,0E-20,1,0.00,0.00,0.00,0.00,0.00
44,330W-56th,US,NY,New York,Hell's Kitchen Polygon,2026-07-12,1,MONDAY,60,1.0,2,0,0,8.0000000000000000,0E-20,1,0.00,0.00,0.00,0.00,0.00
123,Flamingo South Beach,US,FL,Miami Beach,Miami Beach Polygon,2026-07-12,1,THURSDAY,118,7.0,0,0,2,8.0000000000000000,0,1,0.00,0.00,0.00,0.00,0.00
129,544 Carroll,US,NY,Brooklyn,Boerum Hill Polygon,2026-07-19,2,WEDNESDAY,39,3.5,1,0,1,8.0000000000000000,0E-20,1,0.00,0.00,0.00,0.00,0.00
142,One Harrison,US,NJ,Harrison,Harrison Polygon,2026-07-12,1,THURSDAY,15,2.5,3,0,0,8.0000000000000000,0E-20,1,0.00,0.00,0.00,0.00,0.00
215,Elysee Miami,US,FL,Miami,Edgewater Polygon,2026-07-19,2,MONDAY,134,0.5,1,0,0,8.0000000000000000,0E-20,1,0.00,0.00,0.00,0.00,0.00
153,Watermarc at Biscayne Bay,US,FL,Miami,Edgewater Polygon,2026-07-19,2,THURSDAY,138,3.5,2,0,1,8.0000000000000000,0E-20,1,0.00,0.00,0.00,0.00,0.00
140,Southgate Towers,US,FL,Miami Beach,Miami Beach Polygon,2026-07-12,1,THURSDAY,118,7.0,0,0,2,8.0000000000000000,0,1,0.00,0.00,0.00,0.00,0.00
117,The Landon,US,NY,New York,Hell's Kitchen Polygon,2026-07-26,3,TUESDAY,60,4.5,0,0,1,8.0000000000000000,0E-20,1,0.00,0.00,0.00,0.00,0.00
41,John Street 116,US,NY,New York,Financial District Polygon,2026-07-05,4,FRIDAY,45,2.5,0,0,1,8.0000000000000000,0E-20,1,0.00,0.00,0.00,0.00,0.00
54,Nine 52,US,NY,New York,Hell's Kitchen Polygon,2026-07-05,4,MONDAY,60,1.0,2,0,0,8.0000000000000000,0E-20,1,0.00,0.00,0.00,0.00,0.00
180,1800 Biscayne Plaza,US,FL,Miami,Edgewater Polygon,2026-07-19,2,MONDAY,138,4.0,2,0,1,8.0000000000000000,0E-20,1,0.00,0.00,0.00,0.00,0.00
111,Brooklyn Crossing,US,NY,Brooklyn,Boerum Hill Polygon,2026-07-12,1,TUESDAY,100,4.5,2,0,1,8.0000000000000000,0E-20,1,0.00,0.00,0.00,0.00,0.00
205,1 River Place,US,NY,New York,Hell's Kitchen Polygon,2026-07-19,2,MONDAY,73,4.5,1,1,1,8.0000000000000000,0E-20,1,0.00,0.00,0.00,0.00,0.00
220,Bay Parc,US,FL,Miami,Edgewater Polygon,2026-07-26,3,MONDAY,138,2.5,0,0,1,8.0000000000000000,0E-20,1,0.00,0.00,0.00,0.00,0.00
68,655 Union,US,NY,Brooklyn,Boerum Hill Polygon,2026-07-12,1,TUESDAY,39,5.0,1,0,1,8.0000000000000000,0E-20,1,0.00,0.00,0.00,0.00,0.00
51,300 Somerset,US,NJ,Harrison,Harrison Polygon,2026-07-12,1,TUESDAY,15,5.0,0,0,1,8.0000000000000000,0E-20,1,0.00,0.00,0.00,0.00,0.00
122,Flamingo Point North Tower,US,FL,Miami Beach,Miami Beach Polygon,2026-07-12,1,MONDAY,118,1.0,2,0,0,8.0000000000000000,0E-20,1,0.00,0.00,0.00,0.00,0.00
139,Bay Parc Apartments,US,FL,Miami,Edgewater Polygon,2026-07-12,1,WEDNESDAY,138,4.5,1,0,1,8.0000000000000000,0E-20,1,0.00,0.00,0.00,0.00,0.00
47,1 Boerum PL,US,NY,Brooklyn,Floating NY 2,2026-07-12,1,FRIDAY,39,8.0,0,0,1,8.0000000000000000,0,1,0.00,0.00,0.00,0.00,0.00
42,The Ivy,US,NJ,Chatham,Chatham / West Orange Polygon,2026-07-19,2,WEDNESDAY,64,1.0,1,0,0,8.0000000000000000,0E-20,1,0.00,0.00,0.00,0.00,0.00
119,535 W 43rd Street,US,NY,New York,Hell's Kitchen Polygon,2026-07-05,4,TUESDAY,97,0.5,1,0,0,8.0000000000000000,0E-20,1,0.00,0.00,0.00,0.00,0.00
207,561 10th Avenue,US,NY,New York,Hell's Kitchen Polygon,2026-07-05,4,FRIDAY,60,1.5,2,0,0,8.0000000000000000,0E-20,1,0.00,0.00,0.00,0.00,0.00
197,251 NE 20th St apt 3506,US,FL,Miami,Edgewater Polygon,2026-07-26,3,FRIDAY,138,6.0,1,0,1,8.0000000000000000,0E-20,1,0.00,0.00,0.00,0.00,0.00
140,Southgate Towers,US,FL,Miami Beach,Miami Beach Polygon,2026-07-05,4,WEDNESDAY,118,1.0,2,0,0,8.0000000000000000,0E-20,1,0.00,0.00,0.00,0.00,0.00
128,250 E Houston,US,NY,New York,Floating NY 2,2026-07-12,1,TUESDAY,39,5.0,1,0,1,8.0000000000000000,0E-20,1,0.00,0.00,0.00,0.00,0.00
17,River Place,US,NY,New York,Hell's Kitchen Polygon,2026-07-12,1,THURSDAY,36,2.5,1,1,0,8.0000000000000000,0E-20,1,0.00,0.00,0.00,0.00,0.00
76,Woodside Central,US,NY,Queens,Floating NY 1,2026-07-12,1,TUESDAY,36,2.5,0,0,1,8.0000000000000000,0E-20,1,0.00,0.00,0.00,0.00,0.00
221,Mirador 1000,US,FL,Miami Beach,Miami Beach Polygon,2026-07-26,3,MONDAY,110,4.0,1,0,1,8.0000000000000000,0E-20,1,0.00,0.00,0.00,0.00,0.00
214,1 Boerum Place,US,NY,Brooklyn,Brooklyn Heights Polygon,2026-07-19,2,TUESDAY,39,3.0,2,1,0,8.0000000000000000,0E-20,1,0.00,0.00,0.00,0.00,0.00
125,The Vitagraph,US,NY,Brooklyn,Floating NY 2,2026-07-05,4,FRIDAY,39,5.0,0,0,1,8.0000000000000000,0E-20,1,0.00,0.00,0.00,0.00,0.00
117,The Landon,US,NY,New York,Hell's Kitchen Polygon,2026-07-12,1,MONDAY,63,1.5,2,0,0,8.0000000000000000,0E-20,1,0.00,0.00,0.00,0.00,0.00
205,1 River Place,US,NY,New York,Hell's Kitchen Polygon,2026-07-05,4,MONDAY,63,3.0,4,0,0,8.0000000000000000,0E-20,1,0.00,0.00,0.00,0.00,0.00
47,1 Boerum PL,US,NY,Brooklyn,Floating NY 2,2026-07-05,4,FRIDAY,39,5.0,0,0,1,8.0000000000000000,0E-20,1,0.00,0.00,0.00,0.00,0.00
194,The Atelier Condo NYC,US,NY,New York,Hell's Kitchen Polygon,2026-07-26,3,FRIDAY,60,0.5,1,0,0,8.0000000000000000,0E-20,1,0.00,0.00,0.00,0.00,0.00
51,300 Somerset,US,NJ,Harrison,Harrison Polygon,2026-07-05,4,TUESDAY,15,4.0,1,2,0,8.0000000000000000,0E-20,1,0.00,0.00,0.00,0.00,0.00
68,655 Union,US,NY,Brooklyn,Boerum Hill Polygon,2026-07-05,4,TUESDAY,39,3.5,0,0,1,8.0000000000000000,0E-20,1,0.00,0.00,0.00,0.00,0.00
44,330W-56th,US,NY,New York,Hell's Kitchen Polygon,2026-07-19,2,FRIDAY,60,0,0,0,0,8.0000000000000000,0E-20,1,0.00,0.00,0.00,0.00,0.00
54,Nine 52,US,NY,New York,Hell's Kitchen Polygon,2026-07-12,1,MONDAY,60,1.0,2,0,0,8.0000000000000000,0E-20,1,0.00,0.00,0.00,0.00,0.00
117,The Landon,US,NY,New York,Hell's Kitchen Polygon,2026-07-19,2,MONDAY,73,4.5,1,1,1,8.0000000000000000,0E-20,1,0.00,0.00,0.00,0.00,0.00
149,Opera Tower,US,FL,Miami,Edgewater Polygon,2026-07-19,2,FRIDAY,134,2.5,1,1,0,8.0000000000000000,0E-20,1,0.00,0.00,0.00,0.00,0.00
171,22 Skyview Apartments,US,FL,Miami,Edgewater Polygon,2026-07-19,2,TUESDAY,138,0.5,1,0,0,8.0000000000000000,0E-20,1,0.00,0.00,0.00,0.00,0.00
42,The Ivy,US,NJ,Chatham,Chatham / West Orange Polygon,2026-07-19,2,THURSDAY,64,7.0,0,0,2,8.0000000000000000,0,1,0.00,0.00,0.00,0.00,0.00
205,1 River Place,US,NY,New York,Hell's Kitchen Polygon,2026-07-26,3,TUESDAY,60,4.5,0,0,1,8.0000000000000000,0E-20,1,0.00,0.00,0.00,0.00,0.00
183,1800 North Bayshore Drive,US,FL,Miami,Edgewater Polygon,2026-07-12,1,MONDAY,138,2.5,0,0,1,8.0000000000000000,0E-20,1,0.00,0.00,0.00,0.00,0.00
272,Harrison Urby Apartments,US,NJ,Harrison,Harrison Polygon,2026-07-26,3,MONDAY,15,2.0,0,1,0,8.0000000000000000,0E-20,1,0.00,0.00,0.00,0.00,0.00
140,Southgate Towers,US,FL,Miami Beach,Miami Beach Polygon,2026-07-05,4,THURSDAY,118,1.5,2,0,0,8.0000000000000000,0E-20,1,0.00,0.00,0.00,0.00,0.00
142,One Harrison,US,NJ,Harrison,Harrison Polygon,2026-07-05,4,THURSDAY,15,7.0,0,0,2,8.0000000000000000,0E-20,1,0.00,0.00,0.00,0.00,0.00
249,605 West 42nd Street,US,NY,New York,Hell's Kitchen Polygon,2026-07-26,3,FRIDAY,60,0.5,1,0,0,8.0000000000000000,0E-20,1,0.00,0.00,0.00,0.00,0.00
96,420 Kent Avenue,US,NY,Brooklyn,Williamsburg Polygon,2026-07-05,4,FRIDAY,90,1.0,2,0,0,8.0000000000000000,0E-20,1,0.00,0.00,0.00,0.00,0.00
134,Livana East Hanover,US,NJ,East Hanover,Chatham / West Orange Polygon,2026-07-19,2,THURSDAY,64,7.0,0,0,2,8.0000000000000000,0,1,0.00,0.00,0.00,0.00,0.00
205,1 River Place,US,NY,New York,Hell's Kitchen Polygon,2026-07-12,1,MONDAY,63,1.5,2,0,0,8.0000000000000000,0E-20,1,0.00,0.00,0.00,0.00,0.00
117,The Landon,US,NY,New York,Hell's Kitchen Polygon,2026-07-05,4,MONDAY,63,3.0,4,0,0,8.0000000000000000,0E-20,1,0.00,0.00,0.00,0.00,0.00
125,The Vitagraph,US,NY,Brooklyn,Floating NY 2,2026-07-12,1,FRIDAY,39,8.0,0,0,1,8.0000000000000000,0,1,0.00,0.00,0.00,0.00,0.00
121,Flamingo Point Center Tower,US,FL,Miami Beach,Miami Beach Polygon,2026-07-19,2,WEDNESDAY,137,4.0,1,0,1,8.0000000000000000,0E-20,1,0.00,0.00,0.00,0.00,0.00
203,Venetia Condominium,US,FL,Miami,Edgewater Polygon,2026-07-26,3,TUESDAY,138,7.5,0,0,2,8.0000000000000000,0E-16,1,0.00,0.00,0.00,0.00,0.00
260,Cocoa Exchange,US,NY,New York,Financial District Polygon,2026-07-19,2,TUESDAY,45,3.5,0,2,0,8.0000000000000000,0E-20,1,0.00,0.00,0.00,0.00,0.00
120,66 Rockwell Place,US,NY,Brooklyn,Brooklyn Heights Polygon,2026-07-19,2,TUESDAY,39,3.0,2,1,0,8.0000000000000000,0E-20,1,0.00,0.00,0.00,0.00,0.00
76,Woodside Central,US,NY,Queens,Floating NY 1,2026-07-05,4,TUESDAY,36,1.5,3,0,0,8.0000000000000000,0E-20,1,0.00,0.00,0.00,0.00,0.00
129,544 Carroll,US,NY,Brooklyn,Boerum Hill Polygon,2026-07-26,3,MONDAY,100,6.0,1,0,1,8.0000000000000000,0E-20,1,0.00,0.00,0.00,0.00,0.00
140,Southgate Towers,US,FL,Miami Beach,Miami Beach Polygon,2026-07-19,2,TUESDAY,110,0,0,0,0,8.0000000000000000,0E-20,1,0.00,0.00,0.00,0.00,0.00
68,655 Union,US,NY,Brooklyn,Boerum Hill Polygon,2026-07-05,4,WEDNESDAY,96,7.5,0,0,2,8.0000000000000000,0,1,0.00,0.00,0.00,0.00,0.00
128,250 E Houston,US,NY,New York,Floating NY 2,2026-07-05,4,TUESDAY,39,3.5,0,0,1,8.0000000000000000,0E-20,1,0.00,0.00,0.00,0.00,0.00
142,One Harrison,US,NJ,Harrison,Harrison Polygon,2026-07-12,1,WEDNESDAY,15,8.0,0,0,1,8.0000000000000000,0,1,0.00,0.00,0.00,0.00,0.00
153,Watermarc at Biscayne Bay,US,FL,Miami,Edgewater Polygon,2026-07-19,2,WEDNESDAY,138,1.5,0,1,0,8.0000000000000000,0E-20,1,0.00,0.00,0.00,0.00,0.00
140,Southgate Towers,US,FL,Miami Beach,Miami Beach Polygon,2026-07-12,1,WEDNESDAY,118,2.0,3,0,0,8.0000000000000000,0E-20,1,0.00,0.00,0.00,0.00,0.00
54,Nine 52,US,NY,New York,Hell's Kitchen Polygon,2026-07-26,3,TUESDAY,63,1.5,0,1,0,8.0000000000000000,0E-20,1,0.00,0.00,0.00,0.00,0.00
119,535 W 43rd Street,US,NY,New York,Hell's Kitchen Polygon,2026-07-12,1,TUESDAY,97,2.0,4,0,0,8.0000000000000000,0E-20,1,0.00,0.00,0.00,0.00,0.00
207,561 10th Avenue,US,NY,New York,Hell's Kitchen Polygon,2026-07-12,1,FRIDAY,60,1.0,2,0,0,8.0000000000000000,0E-20,1,0.00,0.00,0.00,0.00,0.00
150,Quantum on the Bay Condominium,US,FL,Miami,Edgewater Polygon,2026-07-12,1,MONDAY,138,2.5,0,0,1,8.0000000000000000,0E-20,1,0.00,0.00,0.00,0.00,0.00
126,The Landing,US,NY,Brooklyn,Brooklyn Heights Polygon,2026-07-12,1,TUESDAY,77,7.5,0,0,2,8.0000000000000000,0E-16,1,0.00,0.00,0.00,0.00,0.00
117,The Landon,US,NY,New York,Hell's Kitchen Polygon,2026-07-19,2,FRIDAY,63,1.5,2,0,0,8.0000000000000000,0E-20,1,0.00,0.00,0.00,0.00,0.00
118,The Bergen,US,NY,Brooklyn,Boerum Hill Polygon,2026-07-12,1,WEDNESDAY,39,3.0,1,1,0,8.0000000000000000,0E-20,1,0.00,0.00,0.00,0.00,0.00
213,1330 West Avenue,US,FL,Miami Beach,Miami Beach Polygon,2026-07-12,1,TUESDAY,137,3.5,1,0,1,8.0000000000000000,0E-20,1,0.00,0.00,0.00,0.00,0.00
199,1800 Club,US,FL,Miami,Edgewater Polygon,2026-07-05,4,THURSDAY,134,4.5,1,0,1,8.0000000000000000,0E-20,1,0.00,0.00,0.00,0.00,0.00
207,561 10th Avenue,US,NY,New York,Hell's Kitchen Polygon,2026-07-26,3,TUESDAY,73,0.5,1,0,0,8.0000000000000000,0E-20,1,0.00,0.00,0.00,0.00,0.00
276,1510 Bay Road,US,FL,Miami Beach,Miami Beach Polygon,2026-07-12,1,FRIDAY,110,0,0,0,0,8.0000000000000000,0E-20,1,0.00,0.00,0.00,0.00,0.00
131,The Addison,US,NY,Brooklyn,Brooklyn Heights Polygon,2026-07-12,1,THURSDAY,77,6.0,0,0,1,8.0000000000000000,0E-20,1,0.00,0.00,0.00,0.00,0.00
144,Waters Edge,US,NJ,Harrison,Harrison Polygon,2026-07-26,3,MONDAY,15,2.0,0,1,0,8.0000000000000000,0E-20,1,0.00,0.00,0.00,0.00,0.00
129,544 Carroll,US,NY,Brooklyn,Boerum Hill Polygon,2026-07-19,2,THURSDAY,39,3.0,1,0,1,8.0000000000000000,0E-20,1,0.00,0.00,0.00,0.00,0.00
17,River Place,US,NY,New York,Hell's Kitchen Polygon,2026-07-12,1,WEDNESDAY,73,2.0,1,1,0,8.0000000000000000,0E-20,1,0.00,0.00,0.00,0.00,0.00
205,1 River Place,US,NY,New York,Hell's Kitchen Polygon,2026-07-26,3,WEDNESDAY,97,0,0,0,0,8.0000000000000000,0E-20,1,0.00,0.00,0.00,0.00,0.00
119,535 W 43rd Street,US,NY,New York,Hell's Kitchen Polygon,2026-07-05,4,THURSDAY,60,0.5,1,0,0,8.0000000000000000,0E-20,1,0.00,0.00,0.00,0.00,0.00
260,Cocoa Exchange,US,NY,New York,Financial District Polygon,2026-07-12,1,THURSDAY,39,3.5,1,0,1,8.0000000000000000,0E-20,1,0.00,0.00,0.00,0.00,0.00
130,Arabella 101,US,NY,New York,Floating NY 2,2026-07-05,4,THURSDAY,39,4.0,0,0,1,8.0000000000000000,0E-20,1,0.00,0.00,0.00,0.00,0.00
171,22 Skyview Apartments,US,FL,Miami,Edgewater Polygon,2026-07-26,3,WEDNESDAY,134,1.5,0,1,0,8.0000000000000000,0E-20,1,0.00,0.00,0.00,0.00,0.00
77,Oliver on the Hudson,US,NJ,Jersey City,Floating Jersey,2026-07-26,3,TUESDAY,139,7.5,0,1,1,8.0000000000000000,0E-16,1,0.00,0.00,0.00,0.00,0.00
191,2001 Biscayne Boulevard,US,FL,Miami,Edgewater Polygon,2026-07-26,3,WEDNESDAY,138,2.5,1,1,0,8.0000000000000000,0E-20,1,0.00,0.00,0.00,0.00,0.00
127,220 East 72nd Street,US,NY,New York,Floating NY 2,2026-07-19,2,WEDNESDAY,39,3.5,1,0,1,8.0000000000000000,0E-20,1,0.00,0.00,0.00,0.00,0.00
145,Dey and Bergen,US,NJ,Harrison,Harrison Polygon,2026-07-26,3,THURSDAY,15,2.5,1,1,0,8.0000000000000000,0E-20,1,0.00,0.00,0.00,0.00,0.00
123,Flamingo South Beach,US,FL,Miami Beach,Miami Beach Polygon,2026-07-19,2,TUESDAY,110,0,0,0,0,8.0000000000000000,0E-20,1,0.00,0.00,0.00,0.00,0.00
198,Quantum on the Bay,US,FL,Miami,Edgewater Polygon,2026-07-12,1,WEDNESDAY,138,4.5,1,0,1,8.0000000000000000,0E-20,1,0.00,0.00,0.00,0.00,0.00
249,605 West 42nd Street,US,NY,New York,Hell's Kitchen Polygon,2026-07-12,1,TUESDAY,73,2.0,0,1,0,8.0000000000000000,0E-20,1,0.00,0.00,0.00,0.00,0.00
122,Flamingo Point North Tower,US,FL,Miami Beach,Miami Beach Polygon,2026-07-26,3,THURSDAY,137,3.0,1,1,0,8.0000000000000000,0E-20,1,0.00,0.00,0.00,0.00,0.00
203,Venetia Condominium,US,FL,Miami,Edgewater Polygon,2026-07-19,2,WEDNESDAY,134,3.5,1,0,1,8.0000000000000000,0E-20,1,0.00,0.00,0.00,0.00,0.00
91,Alta,US,NY,Queens,Floating NY 1,2026-07-19,2,THURSDAY,36,3.5,1,0,1,8.0000000000000000,0E-20,1,0.00,0.00,0.00,0.00,0.00
44,330W-56th,US,NY,New York,Hell's Kitchen Polygon,2026-07-05,4,MONDAY,60,1.0,2,0,0,8.0000000000000000,0E-20,1,0.00,0.00,0.00,0.00,0.00
123,Flamingo South Beach,US,FL,Miami Beach,Miami Beach Polygon,2026-07-05,4,THURSDAY,118,1.5,2,0,0,8.0000000000000000,0E-20,1,0.00,0.00,0.00,0.00,0.00
114,20 Broad Street,US,NY,New York,Financial District Polygon,2026-07-26,3,TUESDAY,45,5.5,0,0,1,8.0000000000000000,0E-20,1,0.00,0.00,0.00,0.00,0.00
122,Flamingo Point North Tower,US,FL,Miami Beach,Miami Beach Polygon,2026-07-19,2,FRIDAY,118,1.0,1,0,0,8.0000000000000000,0E-20,1,0.00,0.00,0.00,0.00,0.00
47,1 Boerum PL,US,NY,Brooklyn,Floating NY 2,2026-07-19,2,MONDAY,39,4.0,0,0,1,8.0000000000000000,0E-20,1,0.00,0.00,0.00,0.00,0.00
131,The Addison,US,NY,Brooklyn,Brooklyn Heights Polygon,2026-07-05,4,WEDNESDAY,77,1.5,2,0,0,8.0000000000000000,0E-20,1,0.00,0.00,0.00,0.00,0.00
118,The Bergen,US,NY,Brooklyn,Boerum Hill Polygon,2026-07-05,4,THURSDAY,39,4.0,0,0,1,8.0000000000000000,0E-20,1,0.00,0.00,0.00,0.00,0.00
205,1 River Place,US,NY,New York,Hell's Kitchen Polygon,2026-07-12,1,FRIDAY,73,2.0,3,0,0,8.0000000000000000,0E-20,1,0.00,0.00,0.00,0.00,0.00
199,1800 Club,US,FL,Miami,Edgewater Polygon,2026-07-12,1,WEDNESDAY,134,4.0,0,1,1,8.0000000000000000,0E-20,1,0.00,0.00,0.00,0.00,0.00
118,The Bergen,US,NY,Brooklyn,Boerum Hill Polygon,2026-07-26,3,FRIDAY,100,3.5,0,0,1,8.0000000000000000,0E-20,1,0.00,0.00,0.00,0.00,0.00
117,The Landon,US,NY,New York,Hell's Kitchen Polygon,2026-07-05,4,FRIDAY,73,0.5,1,0,0,8.0000000000000000,0E-20,1,0.00,0.00,0.00,0.00,0.00
140,Southgate Towers,US,FL,Miami Beach,Miami Beach Polygon,2026-07-26,3,MONDAY,137,5.5,1,0,1,8.0000000000000000,0E-20,1,0.00,0.00,0.00,0.00,0.00
149,Opera Tower,US,FL,Miami,Edgewater Polygon,2026-07-05,4,MONDAY,134,0,0,0,0,8.0000000000000000,0E-20,1,0.00,0.00,0.00,0.00,0.00
112,Plank Road,US,NY,Brooklyn,Boerum Hill Polygon,2026-07-26,3,THURSDAY,96,5.5,0,0,1,8.0000000000000000,0E-20,1,0.00,0.00,0.00,0.00,0.00
118,The Bergen,US,NY,Brooklyn,Boerum Hill Polygon,2026-07-12,1,TUESDAY,96,7.0,0,0,2,8.0000000000000000,0,1,0.00,0.00,0.00,0.00,0.00
198,Quantum on the Bay,US,FL,Miami,Edgewater Polygon,2026-07-05,4,THURSDAY,138,0.5,1,0,0,8.0000000000000000,0E-20,1,0.00,0.00,0.00,0.00,0.00
117,The Landon,US,NY,New York,Hell's Kitchen Polygon,2026-07-26,3,THURSDAY,97,4.0,0,0,1,8.0000000000000000,0E-20,1,0.00,0.00,0.00,0.00,0.00
269,20 Exchange Place,US,NY,New York,Financial District Polygon,2026-07-26,3,FRIDAY,45,4.0,3,1,0,8.0000000000000000,0E-20,1,0.00,0.00,0.00,0.00,0.00
151,Cite On The Bay,US,FL,Miami,Edgewater Polygon,2026-07-26,3,MONDAY,134,4.5,0,0,1,8.0000000000000000,0E-20,1,0.00,0.00,0.00,0.00,0.00
260,Cocoa Exchange,US,NY,New York,Financial District Polygon,2026-07-05,4,WEDNESDAY,39,3.5,1,0,1,8.0000000000000000,0E-20,1,0.00,0.00,0.00,0.00,0.00
119,535 W 43rd Street,US,NY,New York,Hell's Kitchen Polygon,2026-07-12,1,WEDNESDAY,60,1.0,1,0,0,8.0000000000000000,0E-20,1,0.00,0.00,0.00,0.00,0.00
194,The Atelier Condo NYC,US,NY,New York,Hell's Kitchen Polygon,2026-07-12,1,TUESDAY,73,2.0,0,1,0,8.0000000000000000,0E-20,1,0.00,0.00,0.00,0.00,0.00
130,Arabella 101,US,NY,New York,Floating NY 2,2026-07-12,1,WEDNESDAY,39,3.0,1,1,0,8.0000000000000000,0E-20,1,0.00,0.00,0.00,0.00,0.00
9,The Enclave,US,NJ,Jersey City,Hoboken Polygon,2026-07-12,1,TUESDAY,65,2.5,0,0,1,8.0000000000000000,0E-20,1,0.00,0.00,0.00,0.00,0.00
230,378 Bergen Street,US,NY,Brooklyn,Boerum Hill Polygon,2026-07-19,2,WEDNESDAY,96,8.0,0,0,1,8.0000000000000000,0,1,0.00,0.00,0.00,0.00,0.00
203,Venetia Condominium,US,FL,Miami,Edgewater Polygon,2026-07-12,1,TUESDAY,138,6.0,0,2,1,8.0000000000000000,0E-20,1,0.00,0.00,0.00,0.00,0.00
199,1800 Club,US,FL,Miami,Edgewater Polygon,2026-07-19,2,TUESDAY,138,0.5,1,0,0,8.0000000000000000,0E-20,1,0.00,0.00,0.00,0.00,0.00
129,544 Carroll,US,NY,Brooklyn,Boerum Hill Polygon,2026-07-12,1,MONDAY,100,3.5,1,0,1,8.0000000000000000,0E-20,1,0.00,0.00,0.00,0.00,0.00
121,Flamingo Point Center Tower,US,FL,Miami Beach,Miami Beach Polygon,2026-07-26,3,MONDAY,92,3.0,1,0,1,8.0000000000000000,0E-20,0,8.0000000000000000,3.0,1,0,1
204,1717 North Bayshore Drive,US,FL,Miami,Edgewater Polygon,2026-07-26,3,FRIDAY,138,6.0,1,0,1,8.0000000000000000,0E-20,1,0.00,0.00,0.00,0.00,0.00
139,Bay Parc Apartments,US,FL,Miami,Edgewater Polygon,2026-07-26,3,THURSDAY,138,2.0,3,0,0,8.0000000000000000,0E-20,1,0.00,0.00,0.00,0.00,0.00
221,Mirador 1000,US,FL,Miami Beach,Miami Beach Polygon,2026-07-05,4,MONDAY,110,0,0,0,0,8.0000000000000000,0E-20,1,0.00,0.00,0.00,0.00,0.00
142,One Harrison,US,NJ,Harrison,Harrison Polygon,2026-07-26,3,WEDNESDAY,15,8.0,0,0,1,8.0000000000000000,0,1,0.00,0.00,0.00,0.00,0.00
6,100 House,US,NJ,Jersey City,Hoboken Polygon,2026-07-19,2,THURSDAY,139,4.0,0,0,1,8.0000000000000000,0E-20,1,0.00,0.00,0.00,0.00,0.00
119,535 W 43rd Street,US,NY,New York,Hell's Kitchen Polygon,2026-07-26,3,TUESDAY,97,2.0,1,1,0,8.0000000000000000,0E-20,1,0.00,0.00,0.00,0.00,0.00
207,561 10th Avenue,US,NY,New York,Hell's Kitchen Polygon,2026-07-26,3,FRIDAY,60,0.5,1,0,0,8.0000000000000000,0E-20,1,0.00,0.00,0.00,0.00,0.00
150,Quantum on the Bay Condominium,US,FL,Miami,Edgewater Polygon,2026-07-26,3,MONDAY,138,2.5,0,0,1,8.0000000000000000,0E-20,1,0.00,0.00,0.00,0.00,0.00
54,Nine 52,US,NY,New York,Hell's Kitchen Polygon,2026-07-12,1,TUESDAY,63,1.0,1,0,0,8.0000000000000000,0E-20,1,0.00,0.00,0.00,0.00,0.00
123,Flamingo South Beach,US,FL,Miami Beach,Miami Beach Polygon,2026-07-12,1,MONDAY,137,3.5,2,0,1,8.0000000000000000,0E-20,1,0.00,0.00,0.00,0.00,0.00
92,The Buchanan,US,NY,New York,Floating NY 1,2026-07-19,2,TUESDAY,36,2.5,2,1,0,8.0000000000000000,0E-20,1,0.00,0.00,0.00,0.00,0.00
194,The Atelier Condo NYC,US,NY,New York,Hell's Kitchen Polygon,2026-07-12,1,FRIDAY,60,1.0,2,0,0,8.0000000000000000,0E-20,1,0.00,0.00,0.00,0.00,0.00
56,The Dime,US,NY,Brooklyn,Williamsburg Polygon,2026-07-12,1,TUESDAY,90,5.0,0,0,1,8.0000000000000000,0E-20,1,0.00,0.00,0.00,0.00,0.00
54,Nine 52,US,NY,New York,Hell's Kitchen Polygon,2026-07-26,3,MONDAY,60,3.0,2,1,0,8.0000000000000000,0E-20,1,0.00,0.00,0.00,0.00,0.00
114,20 Broad Street,US,NY,New York,Financial District Polygon,2026-07-19,2,THURSDAY,39,3.0,1,0,1,8.0000000000000000,0E-20,1,0.00,0.00,0.00,0.00,0.00
230,378 Bergen Street,US,NY,Brooklyn,Boerum Hill Polygon,2026-07-19,2,TUESDAY,39,3.0,2,1,0,8.0000000000000000,0E-20,1,0.00,0.00,0.00,0.00,0.00
272,Harrison Urby Apartments,US,NJ,Harrison,Harrison Polygon,2026-07-12,1,MONDAY,15,1.5,2,0,0,8.0000000000000000,0E-20,1,0.00,0.00,0.00,0.00,0.00
117,The Landon,US,NY,New York,Hell's Kitchen Polygon,2026-07-05,4,TUESDAY,60,0,0,0,0,8.0000000000000000,0E-20,1,0.00,0.00,0.00,0.00,0.00
205,1 River Place,US,NY,New York,Hell's Kitchen Polygon,2026-07-12,1,TUESDAY,60,3.5,2,0,1,8.0000000000000000,0E-20,1,0.00,0.00,0.00,0.00,0.00
183,1800 North Bayshore Drive,US,FL,Miami,Edgewater Polygon,2026-07-26,3,MONDAY,138,2.5,0,0,1,8.0000000000000000,0E-20,1,0.00,0.00,0.00,0.00,0.00
249,605 West 42nd Street,US,NY,New York,Hell's Kitchen Polygon,2026-07-12,1,FRIDAY,60,1.0,2,0,0,8.0000000000000000,0E-20,1,0.00,0.00,0.00,0.00,0.00
213,1330 West Avenue,US,FL,Miami Beach,Miami Beach Polygon,2026-07-19,2,MONDAY,110,3.0,2,1,0,8.0000000000000000,0E-20,1,0.00,0.00,0.00,0.00,0.00
249,605 West 42nd Street,US,NY,New York,Hell's Kitchen Polygon,2026-07-26,3,TUESDAY,73,0.5,1,0,0,8.0000000000000000,0E-20,1,0.00,0.00,0.00,0.00,0.00
180,1800 Biscayne Plaza,US,FL,Miami,Edgewater Polygon,2026-07-26,3,FRIDAY,138,6.0,1,0,1,8.0000000000000000,0E-20,1,0.00,0.00,0.00,0.00,0.00
199,1800 Club,US,FL,Miami,Edgewater Polygon,2026-07-26,3,WEDNESDAY,134,1.5,0,1,0,8.0000000000000000,0E-20,1,0.00,0.00,0.00,0.00,0.00
112,Plank Road,US,NY,Brooklyn,Boerum Hill Polygon,2026-07-05,4,TUESDAY,39,3.5,0,0,1,8.0000000000000000,0E-20,1,0.00,0.00,0.00,0.00,0.00
118,The Bergen,US,NY,Brooklyn,Boerum Hill Polygon,2026-07-12,1,FRIDAY,100,2.5,0,0,1,8.0000000000000000,0E-20,1,0.00,0.00,0.00,0.00,0.00
93,Union Channel ,US,NY,Brooklyn,Boerum Hill Polygon,2026-07-19,2,WEDNESDAY,96,8.0,0,0,1,8.0000000000000000,0,1,0.00,0.00,0.00,0.00,0.00
191,2001 Biscayne Boulevard,US,FL,Miami,Edgewater Polygon,2026-07-05,4,THURSDAY,138,0.5,1,0,0,8.0000000000000000,0E-20,1,0.00,0.00,0.00,0.00,0.00
17,River Place,US,NY,New York,Hell's Kitchen Polygon,2026-07-12,1,FRIDAY,97,3.0,2,1,0,8.0000000000000000,0E-20,1,0.00,0.00,0.00,0.00,0.00
112,Plank Road,US,NY,Brooklyn,Boerum Hill Polygon,2026-07-12,1,THURSDAY,96,5.5,0,0,2,8.0000000000000000,0E-20,1,0.00,0.00,0.00,0.00,0.00
140,Southgate Towers,US,FL,Miami Beach,Miami Beach Polygon,2026-07-12,1,MONDAY,137,3.5,2,0,1,8.0000000000000000,0E-20,1,0.00,0.00,0.00,0.00,0.00
145,Dey and Bergen,US,NJ,Harrison,Harrison Polygon,2026-07-05,4,WEDNESDAY,15,2.0,1,1,0,8.0000000000000000,0E-20,1,0.00,0.00,0.00,0.00,0.00
118,The Bergen,US,NY,Brooklyn,Boerum Hill Polygon,2026-07-26,3,TUESDAY,96,6.0,1,0,1,8.0000000000000000,0E-20,1,0.00,0.00,0.00,0.00,0.00
119,535 W 43rd Street,US,NY,New York,Hell's Kitchen Polygon,2026-07-26,3,WEDNESDAY,60,4.0,1,0,1,8.0000000000000000,0E-20,1,0.00,0.00,0.00,0.00,0.00
205,1 River Place,US,NY,New York,Hell's Kitchen Polygon,2026-07-05,4,THURSDAY,97,1.0,2,0,0,8.0000000000000000,0E-20,1,0.00,0.00,0.00,0.00,0.00
276,1510 Bay Road,US,FL,Miami Beach,Miami Beach Polygon,2026-07-05,4,TUESDAY,137,3.0,6,0,0,8.0000000000000000,0E-20,1,0.00,0.00,0.00,0.00,0.00
153,Watermarc at Biscayne Bay,US,FL,Miami,Edgewater Polygon,2026-07-12,1,TUESDAY,134,2.5,0,0,1,8.0000000000000000,0E-20,1,0.00,0.00,0.00,0.00,0.00
117,The Landon,US,NY,New York,Hell's Kitchen Polygon,2026-07-12,1,THURSDAY,97,1.5,2,0,0,8.0000000000000000,0E-20,1,0.00,0.00,0.00,0.00,0.00
151,Cite On The Bay,US,FL,Miami,Edgewater Polygon,2026-07-12,1,MONDAY,134,1.0,1,0,0,8.0000000000000000,0E-20,1,0.00,0.00,0.00,0.00,0.00
269,20 Exchange Place,US,NY,New York,Financial District Polygon,2026-07-12,1,FRIDAY,45,4.0,3,1,0,8.0000000000000000,0E-20,1,0.00,0.00,0.00,0.00,0.00
215,Elysee Miami,US,FL,Miami,Edgewater Polygon,2026-07-26,3,FRIDAY,134,1.0,1,0,0,8.0000000000000000,0E-20,1,0.00,0.00,0.00,0.00,0.00
213,1330 West Avenue,US,FL,Miami Beach,Miami Beach Polygon,2026-07-05,4,FRIDAY,110,1.0,2,0,0,8.0000000000000000,0E-20,1,0.00,0.00,0.00,0.00,0.00
130,Arabella 101,US,NY,New York,Floating NY 2,2026-07-26,3,WEDNESDAY,39,3.0,1,1,0,8.0000000000000000,0E-20,1,0.00,0.00,0.00,0.00,0.00
131,The Addison,US,NY,Brooklyn,Brooklyn Heights Polygon,2026-07-05,4,MONDAY,39,8.0,0,0,1,8.0000000000000000,0,1,0.00,0.00,0.00,0.00,0.00
171,22 Skyview Apartments,US,FL,Miami,Edgewater Polygon,2026-07-05,4,THURSDAY,134,4.5,1,0,1,8.0000000000000000,0E-20,1,0.00,0.00,0.00,0.00,0.00
194,The Atelier Condo NYC,US,NY,New York,Hell's Kitchen Polygon,2026-07-26,3,TUESDAY,73,0.5,1,0,0,8.0000000000000000,0E-20,1,0.00,0.00,0.00,0.00,0.00
118,The Bergen,US,NY,Brooklyn,Boerum Hill Polygon,2026-07-26,3,WEDNESDAY,39,3.0,1,1,0,8.0000000000000000,0E-20,1,0.00,0.00,0.00,0.00,0.00
213,1330 West Avenue,US,FL,Miami Beach,Miami Beach Polygon,2026-07-26,3,TUESDAY,137,2.5,1,1,0,8.0000000000000000,0E-20,1,0.00,0.00,0.00,0.00,0.00
126,The Landing,US,NY,Brooklyn,Brooklyn Heights Polygon,2026-07-26,3,TUESDAY,77,7.0,0,0,2,8.0000000000000000,0E-16,1,0.00,0.00,0.00,0.00,0.00
207,561 10th Avenue,US,NY,New York,Hell's Kitchen Polygon,2026-07-12,1,TUESDAY,73,2.0,0,1,0,8.0000000000000000,0E-20,1,0.00,0.00,0.00,0.00,0.00
276,1510 Bay Road,US,FL,Miami Beach,Miami Beach Polygon,2026-07-26,3,FRIDAY,110,1.5,0,1,0,8.0000000000000000,0E-20,1,0.00,0.00,0.00,0.00,0.00
212,39 New York Ave,US,NJ,Jersey City,Hoboken Polygon,2026-07-05,4,TUESDAY,65,0,0,0,0,8.0000000000000000,0E-20,1,0.00,0.00,0.00,0.00,0.00
17,River Place,US,NY,New York,Hell's Kitchen Polygon,2026-07-26,3,WEDNESDAY,73,0,0,0,0,8.0000000000000000,0E-20,1,0.00,0.00,0.00,0.00,0.00
221,Mirador 1000,US,FL,Miami Beach,Miami Beach Polygon,2026-07-19,2,FRIDAY,110,0.5,1,0,0,8.0000000000000000,0E-20,1,0.00,0.00,0.00,0.00,0.00
144,Waters Edge,US,NJ,Harrison,Harrison Polygon,2026-07-12,1,MONDAY,15,1.5,2,0,0,8.0000000000000000,0E-20,1,0.00,0.00,0.00,0.00,0.00
131,The Addison,US,NY,Brooklyn,Brooklyn Heights Polygon,2026-07-26,3,THURSDAY,77,8.0,0,0,1,8.0000000000000000,0,1,0.00,0.00,0.00,0.00,0.00
117,The Landon,US,NY,New York,Hell's Kitchen Polygon,2026-07-05,4,WEDNESDAY,97,0,0,0,0,8.0000000000000000,0E-20,1,0.00,0.00,0.00,0.00,0.00
104,Midtown 5,US,FL,Miami,,2026-07-26,3,WEDNESDAY,138,2.5,1,1,0,8.0000000000000000,0E-20,1,0.00,0.00,0.00,0.00,0.00
44,330W-56th,US,NY,New York,Hell's Kitchen Polygon,2026-07-05,4,TUESDAY,63,2.0,1,1,0,8.0000000000000000,0E-20,1,0.00,0.00,0.00,0.00,0.00
205,1 River Place,US,NY,New York,Hell's Kitchen Polygon,2026-07-12,1,WEDNESDAY,97,0,0,0,0,8.0000000000000000,0E-20,1,0.00,0.00,0.00,0.00,0.00
260,Cocoa Exchange,US,NY,New York,Financial District Polygon,2026-07-26,3,THURSDAY,39,6.5,0,0,1,8.0000000000000000,0E-20,1,0.00,0.00,0.00,0.00,0.00
171,22 Skyview Apartments,US,FL,Miami,Edgewater Polygon,2026-07-12,1,WEDNESDAY,134,4.0,0,1,1,8.0000000000000000,0E-20,1,0.00,0.00,0.00,0.00,0.00
6,100 House,US,NJ,Jersey City,Hoboken Polygon,2026-07-05,4,MONDAY,65,7.0,0,1,1,8.0000000000000000,0,1,0.00,0.00,0.00,0.00,0.00
77,Oliver on the Hudson,US,NJ,Jersey City,Floating Jersey,2026-07-12,1,TUESDAY,139,1.5,2,0,0,8.0000000000000000,0E-20,1,0.00,0.00,0.00,0.00,0.00
191,2001 Biscayne Boulevard,US,FL,Miami,Edgewater Polygon,2026-07-12,1,WEDNESDAY,138,4.5,1,0,1,8.0000000000000000,0E-20,1,0.00,0.00,0.00,0.00,0.00
93,Union Channel ,US,NY,Brooklyn,Boerum Hill Polygon,2026-07-19,2,TUESDAY,39,3.0,2,1,0,8.0000000000000000,0E-20,1,0.00,0.00,0.00,0.00,0.00
112,Plank Road,US,NY,Brooklyn,Boerum Hill Polygon,2026-07-05,4,WEDNESDAY,96,7.5,0,0,2,8.0000000000000000,0,1,0.00,0.00,0.00,0.00,0.00
198,Quantum on the Bay,US,FL,Miami,Edgewater Polygon,2026-07-26,3,WEDNESDAY,138,2.5,1,1,0,8.0000000000000000,0E-20,1,0.00,0.00,0.00,0.00,0.00
197,251 NE 20th St apt 3506,US,FL,Miami,Edgewater Polygon,2026-07-19,2,MONDAY,138,4.0,2,0,1,8.0000000000000000,0E-20,1,0.00,0.00,0.00,0.00,0.00
145,Dey and Bergen,US,NJ,Harrison,Harrison Polygon,2026-07-12,1,THURSDAY,15,2.5,3,0,0,8.0000000000000000,0E-20,1,0.00,0.00,0.00,0.00,0.00
117,The Landon,US,NY,New York,Hell's Kitchen Polygon,2026-07-05,4,THURSDAY,97,1.0,2,0,0,8.0000000000000000,0E-20,1,0.00,0.00,0.00,0.00,0.00
269,20 Exchange Place,US,NY,New York,Financial District Polygon,2026-07-05,4,FRIDAY,45,2.5,0,0,1,8.0000000000000000,0E-20,1,0.00,0.00,0.00,0.00,0.00
151,Cite On The Bay,US,FL,Miami,Edgewater Polygon,2026-07-05,4,MONDAY,134,0,0,0,0,8.0000000000000000,0E-20,1,0.00,0.00,0.00,0.00,0.00
249,605 West 42nd Street,US,NY,New York,Hell's Kitchen Polygon,2026-07-19,2,MONDAY,60,0,0,0,0,8.0000000000000000,0E-20,1,0.00,0.00,0.00,0.00,0.00
260,Cocoa Exchange,US,NY,New York,Financial District Polygon,2026-07-26,3,WEDNESDAY,39,3.0,1,1,0,8.0000000000000000,0E-20,1,0.00,0.00,0.00,0.00,0.00
276,1510 Bay Road,US,FL,Miami Beach,Miami Beach Polygon,2026-07-12,1,TUESDAY,137,3.5,1,0,1,8.0000000000000000,0E-20,1,0.00,0.00,0.00,0.00,0.00
171,22 Skyview Apartments,US,FL,Miami,Edgewater Polygon,2026-07-12,1,THURSDAY,134,2.5,0,0,1,8.0000000000000000,0E-20,1,0.00,0.00,0.00,0.00,0.00
131,The Addison,US,NY,Brooklyn,Brooklyn Heights Polygon,2026-07-12,1,MONDAY,39,5.5,0,0,1,8.0000000000000000,0E-20,1,0.00,0.00,0.00,0.00,0.00
213,1330 West Avenue,US,FL,Miami Beach,Miami Beach Polygon,2026-07-12,1,FRIDAY,110,0,0,0,0,8.0000000000000000,0E-20,1,0.00,0.00,0.00,0.00,0.00
149,Opera Tower,US,FL,Miami,Edgewater Polygon,2026-07-26,3,MONDAY,134,4.5,0,0,1,8.0000000000000000,0E-20,1,0.00,0.00,0.00,0.00,0.00
112,Plank Road,US,NY,Brooklyn,Boerum Hill Polygon,2026-07-05,4,THURSDAY,96,2.5,0,0,1,8.0000000000000000,0E-20,1,0.00,0.00,0.00,0.00,0.00
272,Harrison Urby Apartments,US,NJ,Harrison,Harrison Polygon,2026-07-19,2,FRIDAY,15,2.0,4,0,0,8.0000000000000000,0E-20,1,0.00,0.00,0.00,0.00,0.00
198,Quantum on the Bay,US,FL,Miami,Edgewater Polygon,2026-07-26,3,THURSDAY,138,2.0,3,0,0,8.0000000000000000,0E-20,1,0.00,0.00,0.00,0.00,0.00
145,Dey and Bergen,US,NJ,Harrison,Harrison Polygon,2026-07-12,1,WEDNESDAY,15,8.0,0,0,1,8.0000000000000000,0,1,0.00,0.00,0.00,0.00,0.00
207,561 10th Avenue,US,NY,New York,Hell's Kitchen Polygon,2026-07-19,2,TUESDAY,63,3.0,1,1,0,8.0000000000000000,0E-20,1,0.00,0.00,0.00,0.00,0.00
118,The Bergen,US,NY,Brooklyn,Boerum Hill Polygon,2026-07-26,3,THURSDAY,39,6.5,0,0,1,8.0000000000000000,0E-20,1,0.00,0.00,0.00,0.00,0.00
169,Aria on the Bay Condominium Association  INC,US,FL,Miami,Edgewater Polygon,2026-07-12,1,MONDAY,138,2.5,0,0,1,8.0000000000000000,0E-20,1,0.00,0.00,0.00,0.00,0.00
117,The Landon,US,NY,New York,Hell's Kitchen Polygon,2026-07-26,3,FRIDAY,73,1.0,2,0,0,8.0000000000000000,0E-20,1,0.00,0.00,0.00,0.00,0.00
118,The Bergen,US,NY,Brooklyn,Boerum Hill Polygon,2026-07-05,4,FRIDAY,100,6.0,0,0,1,8.0000000000000000,0E-20,1,0.00,0.00,0.00,0.00,0.00
112,Plank Road,US,NY,Brooklyn,Boerum Hill Polygon,2026-07-12,1,TUESDAY,39,5.0,1,0,1,8.0000000000000000,0E-20,1,0.00,0.00,0.00,0.00,0.00
123,Flamingo South Beach,US,FL,Miami Beach,Miami Beach Polygon,2026-07-26,3,THURSDAY,118,4.0,1,0,1,8.0000000000000000,0E-20,1,0.00,0.00,0.00,0.00,0.00
44,330W-56th,US,NY,New York,Hell's Kitchen Polygon,2026-07-26,3,MONDAY,60,3.0,2,1,0,8.0000000000000000,0E-20,1,0.00,0.00,0.00,0.00,0.00
194,The Atelier Condo NYC,US,NY,New York,Hell's Kitchen Polygon,2026-07-19,2,MONDAY,60,0,0,0,0,8.0000000000000000,0E-20,1,0.00,0.00,0.00,0.00,0.00
131,The Addison,US,NY,Brooklyn,Brooklyn Heights Polygon,2026-07-26,3,WEDNESDAY,77,8.0,0,0,1,8.0000000000000000,0,1,0.00,0.00,0.00,0.00,0.00
191,2001 Biscayne Boulevard,US,FL,Miami,Edgewater Polygon,2026-07-05,4,WEDNESDAY,138,1.5,2,0,0,8.0000000000000000,0E-20,1,0.00,0.00,0.00,0.00,0.00
112,Plank Road,US,NY,Brooklyn,Boerum Hill Polygon,2026-07-12,1,WEDNESDAY,96,2.5,1,1,0,8.0000000000000000,0E-20,1,0.00,0.00,0.00,0.00,0.00
145,Dey and Bergen,US,NJ,Harrison,Harrison Polygon,2026-07-05,4,THURSDAY,15,7.0,0,0,2,8.0000000000000000,0E-20,1,0.00,0.00,0.00,0.00,0.00
10,829 Garfield,US,NJ,Jersey City,Floating Jersey,2026-07-19,2,TUESDAY,139,1.0,1,0,0,8.0000000000000000,0E-20,1,0.00,0.00,0.00,0.00,0.00
44,330W-56th,US,NY,New York,Hell's Kitchen Polygon,2026-07-12,1,TUESDAY,63,1.0,1,0,0,8.0000000000000000,0E-20,1,0.00,0.00,0.00,0.00,0.00
205,1 River Place,US,NY,New York,Hell's Kitchen Polygon,2026-07-05,4,WEDNESDAY,97,0,0,0,0,8.0000000000000000,0E-20,1,0.00,0.00,0.00,0.00,0.00
117,The Landon,US,NY,New York,Hell's Kitchen Polygon,2026-07-12,1,WEDNESDAY,97,0,0,0,0,8.0000000000000000,0E-20,1,0.00,0.00,0.00,0.00,0.00
130,Arabella 101,US,NY,New York,Floating NY 2,2026-07-26,3,THURSDAY,39,6.5,0,0,1,8.0000000000000000,0E-20,1,0.00,0.00,0.00,0.00,0.00
171,22 Skyview Apartments,US,FL,Miami,Edgewater Polygon,2026-07-05,4,WEDNESDAY,134,0,0,0,0,8.0000000000000000,0E-20,1,0.00,0.00,0.00,0.00,0.00
212,39 New York Ave,US,NJ,Jersey City,Hoboken Polygon,2026-07-12,1,TUESDAY,65,2.5,0,0,1,8.0000000000000000,0E-20,1,0.00,0.00,0.00,0.00,0.00
129,544 Carroll,US,NY,Brooklyn,Boerum Hill Polygon,2026-07-19,2,FRIDAY,100,6.0,0,0,1,8.0000000000000000,0E-20,1,0.00,0.00,0.00,0.00,0.00
133,2000 Biscayne,US,FL,Miami,Edgewater Polygon,2026-07-05,4,FRIDAY,134,0.5,1,0,0,8.0000000000000000,0E-20,1,0.00,0.00,0.00,0.00,0.00
144,Waters Edge,US,NJ,Harrison,Harrison Polygon,2026-07-05,4,MONDAY,15,3.0,1,1,0,8.0000000000000000,0E-20,1,0.00,0.00,0.00,0.00,0.00
199,1800 Club,US,FL,Miami,Edgewater Polygon,2026-07-26,3,THURSDAY,134,3.0,1,0,1,8.0000000000000000,0E-20,1,0.00,0.00,0.00,0.00,0.00
207,561 10th Avenue,US,NY,New York,Hell's Kitchen Polygon,2026-07-05,4,TUESDAY,73,0,0,0,0,8.0000000000000000,0E-20,1,0.00,0.00,0.00,0.00,0.00
114,20 Broad Street,US,NY,New York,Financial District Polygon,2026-07-19,2,WEDNESDAY,39,3.5,1,0,1,8.0000000000000000,0E-20,1,0.00,0.00,0.00,0.00,0.00
54,Nine 52,US,NY,New York,Hell's Kitchen Polygon,2026-07-05,4,TUESDAY,63,2.0,1,1,0,8.0000000000000000,0E-20,1,0.00,0.00,0.00,0.00,0.00
128,250 E Houston,US,NY,New York,Floating NY 2,2026-07-26,3,TUESDAY,39,7.0,0,1,1,8.0000000000000000,0E-20,1,0.00,0.00,0.00,0.00,0.00
76,Woodside Central,US,NY,Queens,Floating NY 1,2026-07-26,3,TUESDAY,36,4.0,1,0,1,9.0000000000000000,0E-20,1,0.00,0.00,0.00,0.00,0.00
129,544 Carroll,US,NY,Brooklyn,Boerum Hill Polygon,2026-07-05,4,MONDAY,100,3.0,2,1,0,8.0000000000000000,0E-20,1,0.00,0.00,0.00,0.00,0.00
221,Mirador 1000,US,FL,Miami Beach,Miami Beach Polygon,2026-07-12,1,MONDAY,110,2.5,2,1,0,8.0000000000000000,0E-20,1,0.00,0.00,0.00,0.00,0.00
144,Waters Edge,US,NJ,Harrison,Harrison Polygon,2026-07-19,2,FRIDAY,15,2.0,4,0,0,8.0000000000000000,0E-20,1,0.00,0.00,0.00,0.00,0.00
117,The Landon,US,NY,New York,Hell's Kitchen Polygon,2026-07-26,3,MONDAY,63,2.5,3,0,0,8.0000000000000000,0E-20,1,0.00,0.00,0.00,0.00,0.00
203,Venetia Condominium,US,FL,Miami,Edgewater Polygon,2026-07-05,4,TUESDAY,138,4.0,1,0,1,8.0000000000000000,0E-20,1,0.00,0.00,0.00,0.00,0.00
142,One Harrison,US,NJ,Harrison,Harrison Polygon,2026-07-26,3,THURSDAY,15,2.5,1,1,0,8.0000000000000000,0E-20,1,0.00,0.00,0.00,0.00,0.00
249,605 West 42nd Street,US,NY,New York,Hell's Kitchen Polygon,2026-07-05,4,FRIDAY,60,1.5,2,0,0,8.0000000000000000,0E-20,1,0.00,0.00,0.00,0.00,0.00
151,Cite On The Bay,US,FL,Miami,Edgewater Polygon,2026-07-19,2,FRIDAY,134,2.5,1,1,0,8.0000000000000000,0E-20,1,0.00,0.00,0.00,0.00,0.00
269,20 Exchange Place,US,NY,New York,Financial District Polygon,2026-07-19,2,MONDAY,45,5.5,0,0,1,8.0000000000000000,0E-20,1,0.00,0.00,0.00,0.00,0.00
6,100 House,US,NJ,Jersey City,Hoboken Polygon,2026-07-19,2,WEDNESDAY,139,4.0,3,1,0,8.0000000000000000,0E-20,1,0.00,0.00,0.00,0.00,0.00
140,Southgate Towers,US,FL,Miami Beach,Miami Beach Polygon,2026-07-19,2,FRIDAY,137,2.5,0,0,1,8.0000000000000000,0E-20,1,0.00,0.00,0.00,0.00,0.00
205,1 River Place,US,NY,New York,Hell's Kitchen Polygon,2026-07-05,4,TUESDAY,60,0,0,0,0,8.0000000000000000,0E-20,1,0.00,0.00,0.00,0.00,0.00
272,Harrison Urby Apartments,US,NJ,Harrison,Harrison Polygon,2026-07-05,4,MONDAY,15,3.0,1,1,0,8.0000000000000000,0E-20,1,0.00,0.00,0.00,0.00,0.00
117,The Landon,US,NY,New York,Hell's Kitchen Polygon,2026-07-12,1,TUESDAY,60,3.5,2,0,1,8.0000000000000000,0E-20,1,0.00,0.00,0.00,0.00,0.00
140,Southgate Towers,US,FL,Miami Beach,Miami Beach Polygon,2026-07-26,3,THURSDAY,118,4.0,1,0,1,8.0000000000000000,0E-20,1,0.00,0.00,0.00,0.00,0.00
111,Brooklyn Crossing,US,NY,Brooklyn,Boerum Hill Polygon,2026-07-26,3,TUESDAY,100,5.5,1,0,1,8.0000000000000000,0E-20,1,0.00,0.00,0.00,0.00,0.00
230,378 Bergen Street,US,NY,Brooklyn,Boerum Hill Polygon,2026-07-19,2,THURSDAY,96,2.5,1,1,0,8.0000000000000000,0E-20,1,0.00,0.00,0.00,0.00,0.00
118,The Bergen,US,NY,Brooklyn,Boerum Hill Polygon,2026-07-19,2,MONDAY,100,5.0,1,0,1,8.0000000000000000,0E-20,1,0.00,0.00,0.00,0.00,0.00
220,Bay Parc,US,FL,Miami,Edgewater Polygon,2026-07-12,1,MONDAY,138,2.5,0,0,1,8.0000000000000000,0E-20,1,0.00,0.00,0.00,0.00,0.00
63,Agnes,US,NJ,Jersey City,Floating Jersey,2026-07-26,3,MONDAY,54,5.0,1,0,1,8.0000000000000000,0E-20,1,0.00,0.00,0.00,0.00,0.00
51,300 Somerset,US,NJ,Harrison,Harrison Polygon,2026-07-26,3,TUESDAY,15,3.5,1,0,1,8.0000000000000000,0E-20,1,0.00,0.00,0.00,0.00,0.00
122,Flamingo Point North Tower,US,FL,Miami Beach,Miami Beach Polygon,2026-07-26,3,MONDAY,118,3.0,0,0,1,8.0000000000000000,0E-20,1,0.00,0.00,0.00,0.00,0.00
47,1 Boerum PL,US,NY,Brooklyn,Floating NY 2,2026-07-26,3,FRIDAY,39,4.5,1,0,1,8.0000000000000000,0E-20,1,0.00,0.00,0.00,0.00,0.00
194,The Atelier Condo NYC,US,NY,New York,Hell's Kitchen Polygon,2026-07-05,4,FRIDAY,60,1.5,2,0,0,8.0000000000000000,0E-20,1,0.00,0.00,0.00,0.00,0.00
98,345 Baldwin Avenue,US,NJ,Jersey City,Floating Jersey,2026-07-19,2,TUESDAY,139,1.0,1,0,0,8.0000000000000000,0E-20,1,0.00,0.00,0.00,0.00,0.00
68,655 Union,US,NY,Brooklyn,Boerum Hill Polygon,2026-07-26,3,TUESDAY,39,7.0,0,1,1,8.0000000000000000,0E-20,1,0.00,0.00,0.00,0.00,0.00
183,1800 North Bayshore Drive,US,FL,Miami,Edgewater Polygon,2026-07-12,1,WEDNESDAY,134,4.0,0,1,1,8.0000000000000000,0E-20,1,0.00,0.00,0.00,0.00,0.00
150,Quantum on the Bay Condominium,US,FL,Miami,Edgewater Polygon,2026-07-05,4,THURSDAY,134,4.5,1,0,1,8.0000000000000000,0E-20,1,0.00,0.00,0.00,0.00,0.00
128,250 E Houston,US,NY,New York,Floating NY 2,2026-07-26,3,FRIDAY,39,4.5,1,0,1,8.0000000000000000,0E-20,1,0.00,0.00,0.00,0.00,0.00
197,251 NE 20th St apt 3506,US,FL,Miami,Edgewater Polygon,2026-07-12,1,TUESDAY,138,6.0,0,2,1,8.0000000000000000,0E-20,1,0.00,0.00,0.00,0.00,0.00
123,Flamingo South Beach,US,FL,Miami Beach,Miami Beach Polygon,2026-07-26,3,MONDAY,110,4.0,1,0,1,8.0000000000000000,0E-20,1,0.00,0.00,0.00,0.00,0.00
54,Nine 52,US,NY,New York,Hell's Kitchen Polygon,2026-07-05,4,FRIDAY,63,0,0,0,0,8.0000000000000000,0E-20,1,0.00,0.00,0.00,0.00,0.00
10,829 Garfield,US,NJ,Jersey City,Floating Jersey,2026-07-05,4,MONDAY,139,0,0,0,0,8.0000000000000000,0E-20,1,0.00,0.00,0.00,0.00,0.00
77,Oliver on the Hudson,US,NJ,Jersey City,Floating Jersey,2026-07-19,2,MONDAY,139,3.0,1,1,0,8.0000000000000000,0E-20,1,0.00,0.00,0.00,0.00,0.00
126,The Landing,US,NY,Brooklyn,Brooklyn Heights Polygon,2026-07-19,2,WEDNESDAY,39,3.5,1,0,1,8.0000000000000000,0E-20,1,0.00,0.00,0.00,0.00,0.00
93,Union Channel ,US,NY,Brooklyn,Boerum Hill Polygon,2026-07-12,1,MONDAY,39,5.5,0,0,1,8.0000000000000000,0E-20,1,0.00,0.00,0.00,0.00,0.00
207,561 10th Avenue,US,NY,New York,Hell's Kitchen Polygon,2026-07-19,2,MONDAY,73,4.5,1,1,1,8.0000000000000000,0E-20,1,0.00,0.00,0.00,0.00,0.00
269,20 Exchange Place,US,NY,New York,Financial District Polygon,2026-07-19,2,WEDNESDAY,39,3.5,1,0,1,8.0000000000000000,0E-20,1,0.00,0.00,0.00,0.00,0.00
111,Brooklyn Crossing,US,NY,Brooklyn,Boerum Hill Polygon,2026-07-12,1,WEDNESDAY,39,3.0,1,1,0,8.0000000000000000,0E-20,1,0.00,0.00,0.00,0.00,0.00
63,Agnes,US,NJ,Jersey City,Floating Jersey,2026-07-05,4,THURSDAY,139,0.5,1,0,0,8.0000000000000000,0E-20,1,0.00,0.00,0.00,0.00,0.00
9,The Enclave,US,NJ,Jersey City,Hoboken Polygon,2026-07-05,4,FRIDAY,65,1.5,3,0,0,8.0000000000000000,0E-20,1,0.00,0.00,0.00,0.00,0.00
144,Waters Edge,US,NJ,Harrison,Harrison Polygon,2026-07-19,2,TUESDAY,15,4.5,0,1,1,8.0000000000000000,0E-20,1,0.00,0.00,0.00,0.00,0.00
119,535 W 43rd Street,US,NY,New York,Hell's Kitchen Polygon,2026-07-19,2,WEDNESDAY,63,2.0,0,1,0,8.0000000000000000,0E-20,1,0.00,0.00,0.00,0.00,0.00
9,The Enclave,US,NJ,Jersey City,Hoboken Polygon,2026-07-05,4,THURSDAY,139,0.5,1,0,0,8.0000000000000000,0E-20,1,0.00,0.00,0.00,0.00,0.00
68,655 Union,US,NY,Brooklyn,Boerum Hill Polygon,2026-07-12,1,WEDNESDAY,100,5.5,0,0,1,8.0000000000000000,0E-20,1,0.00,0.00,0.00,0.00,0.00
119,535 W 43rd Street,US,NY,New York,Hell's Kitchen Polygon,2026-07-12,1,THURSDAY,73,0.5,1,0,0,8.0000000000000000,0E-20,1,0.00,0.00,0.00,0.00,0.00
117,The Landon,US,NY,New York,Hell's Kitchen Polygon,2026-07-12,1,FRIDAY,60,1.0,2,0,0,8.0000000000000000,0E-20,1,0.00,0.00,0.00,0.00,0.00
205,1 River Place,US,NY,New York,Hell's Kitchen Polygon,2026-07-05,4,FRIDAY,60,1.5,2,0,0,8.0000000000000000,0E-20,1,0.00,0.00,0.00,0.00,0.00
54,Nine 52,US,NY,New York,Hell's Kitchen Polygon,2026-07-19,2,FRIDAY,73,1.0,2,0,0,8.0000000000000000,0E-20,1,0.00,0.00,0.00,0.00,0.00
140,Southgate Towers,US,FL,Miami Beach,Miami Beach Polygon,2026-07-19,2,TUESDAY,137,3.0,0,2,0,8.0000000000000000,0E-20,1,0.00,0.00,0.00,0.00,0.00
111,Brooklyn Crossing,US,NY,Brooklyn,Boerum Hill Polygon,2026-07-12,1,TUESDAY,96,7.0,0,0,2,8.0000000000000000,0,1,0.00,0.00,0.00,0.00,0.00
215,Elysee Miami,US,FL,Miami,Edgewater Polygon,2026-07-19,2,THURSDAY,138,3.5,2,0,1,8.0000000000000000,0E-20,1,0.00,0.00,0.00,0.00,0.00
17,River Place,US,NY,New York,Hell's Kitchen Polygon,2026-07-12,1,THURSDAY,60,1.5,0,1,0,8.0000000000000000,0E-20,1,0.00,0.00,0.00,0.00,0.00
153,Watermarc at Biscayne Bay,US,FL,Miami,Edgewater Polygon,2026-07-19,2,MONDAY,134,0.5,1,0,0,8.0000000000000000,0E-20,1,0.00,0.00,0.00,0.00,0.00
121,Flamingo Point Center Tower,US,FL,Miami Beach,Miami Beach Polygon,2026-07-19,2,WEDNESDAY,110,5.0,0,0,1,8.0000000000000000,0E-20,1,0.00,0.00,0.00,0.00,0.00
249,605 West 42nd Street,US,NY,New York,Hell's Kitchen Polygon,2026-07-05,4,TUESDAY,60,0,0,0,0,8.0000000000000000,0E-20,1,0.00,0.00,0.00,0.00,0.00
150,Quantum on the Bay Condominium,US,FL,Miami,Edgewater Polygon,2026-07-12,1,WEDNESDAY,134,4.0,0,1,1,8.0000000000000000,0E-20,1,0.00,0.00,0.00,0.00,0.00
183,1800 North Bayshore Drive,US,FL,Miami,Edgewater Polygon,2026-07-05,4,THURSDAY,134,4.5,1,0,1,8.0000000000000000,0E-20,1,0.00,0.00,0.00,0.00,0.00
9,The Enclave,US,NJ,Jersey City,Hoboken Polygon,2026-07-12,1,WEDNESDAY,139,2.0,0,1,0,8.0000000000000000,0E-20,1,0.00,0.00,0.00,0.00,0.00
98,345 Baldwin Avenue,US,NJ,Jersey City,Floating Jersey,2026-07-19,2,FRIDAY,139,0.5,1,0,0,8.0000000000000000,0E-20,1,0.00,0.00,0.00,0.00,0.00
68,655 Union,US,NY,Brooklyn,Boerum Hill Polygon,2026-07-26,3,FRIDAY,39,4.5,1,0,1,8.0000000000000000,0E-20,1,0.00,0.00,0.00,0.00,0.00
51,300 Somerset,US,NJ,Harrison,Harrison Polygon,2026-07-26,3,FRIDAY,15,5.5,1,1,1,8.0000000000000000,0E-20,1,0.00,0.00,0.00,0.00,0.00
180,1800 Biscayne Plaza,US,FL,Miami,Edgewater Polygon,2026-07-19,2,THURSDAY,134,2.5,1,1,0,8.0000000000000000,0E-20,1,0.00,0.00,0.00,0.00,0.00
194,The Atelier Condo NYC,US,NY,New York,Hell's Kitchen Polygon,2026-07-05,4,TUESDAY,60,0,0,0,0,8.0000000000000000,0E-20,1,0.00,0.00,0.00,0.00,0.00
68,655 Union,US,NY,Brooklyn,Boerum Hill Polygon,2026-07-05,4,THURSDAY,100,5.0,0,0,1,8.0000000000000000,0E-20,1,0.00,0.00,0.00,0.00,0.00
111,Brooklyn Crossing,US,NY,Brooklyn,Boerum Hill Polygon,2026-07-05,4,THURSDAY,39,4.0,0,0,1,8.0000000000000000,0E-20,1,0.00,0.00,0.00,0.00,0.00
8,One Ten,US,NJ,Jersey City,Hoboken Polygon,2026-07-19,2,WEDNESDAY,139,4.0,3,1,0,8.0000000000000000,0E-20,1,0.00,0.00,0.00,0.00,0.00
220,Bay Parc,US,FL,Miami,Edgewater Polygon,2026-07-26,3,THURSDAY,134,3.0,1,0,1,8.0000000000000000,0E-20,1,0.00,0.00,0.00,0.00,0.00
207,561 10th Avenue,US,NY,New York,Hell's Kitchen Polygon,2026-07-05,4,MONDAY,63,3.0,4,0,0,8.0000000000000000,0E-20,1,0.00,0.00,0.00,0.00,0.00
63,Agnes,US,NJ,Jersey City,Floating Jersey,2026-07-12,1,WEDNESDAY,139,2.0,0,1,0,8.0000000000000000,0E-20,1,0.00,0.00,0.00,0.00,0.00
205,1 River Place,US,NY,New York,Hell's Kitchen Polygon,2026-07-19,2,MONDAY,60,0,0,0,0,8.0000000000000000,0E-20,1,0.00,0.00,0.00,0.00,0.00
221,Mirador 1000,US,FL,Miami Beach,Miami Beach Polygon,2026-07-12,1,THURSDAY,118,7.0,0,0,2,8.0000000000000000,0,1,0.00,0.00,0.00,0.00,0.00
249,605 West 42nd Street,US,NY,New York,Hell's Kitchen Polygon,2026-07-12,1,THURSDAY,97,1.5,2,0,0,8.0000000000000000,0E-20,1,0.00,0.00,0.00,0.00,0.00
272,Harrison Urby Apartments,US,NJ,Harrison,Harrison Polygon,2026-07-19,2,TUESDAY,15,4.5,0,1,1,8.0000000000000000,0E-20,1,0.00,0.00,0.00,0.00,0.00
230,378 Bergen Street,US,NY,Brooklyn,Boerum Hill Polygon,2026-07-12,1,MONDAY,39,5.5,0,0,1,8.0000000000000000,0E-20,1,0.00,0.00,0.00,0.00,0.00
171,22 Skyview Apartments,US,FL,Miami,Edgewater Polygon,2026-07-26,3,MONDAY,138,2.5,0,0,1,8.0000000000000000,0E-20,1,0.00,0.00,0.00,0.00,0.00
213,1330 West Avenue,US,FL,Miami Beach,Miami Beach Polygon,2026-07-12,1,TUESDAY,110,2.0,1,1,0,8.0000000000000000,0E-20,1,0.00,0.00,0.00,0.00,0.00
191,2001 Biscayne Boulevard,US,FL,Miami,Edgewater Polygon,2026-07-26,3,MONDAY,134,4.5,0,0,1,8.0000000000000000,0E-20,1,0.00,0.00,0.00,0.00,0.00
214,1 Boerum Place,US,NY,Brooklyn,Brooklyn Heights Polygon,2026-07-12,1,THURSDAY,77,6.0,0,0,1,8.0000000000000000,0E-20,1,0.00,0.00,0.00,0.00,0.00
276,1510 Bay Road,US,FL,Miami Beach,Miami Beach Polygon,2026-07-12,1,FRIDAY,137,2.0,3,0,0,8.0000000000000000,0E-20,1,0.00,0.00,0.00,0.00,0.00
269,20 Exchange Place,US,NY,New York,Financial District Polygon,2026-07-05,4,TUESDAY,45,2.5,2,1,0,8.0000000000000000,0E-20,1,0.00,0.00,0.00,0.00,0.00
198,Quantum on the Bay,US,FL,Miami,Edgewater Polygon,2026-07-12,1,MONDAY,134,1.0,1,0,0,8.0000000000000000,0E-20,1,0.00,0.00,0.00,0.00,0.00
153,Watermarc at Biscayne Bay,US,FL,Miami,Edgewater Polygon,2026-07-05,4,FRIDAY,134,0.5,1,0,0,8.0000000000000000,0E-20,1,0.00,0.00,0.00,0.00,0.00
169,Aria on the Bay Condominium Association  INC,US,FL,Miami,Edgewater Polygon,2026-07-26,3,THURSDAY,134,3.0,1,0,1,8.0000000000000000,0E-20,1,0.00,0.00,0.00,0.00,0.00
212,39 New York Ave,US,NJ,Jersey City,Hoboken Polygon,2026-07-05,4,WEDNESDAY,139,1.0,1,0,0,8.0000000000000000,0E-20,1,0.00,0.00,0.00,0.00,0.00
117,The Landon,US,NY,New York,Hell's Kitchen Polygon,2026-07-26,3,TUESDAY,73,0.5,1,0,0,8.0000000000000000,0E-20,1,0.00,0.00,0.00,0.00,0.00
112,Plank Road,US,NY,Brooklyn,Boerum Hill Polygon,2026-07-12,1,FRIDAY,39,8.0,0,0,1,8.0000000000000000,0,1,0.00,0.00,0.00,0.00,0.00
213,1330 West Avenue,US,FL,Miami Beach,Miami Beach Polygon,2026-07-19,2,WEDNESDAY,118,0,0,0,0,8.0000000000000000,0E-20,1,0.00,0.00,0.00,0.00,0.00
194,The Atelier Condo NYC,US,NY,New York,Hell's Kitchen Polygon,2026-07-12,1,THURSDAY,97,1.5,2,0,0,8.0000000000000000,0E-20,1,0.00,0.00,0.00,0.00,0.00
207,561 10th Avenue,US,NY,New York,Hell's Kitchen Polygon,2026-07-19,2,FRIDAY,63,1.5,2,0,0,8.0000000000000000,0E-20,1,0.00,0.00,0.00,0.00,0.00
214,1 Boerum Place,US,NY,Brooklyn,Brooklyn Heights Polygon,2026-07-05,4,WEDNESDAY,77,1.5,2,0,0,8.0000000000000000,0E-20,1,0.00,0.00,0.00,0.00,0.00
149,Opera Tower,US,FL,Miami,Edgewater Polygon,2026-07-05,4,WEDNESDAY,138,1.5,2,0,0,8.0000000000000000,0E-20,1,0.00,0.00,0.00,0.00,0.00
207,561 10th Avenue,US,NY,New York,Hell's Kitchen Polygon,2026-07-26,3,THURSDAY,97,4.0,0,0,1,8.0000000000000000,0E-20,1,0.00,0.00,0.00,0.00,0.00
44,330W-56th,US,NY,New York,Hell's Kitchen Polygon,2026-07-12,1,FRIDAY,63,1.5,3,0,0,8.0000000000000000,0E-20,1,0.00,0.00,0.00,0.00,0.00
122,Flamingo Point North Tower,US,FL,Miami Beach,Miami Beach Polygon,2026-07-26,3,THURSDAY,110,4.5,3,1,0,8.0000000000000000,0E-20,1,0.00,0.00,0.00,0.00,0.00
10,829 Garfield,US,NJ,Jersey City,Floating Jersey,2026-07-19,2,FRIDAY,139,0.5,1,0,0,8.0000000000000000,0E-20,1,0.00,0.00,0.00,0.00,0.00
151,Cite On The Bay,US,FL,Miami,Edgewater Polygon,2026-07-26,3,WEDNESDAY,138,2.5,1,1,0,8.0000000000000000,0E-20,1,0.00,0.00,0.00,0.00,0.00
54,Nine 52,US,NY,New York,Hell's Kitchen Polygon,2026-07-19,2,MONDAY,63,1.0,1,0,0,8.0000000000000000,0E-20,1,0.00,0.00,0.00,0.00,0.00
124,The Kestrel,US,NY,Brooklyn,Floating NY 2,2026-07-05,4,WEDNESDAY,39,3.5,1,0,1,8.0000000000000000,0E-20,1,0.00,0.00,0.00,0.00,0.00
249,605 West 42nd Street,US,NY,New York,Hell's Kitchen Polygon,2026-07-05,4,WEDNESDAY,97,0,0,0,0,8.0000000000000000,0E-20,1,0.00,0.00,0.00,0.00,0.00
221,Mirador 1000,US,FL,Miami Beach,Miami Beach Polygon,2026-07-05,4,WEDNESDAY,118,1.0,2,0,0,8.0000000000000000,0E-20,1,0.00,0.00,0.00,0.00,0.00
120,66 Rockwell Place,US,NY,Brooklyn,Brooklyn Heights Polygon,2026-07-12,1,WEDNESDAY,77,2.0,0,1,0,8.0000000000000000,0E-20,1,0.00,0.00,0.00,0.00,0.00
77,Oliver on the Hudson,US,NJ,Jersey City,Floating Jersey,2026-07-05,4,FRIDAY,139,3.0,1,1,0,8.0000000000000000,0E-20,1,0.00,0.00,0.00,0.00,0.00
212,39 New York Ave,US,NJ,Jersey City,Hoboken Polygon,2026-07-12,1,THURSDAY,139,1.5,0,1,0,8.0000000000000000,0E-20,1,0.00,0.00,0.00,0.00,0.00
260,Cocoa Exchange,US,NY,New York,Financial District Polygon,2026-07-26,3,MONDAY,45,1.5,2,0,0,8.0000000000000000,0E-20,1,0.00,0.00,0.00,0.00,0.00
203,Venetia Condominium,US,FL,Miami,Edgewater Polygon,2026-07-19,2,MONDAY,138,4.0,2,0,1,8.0000000000000000,0E-20,1,0.00,0.00,0.00,0.00,0.00
120,66 Rockwell Place,US,NY,Brooklyn,Brooklyn Heights Polygon,2026-07-26,3,MONDAY,39,4.5,0,1,1,8.0000000000000000,0E-20,1,0.00,0.00,0.00,0.00,0.00
9,The Enclave,US,NJ,Jersey City,Hoboken Polygon,2026-07-19,2,MONDAY,65,1.0,2,0,0,8.0000000000000000,0E-20,1,0.00,0.00,0.00,0.00,0.00
112,Plank Road,US,NY,Brooklyn,Boerum Hill Polygon,2026-07-26,3,WEDNESDAY,100,5.5,0,0,1,8.0000000000000000,0E-20,1,0.00,0.00,0.00,0.00,0.00
194,The Atelier Condo NYC,US,NY,New York,Hell's Kitchen Polygon,2026-07-05,4,WEDNESDAY,97,0,0,0,0,8.0000000000000000,0E-20,1,0.00,0.00,0.00,0.00,0.00
204,1717 North Bayshore Drive,US,FL,Miami,Edgewater Polygon,2026-07-19,2,THURSDAY,134,2.5,1,1,0,8.0000000000000000,0E-20,1,0.00,0.00,0.00,0.00,0.00
115,Grove Central Residences,US,FL,Miami,Flow Brickell Polygon,2026-07-12,1,MONDAY,92,1.5,2,0,0,8.0000000000000000,0E-20,1,0.00,0.00,0.00,0.00,0.00
199,1800 Club,US,FL,Miami,Edgewater Polygon,2026-07-12,1,MONDAY,138,2.5,0,0,1,8.0000000000000000,0E-20,1,0.00,0.00,0.00,0.00,0.00
129,544 Carroll,US,NY,Brooklyn,Boerum Hill Polygon,2026-07-19,2,TUESDAY,100,2.5,1,1,0,8.0000000000000000,0E-20,1,0.00,0.00,0.00,0.00,0.00
212,39 New York Ave,US,NJ,Jersey City,Hoboken Polygon,2026-07-12,1,FRIDAY,65,0.5,1,0,0,8.0000000000000000,0E-20,1,0.00,0.00,0.00,0.00,0.00
205,1 River Place,US,NY,New York,Hell's Kitchen Polygon,2026-07-26,3,TUESDAY,73,0.5,1,0,0,8.0000000000000000,0E-20,1,0.00,0.00,0.00,0.00,0.00
212,39 New York Ave,US,NJ,Jersey City,Hoboken Polygon,2026-07-12,1,WEDNESDAY,139,2.0,0,1,0,8.0000000000000000,0E-20,1,0.00,0.00,0.00,0.00,0.00
112,Plank Road,US,NY,Brooklyn,Boerum Hill Polygon,2026-07-05,4,FRIDAY,39,5.0,0,0,1,8.0000000000000000,0E-20,1,0.00,0.00,0.00,0.00,0.00
180,1800 Biscayne Plaza,US,FL,Miami,Edgewater Polygon,2026-07-26,3,TUESDAY,138,7.5,0,0,2,8.0000000000000000,0E-16,1,0.00,0.00,0.00,0.00,0.00
194,The Atelier Condo NYC,US,NY,New York,Hell's Kitchen Polygon,2026-07-05,4,THURSDAY,97,1.0,2,0,0,8.0000000000000000,0E-20,1,0.00,0.00,0.00,0.00,0.00
204,1717 North Bayshore Drive,US,FL,Miami,Edgewater Polygon,2026-07-19,2,WEDNESDAY,134,3.5,1,0,1,8.0000000000000000,0E-20,1,0.00,0.00,0.00,0.00,0.00
98,345 Baldwin Avenue,US,NJ,Jersey City,Floating Jersey,2026-07-12,1,MONDAY,139,1.0,1,0,0,8.0000000000000000,0E-20,1,0.00,0.00,0.00,0.00,0.00
92,The Buchanan,US,NY,New York,Floating NY 1,2026-07-05,4,MONDAY,36,7.0,0,0,2,8.0000000000000000,0,1,0.00,0.00,0.00,0.00,0.00
249,605 West 42nd Street,US,NY,New York,Hell's Kitchen Polygon,2026-07-26,3,FRIDAY,73,1.0,2,0,0,8.0000000000000000,0E-20,1,0.00,0.00,0.00,0.00,0.00
220,Bay Parc,US,FL,Miami,Edgewater Polygon,2026-07-19,2,TUESDAY,138,0.5,1,0,0,8.0000000000000000,0E-20,1,0.00,0.00,0.00,0.00,0.00
194,The Atelier Condo NYC,US,NY,New York,Hell's Kitchen Polygon,2026-07-26,3,FRIDAY,73,1.0,2,0,0,8.0000000000000000,0E-20,1,0.00,0.00,0.00,0.00,0.00
214,1 Boerum Place,US,NY,Brooklyn,Brooklyn Heights Polygon,2026-07-05,4,THURSDAY,77,5.5,0,0,2,8.0000000000000000,0E-20,1,0.00,0.00,0.00,0.00,0.00
149,Opera Tower,US,FL,Miami,Edgewater Polygon,2026-07-05,4,THURSDAY,138,0.5,1,0,0,8.0000000000000000,0E-20,1,0.00,0.00,0.00,0.00,0.00
213,1330 West Avenue,US,FL,Miami Beach,Miami Beach Polygon,2026-07-05,4,TUESDAY,110,1.0,2,0,0,8.0000000000000000,0E-20,1,0.00,0.00,0.00,0.00,0.00
44,330W-56th,US,NY,New York,Hell's Kitchen Polygon,2026-07-19,2,FRIDAY,73,1.0,2,0,0,8.0000000000000000,0E-20,1,0.00,0.00,0.00,0.00,0.00
215,Elysee Miami,US,FL,Miami,Edgewater Polygon,2026-07-26,3,TUESDAY,134,3.5,0,0,1,8.0000000000000000,0E-20,1,0.00,0.00,0.00,0.00,0.00
269,20 Exchange Place,US,NY,New York,Financial District Polygon,2026-07-12,1,TUESDAY,45,3.5,2,1,0,8.0000000000000000,0E-20,1,0.00,0.00,0.00,0.00,0.00
198,Quantum on the Bay,US,FL,Miami,Edgewater Polygon,2026-07-05,4,MONDAY,134,0,0,0,0,8.0000000000000000,0E-20,1,0.00,0.00,0.00,0.00,0.00
207,561 10th Avenue,US,NY,New York,Hell's Kitchen Polygon,2026-07-26,3,WEDNESDAY,97,0,0,0,0,8.0000000000000000,0E-20,1,0.00,0.00,0.00,0.00,0.00
276,1510 Bay Road,US,FL,Miami Beach,Miami Beach Polygon,2026-07-05,4,FRIDAY,137,5.5,0,0,2,8.0000000000000000,0E-20,1,0.00,0.00,0.00,0.00,0.00
122,Flamingo Point North Tower,US,FL,Miami Beach,Miami Beach Polygon,2026-07-26,3,WEDNESDAY,110,2.0,1,1,0,8.0000000000000000,0E-20,1,0.00,0.00,0.00,0.00,0.00
117,The Landon,US,NY,New York,Hell's Kitchen Polygon,2026-07-19,2,MONDAY,60,0,0,0,0,8.0000000000000000,0E-20,1,0.00,0.00,0.00,0.00,0.00
118,The Bergen,US,NY,Brooklyn,Boerum Hill Polygon,2026-07-26,3,FRIDAY,96,2.5,3,0,0,8.0000000000000000,0E-20,1,0.00,0.00,0.00,0.00,0.00
151,Cite On The Bay,US,FL,Miami,Edgewater Polygon,2026-07-26,3,THURSDAY,138,2.0,3,0,0,8.0000000000000000,0E-20,1,0.00,0.00,0.00,0.00,0.00
124,The Kestrel,US,NY,Brooklyn,Floating NY 2,2026-07-05,4,THURSDAY,39,4.0,0,0,1,8.0000000000000000,0E-20,1,0.00,0.00,0.00,0.00,0.00
249,605 West 42nd Street,US,NY,New York,Hell's Kitchen Polygon,2026-07-05,4,THURSDAY,97,1.0,2,0,0,8.0000000000000000,0E-20,1,0.00,0.00,0.00,0.00,0.00
221,Mirador 1000,US,FL,Miami Beach,Miami Beach Polygon,2026-07-05,4,THURSDAY,118,1.5,2,0,0,8.0000000000000000,0E-20,1,0.00,0.00,0.00,0.00,0.00
54,Nine 52,US,NY,New York,Hell's Kitchen Polygon,2026-07-12,1,MONDAY,73,4.5,4,1,0,8.0000000000000000,0E-20,1,0.00,0.00,0.00,0.00,0.00
230,378 Bergen Street,US,NY,Brooklyn,Boerum Hill Polygon,2026-07-05,4,MONDAY,39,8.0,0,0,1,8.0000000000000000,0,1,0.00,0.00,0.00,0.00,0.00
169,Aria on the Bay Condominium Association  INC,US,FL,Miami,Edgewater Polygon,2026-07-26,3,WEDNESDAY,134,1.5,0,1,0,8.0000000000000000,0E-20,1,0.00,0.00,0.00,0.00,0.00
221,Mirador 1000,US,FL,Miami Beach,Miami Beach Polygon,2026-07-19,2,TUESDAY,110,0,0,0,0,8.0000000000000000,0E-20,1,0.00,0.00,0.00,0.00,0.00
214,1 Boerum Place,US,NY,Brooklyn,Brooklyn Heights Polygon,2026-07-26,3,MONDAY,39,4.5,0,1,1,8.0000000000000000,0E-20,1,0.00,0.00,0.00,0.00,0.00
8,One Ten,US,NJ,Jersey City,Hoboken Polygon,2026-07-05,4,MONDAY,65,7.0,0,1,1,8.0000000000000000,0,1,0.00,0.00,0.00,0.00,0.00
212,39 New York Ave,US,NJ,Jersey City,Hoboken Polygon,2026-07-05,4,FRIDAY,65,1.5,3,0,0,8.0000000000000000,0E-20,1,0.00,0.00,0.00,0.00,0.00
133,2000 Biscayne,US,FL,Miami,Edgewater Polygon,2026-07-12,1,TUESDAY,134,2.5,0,0,1,8.0000000000000000,0E-20,1,0.00,0.00,0.00,0.00,0.00
212,39 New York Ave,US,NJ,Jersey City,Hoboken Polygon,2026-07-05,4,THURSDAY,139,0.5,1,0,0,8.0000000000000000,0E-20,1,0.00,0.00,0.00,0.00,0.00
276,1510 Bay Road,US,FL,Miami Beach,Miami Beach Polygon,2026-07-26,3,TUESDAY,110,2.5,1,1,0,8.0000000000000000,0E-20,1,0.00,0.00,0.00,0.00,0.00
207,561 10th Avenue,US,NY,New York,Hell's Kitchen Polygon,2026-07-12,1,FRIDAY,73,2.0,3,0,0,8.0000000000000000,0E-20,1,0.00,0.00,0.00,0.00,0.00
213,1330 West Avenue,US,FL,Miami Beach,Miami Beach Polygon,2026-07-19,2,THURSDAY,118,4.5,1,0,1,8.0000000000000000,0E-20,1,0.00,0.00,0.00,0.00,0.00
126,The Landing,US,NY,Brooklyn,Brooklyn Heights Polygon,2026-07-26,3,FRIDAY,77,8.0,0,0,1,8.0000000000000000,0,1,0.00,0.00,0.00,0.00,0.00
194,The Atelier Condo NYC,US,NY,New York,Hell's Kitchen Polygon,2026-07-12,1,WEDNESDAY,97,0,0,0,0,8.0000000000000000,0E-20,1,0.00,0.00,0.00,0.00,0.00
213,1330 West Avenue,US,FL,Miami Beach,Miami Beach Polygon,2026-07-26,3,FRIDAY,137,1.0,2,0,0,8.0000000000000000,0E-20,1,0.00,0.00,0.00,0.00,0.00
124,The Kestrel,US,NY,Brooklyn,Floating NY 2,2026-07-12,1,WEDNESDAY,39,3.0,1,1,0,8.0000000000000000,0E-20,1,0.00,0.00,0.00,0.00,0.00
221,Mirador 1000,US,FL,Miami Beach,Miami Beach Polygon,2026-07-12,1,WEDNESDAY,118,2.0,3,0,0,8.0000000000000000,0E-20,1,0.00,0.00,0.00,0.00,0.00
249,605 West 42nd Street,US,NY,New York,Hell's Kitchen Polygon,2026-07-12,1,WEDNESDAY,97,0,0,0,0,8.0000000000000000,0E-20,1,0.00,0.00,0.00,0.00,0.00
93,Union Channel ,US,NY,Brooklyn,Boerum Hill Polygon,2026-07-19,2,FRIDAY,39,5.0,0,0,1,8.0000000000000000,0E-20,1,0.00,0.00,0.00,0.00,0.00
149,Opera Tower,US,FL,Miami,Edgewater Polygon,2026-07-12,1,WEDNESDAY,138,4.5,1,0,1,8.0000000000000000,0E-20,1,0.00,0.00,0.00,0.00,0.00
214,1 Boerum Place,US,NY,Brooklyn,Brooklyn Heights Polygon,2026-07-12,1,WEDNESDAY,77,2.0,0,1,0,8.0000000000000000,0E-20,1,0.00,0.00,0.00,0.00,0.00
44,330W-56th,US,NY,New York,Hell's Kitchen Polygon,2026-07-05,4,FRIDAY,63,0,0,0,0,8.0000000000000000,0E-20,1,0.00,0.00,0.00,0.00,0.00
9,The Enclave,US,NJ,Jersey City,Hoboken Polygon,2026-07-12,1,THURSDAY,139,1.5,0,1,0,8.0000000000000000,0E-20,1,0.00,0.00,0.00,0.00,0.00
249,605 West 42nd Street,US,NY,New York,Hell's Kitchen Polygon,2026-07-26,3,MONDAY,63,2.5,3,0,0,8.0000000000000000,0E-20,1,0.00,0.00,0.00,0.00,0.00
180,1800 Biscayne Plaza,US,FL,Miami,Edgewater Polygon,2026-07-19,2,WEDNESDAY,134,3.5,1,0,1,8.0000000000000000,0E-20,1,0.00,0.00,0.00,0.00,0.00
204,1717 North Bayshore Drive,US,FL,Miami,Edgewater Polygon,2026-07-26,3,TUESDAY,138,7.5,0,0,2,8.0000000000000000,0E-16,1,0.00,0.00,0.00,0.00,0.00
119,535 W 43rd Street,US,NY,New York,Hell's Kitchen Polygon,2026-07-05,4,THURSDAY,73,1.5,3,0,0,8.0000000000000000,0E-20,1,0.00,0.00,0.00,0.00,0.00
115,Grove Central Residences,US,FL,Miami,Flow Brickell Polygon,2026-07-19,2,FRIDAY,92,1.5,0,1,0,8.0000000000000000,0E-20,1,0.00,0.00,0.00,0.00,0.00
68,655 Union,US,NY,Brooklyn,Boerum Hill Polygon,2026-07-05,4,WEDNESDAY,100,3.0,0,0,1,8.0000000000000000,0E-20,1,0.00,0.00,0.00,0.00,0.00
212,39 New York Ave,US,NJ,Jersey City,Hoboken Polygon,2026-07-19,2,MONDAY,65,1.0,2,0,0,8.0000000000000000,0E-20,1,0.00,0.00,0.00,0.00,0.00
111,Brooklyn Crossing,US,NY,Brooklyn,Boerum Hill Polygon,2026-07-05,4,WEDNESDAY,39,3.5,1,0,1,8.0000000000000000,0E-20,1,0.00,0.00,0.00,0.00,0.00
8,One Ten,US,NJ,Jersey City,Hoboken Polygon,2026-07-19,2,THURSDAY,139,4.0,0,0,1,8.0000000000000000,0E-20,1,0.00,0.00,0.00,0.00,0.00
220,Bay Parc,US,FL,Miami,Edgewater Polygon,2026-07-26,3,WEDNESDAY,134,1.5,0,1,0,8.0000000000000000,0E-20,1,0.00,0.00,0.00,0.00,0.00
9,The Enclave,US,NJ,Jersey City,Hoboken Polygon,2026-07-12,1,FRIDAY,65,0.5,1,0,0,8.0000000000000000,0E-20,1,0.00,0.00,0.00,0.00,0.00
63,Agnes,US,NJ,Jersey City,Floating Jersey,2026-07-12,1,THURSDAY,139,1.5,0,1,0,8.0000000000000000,0E-20,1,0.00,0.00,0.00,0.00,0.00
125,The Vitagraph,US,NY,Brooklyn,Floating NY 2,2026-07-26,3,TUESDAY,39,7.0,0,1,1,8.0000000000000000,0E-20,1,0.00,0.00,0.00,0.00,0.00
54,Nine 52,US,NY,New York,Hell's Kitchen Polygon,2026-07-12,1,FRIDAY,63,1.5,3,0,0,8.0000000000000000,0E-20,1,0.00,0.00,0.00,0.00,0.00
10,829 Garfield,US,NJ,Jersey City,Floating Jersey,2026-07-12,1,MONDAY,139,1.0,1,0,0,8.0000000000000000,0E-20,1,0.00,0.00,0.00,0.00,0.00
197,251 NE 20th St apt 3506,US,FL,Miami,Edgewater Polygon,2026-07-05,4,TUESDAY,138,4.0,1,0,1,8.0000000000000000,0E-20,1,0.00,0.00,0.00,0.00,0.00
119,535 W 43rd Street,US,NY,New York,Hell's Kitchen Polygon,2026-07-26,3,FRIDAY,97,2.0,1,1,0,8.0000000000000000,0E-20,1,0.00,0.00,0.00,0.00,0.00
207,561 10th Avenue,US,NY,New York,Hell's Kitchen Polygon,2026-07-26,3,TUESDAY,60,4.5,0,0,1,8.0000000000000000,0E-20,1,0.00,0.00,0.00,0.00,0.00
215,Elysee Miami,US,FL,Miami,Edgewater Polygon,2026-07-19,2,WEDNESDAY,138,1.5,0,1,0,8.0000000000000000,0E-20,1,0.00,0.00,0.00,0.00,0.00
93,Union Channel ,US,NY,Brooklyn,Boerum Hill Polygon,2026-07-05,4,MONDAY,39,8.0,0,0,1,8.0000000000000000,0,1,0.00,0.00,0.00,0.00,0.00
6,100 House,US,NJ,Jersey City,Hoboken Polygon,2026-07-19,2,TUESDAY,65,5.5,0,0,2,8.0000000000000000,0E-20,1,0.00,0.00,0.00,0.00,0.00
194,The Atelier Condo NYC,US,NY,New York,Hell's Kitchen Polygon,2026-07-26,3,MONDAY,63,2.5,3,0,0,8.0000000000000000,0E-20,1,0.00,0.00,0.00,0.00,0.00
129,544 Carroll,US,NY,Brooklyn,Boerum Hill Polygon,2026-07-26,3,MONDAY,96,8.0,0,0,1,8.0000000000000000,0,1,0.00,0.00,0.00,0.00,0.00
183,1800 North Bayshore Drive,US,FL,Miami,Edgewater Polygon,2026-07-05,4,WEDNESDAY,134,0,0,0,0,8.0000000000000000,0E-20,1,0.00,0.00,0.00,0.00,0.00
44,330W-56th,US,NY,New York,Hell's Kitchen Polygon,2026-07-19,2,MONDAY,63,1.0,1,0,0,8.0000000000000000,0E-20,1,0.00,0.00,0.00,0.00,0.00
150,Quantum on the Bay Condominium,US,FL,Miami,Edgewater Polygon,2026-07-12,1,THURSDAY,134,2.5,0,0,1,8.0000000000000000,0E-20,1,0.00,0.00,0.00,0.00,0.00
112,Plank Road,US,NY,Brooklyn,Boerum Hill Polygon,2026-07-19,2,MONDAY,39,4.0,0,0,1,8.0000000000000000,0E-20,1,0.00,0.00,0.00,0.00,0.00
269,20 Exchange Place,US,NY,New York,Financial District Polygon,2026-07-19,2,THURSDAY,39,3.0,1,0,1,8.0000000000000000,0E-20,1,0.00,0.00,0.00,0.00,0.00
111,Brooklyn Crossing,US,NY,Brooklyn,Boerum Hill Polygon,2026-07-12,1,THURSDAY,39,3.5,1,0,1,8.0000000000000000,0E-20,1,0.00,0.00,0.00,0.00,0.00
169,Aria on the Bay Condominium Association  INC,US,FL,Miami,Edgewater Polygon,2026-07-19,2,TUESDAY,138,0.5,1,0,0,8.0000000000000000,0E-20,1,0.00,0.00,0.00,0.00,0.00
63,Agnes,US,NJ,Jersey City,Floating Jersey,2026-07-05,4,WEDNESDAY,139,1.0,1,0,0,8.0000000000000000,0E-20,1,0.00,0.00,0.00,0.00,0.00
121,Flamingo Point Center Tower,US,FL,Miami Beach,Miami Beach Polygon,2026-07-05,4,TUESDAY,118,0.5,1,0,0,8.0000000000000000,0E-20,1,0.00,0.00,0.00,0.00,0.00
207,561 10th Avenue,US,NY,New York,Hell's Kitchen Polygon,2026-07-12,1,MONDAY,63,1.5,2,0,0,8.0000000000000000,0E-20,1,0.00,0.00,0.00,0.00,0.00
194,The Atelier Condo NYC,US,NY,New York,Hell's Kitchen Polygon,2026-07-12,1,TUESDAY,60,3.5,2,0,1,8.0000000000000000,0E-20,1,0.00,0.00,0.00,0.00,0.00
56,The Dime,US,NY,Brooklyn,Williamsburg Polygon,2026-07-12,1,FRIDAY,90,3.0,1,1,0,8.0000000000000000,0E-20,1,0.00,0.00,0.00,0.00,0.00
9,The Enclave,US,NJ,Jersey City,Hoboken Polygon,2026-07-05,4,WEDNESDAY,139,1.0,1,0,0,8.0000000000000000,0E-20,1,0.00,0.00,0.00,0.00,0.00
119,535 W 43rd Street,US,NY,New York,Hell's Kitchen Polygon,2026-07-19,2,THURSDAY,63,2.5,3,0,0,8.0000000000000000,0E-20,1,0.00,0.00,0.00,0.00,0.00
92,The Buchanan,US,NY,New York,Floating NY 1,2026-07-19,2,FRIDAY,36,3.0,3,1,0,8.0000000000000000,0E-20,1,0.00,0.00,0.00,0.00,0.00
68,655 Union,US,NY,Brooklyn,Boerum Hill Polygon,2026-07-12,1,THURSDAY,100,6.0,0,0,1,8.0000000000000000,0E-20,1,0.00,0.00,0.00,0.00,0.00
119,535 W 43rd Street,US,NY,New York,Hell's Kitchen Polygon,2026-07-12,1,WEDNESDAY,73,2.0,1,1,0,8.0000000000000000,0E-20,1,0.00,0.00,0.00,0.00,0.00
17,River Place,US,NY,New York,Hell's Kitchen Polygon,2026-07-05,4,THURSDAY,60,0.5,1,0,0,8.0000000000000000,0E-20,1,0.00,0.00,0.00,0.00,0.00
131,The Addison,US,NY,Brooklyn,Brooklyn Heights Polygon,2026-07-19,2,TUESDAY,39,3.0,2,1,0,8.0000000000000000,0E-20,1,0.00,0.00,0.00,0.00,0.00
249,605 West 42nd Street,US,NY,New York,Hell's Kitchen Polygon,2026-07-12,1,TUESDAY,60,3.5,2,0,1,8.0000000000000000,0E-20,1,0.00,0.00,0.00,0.00,0.00
150,Quantum on the Bay Condominium,US,FL,Miami,Edgewater Polygon,2026-07-05,4,WEDNESDAY,134,0,0,0,0,8.0000000000000000,0E-20,1,0.00,0.00,0.00,0.00,0.00
276,1510 Bay Road,US,FL,Miami Beach,Miami Beach Polygon,2026-07-19,2,MONDAY,137,1.0,2,0,0,8.0000000000000000,0E-20,1,0.00,0.00,0.00,0.00,0.00
183,1800 North Bayshore Drive,US,FL,Miami,Edgewater Polygon,2026-07-12,1,THURSDAY,134,2.5,0,0,1,8.0000000000000000,0E-20,1,0.00,0.00,0.00,0.00,0.00
198,Quantum on the Bay,US,FL,Miami,Edgewater Polygon,2026-07-19,2,FRIDAY,134,2.5,1,1,0,8.0000000000000000,0E-20,1,0.00,0.00,0.00,0.00,0.00
205,1 River Place,US,NY,New York,Hell's Kitchen Polygon,2026-07-12,1,FRIDAY,60,1.0,2,0,0,8.0000000000000000,0E-20,1,0.00,0.00,0.00,0.00,0.00
117,The Landon,US,NY,New York,Hell's Kitchen Polygon,2026-07-05,4,FRIDAY,60,1.5,2,0,0,8.0000000000000000,0E-20,1,0.00,0.00,0.00,0.00,0.00
230,378 Bergen Street,US,NY,Brooklyn,Boerum Hill Polygon,2026-07-19,2,FRIDAY,39,5.0,0,0,1,8.0000000000000000,0E-20,1,0.00,0.00,0.00,0.00,0.00
221,Mirador 1000,US,FL,Miami Beach,Miami Beach Polygon,2026-07-26,3,MONDAY,137,5.5,1,0,1,8.0000000000000000,0E-20,1,0.00,0.00,0.00,0.00,0.00
126,The Landing,US,NY,Brooklyn,Brooklyn Heights Polygon,2026-07-19,2,THURSDAY,39,3.0,1,0,1,8.0000000000000000,0E-20,1,0.00,0.00,0.00,0.00,0.00
111,Brooklyn Crossing,US,NY,Brooklyn,Boerum Hill Polygon,2026-07-05,4,TUESDAY,96,8.0,0,0,1,8.0000000000000000,0,1,0.00,0.00,0.00,0.00,0.00
214,1 Boerum Place,US,NY,Brooklyn,Brooklyn Heights Polygon,2026-07-12,1,MONDAY,39,5.5,0,0,1,8.0000000000000000,0E-20,1,0.00,0.00,0.00,0.00,0.00
169,Aria on the Bay Condominium Association  INC,US,FL,Miami,Edgewater Polygon,2026-07-12,1,WEDNESDAY,134,4.0,0,1,1,8.0000000000000000,0E-20,1,0.00,0.00,0.00,0.00,0.00
140,Southgate Towers,US,FL,Miami Beach,Miami Beach Polygon,2026-07-05,4,MONDAY,110,0,0,0,0,8.0000000000000000,0E-20,1,0.00,0.00,0.00,0.00,0.00
76,Woodside Central,US,NY,Queens,Floating NY 1,2026-07-19,2,MONDAY,36,4.5,1,2,0,8.0000000000000000,0E-20,1,0.00,0.00,0.00,0.00,0.00
276,1510 Bay Road,US,FL,Miami Beach,Miami Beach Polygon,2026-07-12,1,TUESDAY,110,2.0,1,1,0,8.0000000000000000,0E-20,1,0.00,0.00,0.00,0.00,0.00
207,561 10th Avenue,US,NY,New York,Hell's Kitchen Polygon,2026-07-26,3,FRIDAY,73,1.0,2,0,0,8.0000000000000000,0E-20,1,0.00,0.00,0.00,0.00,0.00
260,Cocoa Exchange,US,NY,New York,Financial District Polygon,2026-07-05,4,MONDAY,45,5.5,1,0,1,8.0000000000000000,0E-20,1,0.00,0.00,0.00,0.00,0.00
120,66 Rockwell Place,US,NY,Brooklyn,Brooklyn Heights Polygon,2026-07-05,4,MONDAY,39,8.0,0,0,1,8.0000000000000000,0,1,0.00,0.00,0.00,0.00,0.00
213,1330 West Avenue,US,FL,Miami Beach,Miami Beach Polygon,2026-07-12,1,FRIDAY,137,2.0,3,0,0,8.0000000000000000,0E-20,1,0.00,0.00,0.00,0.00,0.00
112,Plank Road,US,NY,Brooklyn,Boerum Hill Polygon,2026-07-05,4,WEDNESDAY,100,3.0,0,0,1,8.0000000000000000,0E-20,1,0.00,0.00,0.00,0.00,0.00
44,330W-56th,US,NY,New York,Hell's Kitchen Polygon,2026-07-19,2,WEDNESDAY,97,0.5,1,0,0,8.0000000000000000,0E-20,1,0.00,0.00,0.00,0.00,0.00
117,The Landon,US,NY,New York,Hell's Kitchen Polygon,2026-07-19,2,TUESDAY,63,3.0,1,1,0,8.0000000000000000,0E-20,1,0.00,0.00,0.00,0.00,0.00
126,The Landing,US,NY,Brooklyn,Brooklyn Heights Polygon,2026-07-12,1,FRIDAY,77,8.0,0,0,1,8.0000000000000000,0,1,0.00,0.00,0.00,0.00,0.00
194,The Atelier Condo NYC,US,NY,New York,Hell's Kitchen Polygon,2026-07-26,3,WEDNESDAY,97,0,0,0,0,8.0000000000000000,0E-20,1,0.00,0.00,0.00,0.00,0.00
122,Flamingo Point North Tower,US,FL,Miami Beach,Miami Beach Polygon,2026-07-05,4,THURSDAY,110,2.0,3,0,0,8.0000000000000000,0E-20,1,0.00,0.00,0.00,0.00,0.00
151,Cite On The Bay,US,FL,Miami,Edgewater Polygon,2026-07-05,4,WEDNESDAY,138,1.5,2,0,0,8.0000000000000000,0E-20,1,0.00,0.00,0.00,0.00,0.00
124,The Kestrel,US,NY,Brooklyn,Floating NY 2,2026-07-26,3,WEDNESDAY,39,3.0,1,1,0,8.0000000000000000,0E-20,1,0.00,0.00,0.00,0.00,0.00
249,605 West 42nd Street,US,NY,New York,Hell's Kitchen Polygon,2026-07-26,3,WEDNESDAY,97,0,0,0,0,8.0000000000000000,0E-20,1,0.00,0.00,0.00,0.00,0.00
61,Stonehill,US,NJ,West Orange,Chatham / West Orange Polygon,2026-07-26,3,THURSDAY,64,2.5,0,0,1,8.0000000000000000,0E-20,1,0.00,0.00,0.00,0.00,0.00
214,1 Boerum Place,US,NY,Brooklyn,Brooklyn Heights Polygon,2026-07-26,3,WEDNESDAY,77,8.0,0,0,1,8.0000000000000000,0,1,0.00,0.00,0.00,0.00,0.00
149,Opera Tower,US,FL,Miami,Edgewater Polygon,2026-07-26,3,WEDNESDAY,138,2.5,1,1,0,8.0000000000000000,0E-20,1,0.00,0.00,0.00,0.00,0.00
276,1510 Bay Road,US,FL,Miami Beach,Miami Beach Polygon,2026-07-19,2,WEDNESDAY,118,0,0,0,0,8.0000000000000000,0E-20,1,0.00,0.00,0.00,0.00,0.00
207,561 10th Avenue,US,NY,New York,Hell's Kitchen Polygon,2026-07-05,4,THURSDAY,97,1.0,2,0,0,8.0000000000000000,0E-20,1,0.00,0.00,0.00,0.00,0.00
197,251 NE 20th St apt 3506,US,FL,Miami,Edgewater Polygon,2026-07-19,2,THURSDAY,134,2.5,1,1,0,8.0000000000000000,0E-20,1,0.00,0.00,0.00,0.00,0.00
212,39 New York Ave,US,NJ,Jersey City,Hoboken Polygon,2026-07-26,3,WEDNESDAY,139,1.5,2,0,0,8.0000000000000000,0E-20,1,0.00,0.00,0.00,0.00,0.00
117,The Landon,US,NY,New York,Hell's Kitchen Polygon,2026-07-05,4,TUESDAY,73,0,0,0,0,8.0000000000000000,0E-20,1,0.00,0.00,0.00,0.00,0.00
205,1 River Place,US,NY,New York,Hell's Kitchen Polygon,2026-07-12,1,TUESDAY,73,2.0,0,1,0,8.0000000000000000,0E-20,1,0.00,0.00,0.00,0.00,0.00
180,1800 Biscayne Plaza,US,FL,Miami,Edgewater Polygon,2026-07-12,1,TUESDAY,138,6.0,0,2,1,8.0000000000000000,0E-20,1,0.00,0.00,0.00,0.00,0.00
169,Aria on the Bay Condominium Association  INC,US,FL,Miami,Edgewater Polygon,2026-07-05,4,THURSDAY,134,4.5,1,0,1,8.0000000000000000,0E-20,1,0.00,0.00,0.00,0.00,0.00
122,Flamingo Point North Tower,US,FL,Miami Beach,Miami Beach Polygon,2026-07-19,2,TUESDAY,118,7.0,1,0,1,8.0000000000000000,0E-16,1,0.00,0.00,0.00,0.00,0.00
51,300 Somerset,US,NJ,Harrison,Harrison Polygon,2026-07-19,2,MONDAY,15,2.0,3,0,0,8.0000000000000000,0E-20,1,0.00,0.00,0.00,0.00,0.00
68,655 Union,US,NY,Brooklyn,Boerum Hill Polygon,2026-07-19,2,MONDAY,39,4.0,0,0,1,8.0000000000000000,0E-20,1,0.00,0.00,0.00,0.00,0.00
98,345 Baldwin Avenue,US,NJ,Jersey City,Floating Jersey,2026-07-26,3,MONDAY,139,3.0,1,1,0,8.0000000000000000,0E-20,1,0.00,0.00,0.00,0.00,0.00
41,John Street 116,US,NY,New York,Financial District Polygon,2026-07-19,2,THURSDAY,39,3.0,1,0,1,8.0000000000000000,0E-20,1,0.00,0.00,0.00,0.00,0.00
249,605 West 42nd Street,US,NY,New York,Hell's Kitchen Polygon,2026-07-12,1,FRIDAY,73,2.0,3,0,0,8.0000000000000000,0E-20,1,0.00,0.00,0.00,0.00,0.00
191,2001 Biscayne Boulevard,US,FL,Miami,Edgewater Polygon,2026-07-05,4,MONDAY,134,0,0,0,0,8.0000000000000000,0E-20,1,0.00,0.00,0.00,0.00,0.00
215,Elysee Miami,US,FL,Miami,Edgewater Polygon,2026-07-12,1,TUESDAY,134,2.5,0,0,1,8.0000000000000000,0E-20,1,0.00,0.00,0.00,0.00,0.00
194,The Atelier Condo NYC,US,NY,New York,Hell's Kitchen Polygon,2026-07-12,1,FRIDAY,73,2.0,3,0,0,8.0000000000000000,0E-20,1,0.00,0.00,0.00,0.00,0.00
207,561 10th Avenue,US,NY,New York,Hell's Kitchen Polygon,2026-07-12,1,WEDNESDAY,97,0,0,0,0,8.0000000000000000,0E-20,1,0.00,0.00,0.00,0.00,0.00
269,20 Exchange Place,US,NY,New York,Financial District Polygon,2026-07-26,3,TUESDAY,45,5.5,0,0,1,8.0000000000000000,0E-20,1,0.00,0.00,0.00,0.00,0.00
120,66 Rockwell Place,US,NY,Brooklyn,Brooklyn Heights Polygon,2026-07-26,3,THURSDAY,77,8.0,0,0,1,8.0000000000000000,0,1,0.00,0.00,0.00,0.00,0.00
122,Flamingo Point North Tower,US,FL,Miami Beach,Miami Beach Polygon,2026-07-12,1,WEDNESDAY,110,2.5,0,0,1,8.0000000000000000,0E-20,1,0.00,0.00,0.00,0.00,0.00
118,The Bergen,US,NY,Brooklyn,Boerum Hill Polygon,2026-07-12,1,FRIDAY,96,4.5,2,0,1,8.0000000000000000,0E-20,1,0.00,0.00,0.00,0.00,0.00
93,Union Channel ,US,NY,Brooklyn,Boerum Hill Polygon,2026-07-19,2,WEDNESDAY,100,2.5,0,0,1,8.0000000000000000,0E-20,1,0.00,0.00,0.00,0.00,0.00
54,Nine 52,US,NY,New York,Hell's Kitchen Polygon,2026-07-26,3,MONDAY,73,4.0,3,0,1,8.0000000000000000,0E-20,1,0.00,0.00,0.00,0.00,0.00
111,Brooklyn Crossing,US,NY,Brooklyn,Boerum Hill Polygon,2026-07-26,3,THURSDAY,39,6.5,0,0,1,8.0000000000000000,0E-20,1,0.00,0.00,0.00,0.00,0.00
133,2000 Biscayne,US,FL,Miami,Edgewater Polygon,2026-07-19,2,WEDNESDAY,138,1.5,0,1,0,8.0000000000000000,0E-20,1,0.00,0.00,0.00,0.00,0.00
220,Bay Parc,US,FL,Miami,Edgewater Polygon,2026-07-05,4,THURSDAY,134,4.5,1,0,1,8.0000000000000000,0E-20,1,0.00,0.00,0.00,0.00,0.00
207,561 10th Avenue,US,NY,New York,Hell's Kitchen Polygon,2026-07-26,3,MONDAY,63,2.5,3,0,0,8.0000000000000000,0E-20,1,0.00,0.00,0.00,0.00,0.00
44,330W-56th,US,NY,New York,Hell's Kitchen Polygon,2026-07-19,2,TUESDAY,60,3.5,1,0,1,8.0000000000000000,0E-20,1,0.00,0.00,0.00,0.00,0.00
68,655 Union,US,NY,Brooklyn,Boerum Hill Polygon,2026-07-05,4,FRIDAY,39,5.0,0,0,1,8.0000000000000000,0E-20,1,0.00,0.00,0.00,0.00,0.00
47,1 Boerum PL,US,NY,Brooklyn,Floating NY 2,2026-07-05,4,TUESDAY,39,3.5,0,0,1,8.0000000000000000,0E-20,1,0.00,0.00,0.00,0.00,0.00
194,The Atelier Condo NYC,US,NY,New York,Hell's Kitchen Polygon,2026-07-26,3,TUESDAY,60,4.5,0,0,1,8.0000000000000000,0E-20,1,0.00,0.00,0.00,0.00,0.00
54,Nine 52,US,NY,New York,Hell's Kitchen Polygon,2026-07-19,2,THURSDAY,97,1.0,1,0,0,8.0000000000000000,0E-20,1,0.00,0.00,0.00,0.00,0.00
119,535 W 43rd Street,US,NY,New York,Hell's Kitchen Polygon,2026-07-26,3,WEDNESDAY,73,0,0,0,0,8.0000000000000000,0E-20,1,0.00,0.00,0.00,0.00,0.00
68,655 Union,US,NY,Brooklyn,Boerum Hill Polygon,2026-07-26,3,THURSDAY,100,6.0,0,0,1,8.0000000000000000,0E-20,1,0.00,0.00,0.00,0.00,0.00
191,2001 Biscayne Boulevard,US,FL,Miami,Edgewater Polygon,2026-07-19,2,FRIDAY,134,2.5,1,1,0,8.0000000000000000,0E-20,1,0.00,0.00,0.00,0.00,0.00
249,605 West 42nd Street,US,NY,New York,Hell's Kitchen Polygon,2026-07-26,3,TUESDAY,60,4.5,0,0,1,8.0000000000000000,0E-20,1,0.00,0.00,0.00,0.00,0.00
183,1800 North Bayshore Drive,US,FL,Miami,Edgewater Polygon,2026-07-26,3,THURSDAY,134,3.0,1,0,1,8.0000000000000000,0E-20,1,0.00,0.00,0.00,0.00,0.00
205,1 River Place,US,NY,New York,Hell's Kitchen Polygon,2026-07-26,3,FRIDAY,60,0.5,1,0,0,8.0000000000000000,0E-20,1,0.00,0.00,0.00,0.00,0.00
221,Mirador 1000,US,FL,Miami Beach,Miami Beach Polygon,2026-07-12,1,MONDAY,137,3.5,2,0,1,8.0000000000000000,0E-20,1,0.00,0.00,0.00,0.00,0.00
204,1717 North Bayshore Drive,US,FL,Miami,Edgewater Polygon,2026-07-12,1,TUESDAY,138,6.0,0,2,1,8.0000000000000000,0E-20,1,0.00,0.00,0.00,0.00,0.00
140,Southgate Towers,US,FL,Miami Beach,Miami Beach Polygon,2026-07-19,2,FRIDAY,110,0.5,1,0,0,8.0000000000000000,0E-20,1,0.00,0.00,0.00,0.00,0.00
9,The Enclave,US,NJ,Jersey City,Hoboken Polygon,2026-07-26,3,THURSDAY,139,3.0,1,0,1,8.0000000000000000,0E-20,1,0.00,0.00,0.00,0.00,0.00
249,605 West 42nd Street,US,NY,New York,Hell's Kitchen Polygon,2026-07-12,1,MONDAY,63,1.5,2,0,0,8.0000000000000000,0E-20,1,0.00,0.00,0.00,0.00,0.00
120,66 Rockwell Place,US,NY,Brooklyn,Brooklyn Heights Polygon,2026-07-19,2,FRIDAY,39,5.0,0,0,1,8.0000000000000000,0E-20,1,0.00,0.00,0.00,0.00,0.00
52,330 Angelo Cifelli,US,NJ,Harrison,Harrison Polygon,2026-07-19,2,THURSDAY,15,5.5,2,0,1,8.0000000000000000,0E-20,1,0.00,0.00,0.00,0.00,0.00
203,Venetia Condominium,US,FL,Miami,Edgewater Polygon,2026-07-26,3,FRIDAY,138,6.0,1,0,1,8.0000000000000000,0E-20,1,0.00,0.00,0.00,0.00,0.00
260,Cocoa Exchange,US,NY,New York,Financial District Polygon,2026-07-19,2,FRIDAY,45,5.0,1,1,1,8.0000000000000000,0E-20,1,0.00,0.00,0.00,0.00,0.00
220,Bay Parc,US,FL,Miami,Edgewater Polygon,2026-07-12,1,WEDNESDAY,134,4.0,0,1,1,8.0000000000000000,0E-20,1,0.00,0.00,0.00,0.00,0.00
63,Agnes,US,NJ,Jersey City,Floating Jersey,2026-07-26,3,THURSDAY,139,3.0,1,0,1,8.0000000000000000,0E-20,1,0.00,0.00,0.00,0.00,0.00
125,The Vitagraph,US,NY,Brooklyn,Floating NY 2,2026-07-12,1,TUESDAY,39,5.0,1,0,1,8.0000000000000000,0E-20,1,0.00,0.00,0.00,0.00,0.00
207,561 10th Avenue,US,NY,New York,Hell's Kitchen Polygon,2026-07-12,1,TUESDAY,60,3.5,2,0,1,8.0000000000000000,0E-20,1,0.00,0.00,0.00,0.00,0.00
119,535 W 43rd Street,US,NY,New York,Hell's Kitchen Polygon,2026-07-12,1,FRIDAY,97,3.0,2,1,0,8.0000000000000000,0E-20,1,0.00,0.00,0.00,0.00,0.00
230,378 Bergen Street,US,NY,Brooklyn,Boerum Hill Polygon,2026-07-19,2,WEDNESDAY,100,2.5,0,0,1,8.0000000000000000,0E-20,1,0.00,0.00,0.00,0.00,0.00
54,Nine 52,US,NY,New York,Hell's Kitchen Polygon,2026-07-26,3,FRIDAY,63,4.5,1,0,1,8.0000000000000000,0E-20,1,0.00,0.00,0.00,0.00,0.00
10,829 Garfield,US,NJ,Jersey City,Floating Jersey,2026-07-26,3,MONDAY,139,3.0,1,1,0,8.0000000000000000,0E-20,1,0.00,0.00,0.00,0.00,0.00
128,250 E Houston,US,NY,New York,Floating NY 2,2026-07-05,4,FRIDAY,39,5.0,0,0,1,8.0000000000000000,0E-20,1,0.00,0.00,0.00,0.00,0.00
150,Quantum on the Bay Condominium,US,FL,Miami,Edgewater Polygon,2026-07-26,3,THURSDAY,134,3.0,1,0,1,8.0000000000000000,0E-20,1,0.00,0.00,0.00,0.00,0.00
194,The Atelier Condo NYC,US,NY,New York,Hell's Kitchen Polygon,2026-07-12,1,MONDAY,63,1.5,2,0,0,8.0000000000000000,0E-20,1,0.00,0.00,0.00,0.00,0.00
129,544 Carroll,US,NY,Brooklyn,Boerum Hill Polygon,2026-07-12,1,MONDAY,96,7.0,0,0,2,8.0000000000000000,0,1,0.00,0.00,0.00,0.00,0.00
230,378 Bergen Street,US,NY,Brooklyn,Boerum Hill Polygon,2026-07-19,2,THURSDAY,100,5.0,0,1,1,8.0000000000000000,0E-20,1,0.00,0.00,0.00,0.00,0.00
118,The Bergen,US,NY,Brooklyn,Boerum Hill Polygon,2026-07-19,2,MONDAY,96,7.0,1,0,1,8.0000000000000000,0E-20,1,0.00,0.00,0.00,0.00,0.00
117,The Landon,US,NY,New York,Hell's Kitchen Polygon,2026-07-26,3,FRIDAY,60,0.5,1,0,0,8.0000000000000000,0E-20,1,0.00,0.00,0.00,0.00,0.00
221,Mirador 1000,US,FL,Miami Beach,Miami Beach Polygon,2026-07-05,4,MONDAY,137,2.5,4,0,0,8.0000000000000000,0E-20,1,0.00,0.00,0.00,0.00,0.00
111,Brooklyn Crossing,US,NY,Brooklyn,Boerum Hill Polygon,2026-07-26,3,TUESDAY,96,6.0,1,0,1,8.0000000000000000,0E-20,1,0.00,0.00,0.00,0.00,0.00
17,River Place,US,NY,New York,Hell's Kitchen Polygon,2026-07-26,3,THURSDAY,60,3.0,1,0,1,8.0000000000000000,0E-20,1,0.00,0.00,0.00,0.00,0.00
96,420 Kent Avenue,US,NY,Brooklyn,Williamsburg Polygon,2026-07-12,1,TUESDAY,90,5.0,0,0,1,8.0000000000000000,0E-20,1,0.00,0.00,0.00,0.00,0.00
194,The Atelier Condo NYC,US,NY,New York,Hell's Kitchen Polygon,2026-07-19,2,MONDAY,73,4.5,1,1,1,8.0000000000000000,0E-20,1,0.00,0.00,0.00,0.00,0.00
150,Quantum on the Bay Condominium,US,FL,Miami,Edgewater Polygon,2026-07-26,3,WEDNESDAY,134,1.5,0,1,0,8.0000000000000000,0E-20,1,0.00,0.00,0.00,0.00,0.00
47,1 Boerum PL,US,NY,Brooklyn,Floating NY 2,2026-07-12,1,TUESDAY,39,5.0,1,0,1,8.0000000000000000,0E-20,1,0.00,0.00,0.00,0.00,0.00
9,The Enclave,US,NJ,Jersey City,Hoboken Polygon,2026-07-26,3,WEDNESDAY,139,1.5,2,0,0,8.0000000000000000,0E-20,1,0.00,0.00,0.00,0.00,0.00
68,655 Union,US,NY,Brooklyn,Boerum Hill Polygon,2026-07-12,1,FRIDAY,39,8.0,0,0,1,8.0000000000000000,0,1,0.00,0.00,0.00,0.00,0.00
249,605 West 42nd Street,US,NY,New York,Hell's Kitchen Polygon,2026-07-19,2,MONDAY,73,4.5,1,1,1,8.0000000000000000,0E-20,1,0.00,0.00,0.00,0.00,0.00
52,330 Angelo Cifelli,US,NJ,Harrison,Harrison Polygon,2026-07-19,2,WEDNESDAY,15,7.0,0,0,2,8.0000000000000000,0,1,0.00,0.00,0.00,0.00,0.00
220,Bay Parc,US,FL,Miami,Edgewater Polygon,2026-07-12,1,THURSDAY,134,2.5,0,0,1,8.0000000000000000,0E-20,1,0.00,0.00,0.00,0.00,0.00
63,Agnes,US,NJ,Jersey City,Floating Jersey,2026-07-26,3,WEDNESDAY,139,1.5,2,0,0,8.0000000000000000,0E-20,1,0.00,0.00,0.00,0.00,0.00
75,The Devan,US,NJ,Jersey City,Hoboken Polygon,2026-07-12,1,TUESDAY,65,2.5,0,0,1,8.0000000000000000,0E-20,1,0.00,0.00,0.00,0.00,0.00
194,The Atelier Condo NYC,US,NY,New York,Hell's Kitchen Polygon,2026-07-05,4,MONDAY,63,3.0,4,0,0,8.0000000000000000,0E-20,1,0.00,0.00,0.00,0.00,0.00
129,544 Carroll,US,NY,Brooklyn,Boerum Hill Polygon,2026-07-05,4,MONDAY,96,7.0,0,1,1,8.0000000000000000,0,1,0.00,0.00,0.00,0.00,0.00
183,1800 North Bayshore Drive,US,FL,Miami,Edgewater Polygon,2026-07-26,3,WEDNESDAY,134,1.5,0,1,0,8.0000000000000000,0E-20,1,0.00,0.00,0.00,0.00,0.00
128,250 E Houston,US,NY,New York,Floating NY 2,2026-07-12,1,FRIDAY,39,8.0,0,0,1,8.0000000000000000,0,1,0.00,0.00,0.00,0.00,0.00
197,251 NE 20th St apt 3506,US,FL,Miami,Edgewater Polygon,2026-07-26,3,TUESDAY,138,7.5,0,0,2,8.0000000000000000,0E-16,1,0.00,0.00,0.00,0.00,0.00
123,Flamingo South Beach,US,FL,Miami Beach,Miami Beach Polygon,2026-07-12,1,MONDAY,110,2.5,2,1,0,8.0000000000000000,0E-20,1,0.00,0.00,0.00,0.00,0.00
119,535 W 43rd Street,US,NY,New York,Hell's Kitchen Polygon,2026-07-05,4,FRIDAY,97,0.5,1,0,0,8.0000000000000000,0E-20,1,0.00,0.00,0.00,0.00,0.00
207,561 10th Avenue,US,NY,New York,Hell's Kitchen Polygon,2026-07-05,4,TUESDAY,60,0,0,0,0,8.0000000000000000,0E-20,1,0.00,0.00,0.00,0.00,0.00
93,Union Channel ,US,NY,Brooklyn,Boerum Hill Polygon,2026-07-26,3,MONDAY,39,4.5,0,1,1,8.0000000000000000,0E-20,1,0.00,0.00,0.00,0.00,0.00
111,Brooklyn Crossing,US,NY,Brooklyn,Boerum Hill Polygon,2026-07-26,3,WEDNESDAY,39,3.0,1,1,0,8.0000000000000000,0E-20,1,0.00,0.00,0.00,0.00,0.00
220,Bay Parc,US,FL,Miami,Edgewater Polygon,2026-07-05,4,WEDNESDAY,134,0,0,0,0,8.0000000000000000,0E-20,1,0.00,0.00,0.00,0.00,0.00
213,1330 West Avenue,US,FL,Miami Beach,Miami Beach Polygon,2026-07-19,2,MONDAY,137,1.0,2,0,0,8.0000000000000000,0E-20,1,0.00,0.00,0.00,0.00,0.00
126,The Landing,US,NY,Brooklyn,Brooklyn Heights Polygon,2026-07-19,2,MONDAY,77,4.5,0,0,1,8.0000000000000000,0E-20,1,0.00,0.00,0.00,0.00,0.00
125,The Vitagraph,US,NY,Brooklyn,Floating NY 2,2026-07-05,4,TUESDAY,39,3.5,0,0,1,8.0000000000000000,0E-20,1,0.00,0.00,0.00,0.00,0.00
214,1 Boerum Place,US,NY,Brooklyn,Brooklyn Heights Polygon,2026-07-19,2,FRIDAY,39,5.0,0,0,1,8.0000000000000000,0E-20,1,0.00,0.00,0.00,0.00,0.00
249,605 West 42nd Street,US,NY,New York,Hell's Kitchen Polygon,2026-07-05,4,MONDAY,63,3.0,4,0,0,8.0000000000000000,0E-20,1,0.00,0.00,0.00,0.00,0.00
54,Nine 52,US,NY,New York,Hell's Kitchen Polygon,2026-07-19,2,WEDNESDAY,97,0.5,1,0,0,8.0000000000000000,0E-20,1,0.00,0.00,0.00,0.00,0.00
204,1717 North Bayshore Drive,US,FL,Miami,Edgewater Polygon,2026-07-05,4,TUESDAY,138,4.0,1,0,1,8.0000000000000000,0E-20,1,0.00,0.00,0.00,0.00,0.00
119,535 W 43rd Street,US,NY,New York,Hell's Kitchen Polygon,2026-07-26,3,THURSDAY,73,1.5,2,0,0,8.0000000000000000,0E-20,1,0.00,0.00,0.00,0.00,0.00
68,655 Union,US,NY,Brooklyn,Boerum Hill Polygon,2026-07-26,3,WEDNESDAY,100,5.5,0,0,1,8.0000000000000000,0E-20,1,0.00,0.00,0.00,0.00,0.00
207,561 10th Avenue,US,NY,New York,Hell's Kitchen Polygon,2026-07-12,1,THURSDAY,97,1.5,2,0,0,8.0000000000000000,0E-20,1,0.00,0.00,0.00,0.00,0.00
44,330W-56th,US,NY,New York,Hell's Kitchen Polygon,2026-07-26,3,FRIDAY,63,4.5,1,0,1,8.0000000000000000,0E-20,1,0.00,0.00,0.00,0.00,0.00
129,544 Carroll,US,NY,Brooklyn,Boerum Hill Polygon,2026-07-19,2,FRIDAY,96,6.5,0,1,1,8.0000000000000000,0E-20,1,0.00,0.00,0.00,0.00,0.00
194,The Atelier Condo NYC,US,NY,New York,Hell's Kitchen Polygon,2026-07-19,2,FRIDAY,63,1.5,2,0,0,8.0000000000000000,0E-20,1,0.00,0.00,0.00,0.00,0.00
119,535 W 43rd Street,US,NY,New York,Hell's Kitchen Polygon,2026-07-19,2,MONDAY,97,3.5,3,1,0,8.0000000000000000,0E-20,1,0.00,0.00,0.00,0.00,0.00
150,Quantum on the Bay Condominium,US,FL,Miami,Edgewater Polygon,2026-07-19,2,TUESDAY,138,0.5,1,0,0,8.0000000000000000,0E-20,1,0.00,0.00,0.00,0.00,0.00
120,66 Rockwell Place,US,NY,Brooklyn,Brooklyn Heights Polygon,2026-07-26,3,WEDNESDAY,77,8.0,0,0,1,8.0000000000000000,0,1,0.00,0.00,0.00,0.00,0.00
122,Flamingo Point North Tower,US,FL,Miami Beach,Miami Beach Polygon,2026-07-12,1,THURSDAY,110,1.0,2,0,0,8.0000000000000000,0E-20,1,0.00,0.00,0.00,0.00,0.00
93,Union Channel ,US,NY,Brooklyn,Boerum Hill Polygon,2026-07-19,2,THURSDAY,100,5.0,0,1,1,8.0000000000000000,0E-20,1,0.00,0.00,0.00,0.00,0.00
151,Cite On The Bay,US,FL,Miami,Edgewater Polygon,2026-07-12,1,WEDNESDAY,138,4.5,1,0,1,8.0000000000000000,0E-20,1,0.00,0.00,0.00,0.00,0.00
212,39 New York Ave,US,NJ,Jersey City,Hoboken Polygon,2026-07-26,3,THURSDAY,139,3.0,1,0,1,8.0000000000000000,0E-20,1,0.00,0.00,0.00,0.00,0.00
260,Cocoa Exchange,US,NY,New York,Financial District Polygon,2026-07-12,1,MONDAY,45,6.0,0,1,1,8.0000000000000000,0E-20,1,0.00,0.00,0.00,0.00,0.00
120,66 Rockwell Place,US,NY,Brooklyn,Brooklyn Heights Polygon,2026-07-12,1,MONDAY,39,5.5,0,0,1,8.0000000000000000,0E-20,1,0.00,0.00,0.00,0.00,0.00
276,1510 Bay Road,US,FL,Miami Beach,Miami Beach Polygon,2026-07-05,4,TUESDAY,110,1.0,2,0,0,8.0000000000000000,0E-20,1,0.00,0.00,0.00,0.00,0.00
126,The Landing,US,NY,Brooklyn,Brooklyn Heights Polygon,2026-07-05,4,FRIDAY,77,5.0,0,0,2,8.0000000000000000,0E-20,1,0.00,0.00,0.00,0.00,0.00
213,1330 West Avenue,US,FL,Miami Beach,Miami Beach Polygon,2026-07-05,4,FRIDAY,137,5.5,0,0,2,8.0000000000000000,0E-20,1,0.00,0.00,0.00,0.00,0.00
112,Plank Road,US,NY,Brooklyn,Boerum Hill Polygon,2026-07-12,1,WEDNESDAY,100,5.5,0,0,1,8.0000000000000000,0E-20,1,0.00,0.00,0.00,0.00,0.00
169,Aria on the Bay Condominium Association  INC,US,FL,Miami,Edgewater Polygon,2026-07-05,4,WEDNESDAY,134,0,0,0,0,8.0000000000000000,0E-20,1,0.00,0.00,0.00,0.00,0.00
249,605 West 42nd Street,US,NY,New York,Hell's Kitchen Polygon,2026-07-19,2,FRIDAY,63,1.5,2,0,0,8.0000000000000000,0E-20,1,0.00,0.00,0.00,0.00,0.00
214,1 Boerum Place,US,NY,Brooklyn,Brooklyn Heights Polygon,2026-07-05,4,MONDAY,39,8.0,0,0,1,8.0000000000000000,0,1,0.00,0.00,0.00,0.00,0.00
195,Flow Brickell,US,FL,Miami,Flow Brickell Polygon,2026-07-26,3,SUNDAY,92,3.0,0,0,1,3.0000000000000000,0,1,0.00,0.00,0.00,0.00,0.00
41,John Street 116,US,NY,New York,Financial District Polygon,2026-07-19,2,WEDNESDAY,39,3.5,1,0,1,8.0000000000000000,0E-20,1,0.00,0.00,0.00,0.00,0.00
199,1800 Club,US,FL,Miami,Edgewater Polygon,2026-07-26,3,MONDAY,138,2.5,0,0,1,8.0000000000000000,0E-20,1,0.00,0.00,0.00,0.00,0.00
212,39 New York Ave,US,NJ,Jersey City,Hoboken Polygon,2026-07-26,3,FRIDAY,65,3.0,1,0,1,8.0000000000000000,0E-20,1,0.00,0.00,0.00,0.00,0.00
151,Cite On The Bay,US,FL,Miami,Edgewater Polygon,2026-07-05,4,THURSDAY,138,0.5,1,0,0,8.0000000000000000,0E-20,1,0.00,0.00,0.00,0.00,0.00
118,The Bergen,US,NY,Brooklyn,Boerum Hill Polygon,2026-07-05,4,FRIDAY,96,5.5,0,1,1,8.0000000000000000,0E-20,1,0.00,0.00,0.00,0.00,0.00
124,The Kestrel,US,NY,Brooklyn,Floating NY 2,2026-07-26,3,THURSDAY,39,6.5,0,0,1,8.0000000000000000,0E-20,1,0.00,0.00,0.00,0.00,0.00
183,1800 North Bayshore Drive,US,FL,Miami,Edgewater Polygon,2026-07-19,2,TUESDAY,138,0.5,1,0,0,8.0000000000000000,0E-20,1,0.00,0.00,0.00,0.00,0.00
221,Mirador 1000,US,FL,Miami Beach,Miami Beach Polygon,2026-07-26,3,THURSDAY,118,4.0,1,0,1,8.0000000000000000,0E-20,1,0.00,0.00,0.00,0.00,0.00
249,605 West 42nd Street,US,NY,New York,Hell's Kitchen Polygon,2026-07-26,3,THURSDAY,97,4.0,0,0,1,8.0000000000000000,0E-20,1,0.00,0.00,0.00,0.00,0.00
171,22 Skyview Apartments,US,FL,Miami,Edgewater Polygon,2026-07-12,1,MONDAY,138,2.5,0,0,1,8.0000000000000000,0E-20,1,0.00,0.00,0.00,0.00,0.00
221,Mirador 1000,US,FL,Miami Beach,Miami Beach Polygon,2026-07-19,2,FRIDAY,137,2.5,0,0,1,8.0000000000000000,0E-20,1,0.00,0.00,0.00,0.00,0.00
230,378 Bergen Street,US,NY,Brooklyn,Boerum Hill Polygon,2026-07-26,3,MONDAY,39,4.5,0,1,1,8.0000000000000000,0E-20,1,0.00,0.00,0.00,0.00,0.00
194,The Atelier Condo NYC,US,NY,New York,Hell's Kitchen Polygon,2026-07-05,4,FRIDAY,73,0.5,1,0,0,8.0000000000000000,0E-20,1,0.00,0.00,0.00,0.00,0.00
214,1 Boerum Place,US,NY,Brooklyn,Brooklyn Heights Polygon,2026-07-26,3,THURSDAY,77,8.0,0,0,1,8.0000000000000000,0,1,0.00,0.00,0.00,0.00,0.00
191,2001 Biscayne Boulevard,US,FL,Miami,Edgewater Polygon,2026-07-12,1,MONDAY,134,1.0,1,0,0,8.0000000000000000,0E-20,1,0.00,0.00,0.00,0.00,0.00
213,1330 West Avenue,US,FL,Miami Beach,Miami Beach Polygon,2026-07-26,3,TUESDAY,110,2.5,1,1,0,8.0000000000000000,0E-20,1,0.00,0.00,0.00,0.00,0.00
149,Opera Tower,US,FL,Miami,Edgewater Polygon,2026-07-26,3,THURSDAY,138,2.0,3,0,0,8.0000000000000000,0E-20,1,0.00,0.00,0.00,0.00,0.00
215,Elysee Miami,US,FL,Miami,Edgewater Polygon,2026-07-05,4,TUESDAY,134,0.5,1,0,0,8.0000000000000000,0E-20,1,0.00,0.00,0.00,0.00,0.00
276,1510 Bay Road,US,FL,Miami Beach,Miami Beach Polygon,2026-07-19,2,THURSDAY,118,4.5,1,0,1,8.0000000000000000,0E-20,1,0.00,0.00,0.00,0.00,0.00
198,Quantum on the Bay,US,FL,Miami,Edgewater Polygon,2026-07-26,3,MONDAY,134,4.5,0,0,1,8.0000000000000000,0E-20,1,0.00,0.00,0.00,0.00,0.00
207,561 10th Avenue,US,NY,New York,Hell's Kitchen Polygon,2026-07-05,4,WEDNESDAY,97,0,0,0,0,8.0000000000000000,0E-20,1,0.00,0.00,0.00,0.00,0.00
197,251 NE 20th St apt 3506,US,FL,Miami,Edgewater Polygon,2026-07-19,2,WEDNESDAY,134,3.5,1,0,1,8.0000000000000000,0E-20,1,0.00,0.00,0.00,0.00,0.00
276,1510 Bay Road,US,FL,Miami Beach,Miami Beach Polygon,2026-07-26,3,FRIDAY,137,1.0,2,0,0,8.0000000000000000,0E-20,1,0.00,0.00,0.00,0.00,0.00
169,Aria on the Bay Condominium Association  INC,US,FL,Miami,Edgewater Polygon,2026-07-12,1,THURSDAY,134,2.5,0,0,1,8.0000000000000000,0E-20,1,0.00,0.00,0.00,0.00,0.00
249,605 West 42nd Street,US,NY,New York,Hell's Kitchen Polygon,2026-07-05,4,FRIDAY,73,0.5,1,0,0,8.0000000000000000,0E-20,1,0.00,0.00,0.00,0.00,0.00
205,1 River Place,US,NY,New York,Hell's Kitchen Polygon,2026-07-05,4,TUESDAY,73,0,0,0,0,8.0000000000000000,0E-20,1,0.00,0.00,0.00,0.00,0.00
117,The Landon,US,NY,New York,Hell's Kitchen Polygon,2026-07-12,1,TUESDAY,73,2.0,0,1,0,8.0000000000000000,0E-20,1,0.00,0.00,0.00,0.00,0.00
112,Plank Road,US,NY,Brooklyn,Boerum Hill Polygon,2026-07-26,3,FRIDAY,39,4.5,1,0,1,8.0000000000000000,0E-20,1,0.00,0.00,0.00,0.00,0.00
44,330W-56th,US,NY,New York,Hell's Kitchen Polygon,2026-07-19,2,THURSDAY,97,1.0,1,0,0,8.0000000000000000,0E-20,1,0.00,0.00,0.00,0.00,0.00
112,Plank Road,US,NY,Brooklyn,Boerum Hill Polygon,2026-07-05,4,THURSDAY,100,5.0,0,0,1,8.0000000000000000,0E-20,1,0.00,0.00,0.00,0.00,0.00
54,Nine 52,US,NY,New York,Hell's Kitchen Polygon,2026-07-19,2,TUESDAY,60,3.5,1,0,1,8.0000000000000000,0E-20,1,0.00,0.00,0.00,0.00,0.00
180,1800 Biscayne Plaza,US,FL,Miami,Edgewater Polygon,2026-07-05,4,TUESDAY,138,4.0,1,0,1,8.0000000000000000,0E-20,1,0.00,0.00,0.00,0.00,0.00
194,The Atelier Condo NYC,US,NY,New York,Hell's Kitchen Polygon,2026-07-26,3,THURSDAY,97,4.0,0,0,1,8.0000000000000000,0E-20,1,0.00,0.00,0.00,0.00,0.00
221,Mirador 1000,US,FL,Miami Beach,Miami Beach Polygon,2026-07-26,3,THURSDAY,110,4.5,3,1,0,8.0000000000000000,0E-20,1,0.00,0.00,0.00,0.00,0.00
129,544 Carroll,US,NY,Brooklyn,Boerum Hill Polygon,2026-07-12,1,FRIDAY,39,8.0,0,0,1,8.0000000000000000,0,1,0.00,0.00,0.00,0.00,0.00
131,The Addison,US,NY,Brooklyn,Brooklyn Heights Polygon,2026-07-19,2,FRIDAY,77,8.0,0,0,1,8.0000000000000000,0,1,0.00,0.00,0.00,0.00,0.00
203,Venetia Condominium,US,FL,Miami,Edgewater Polygon,2026-07-05,4,FRIDAY,134,0.5,1,0,0,8.0000000000000000,0E-20,1,0.00,0.00,0.00,0.00,0.00
276,1510 Bay Road,US,FL,Miami Beach,Miami Beach Polygon,2026-07-19,2,THURSDAY,110,3.5,3,1,0,8.0000000000000000,0E-20,1,0.00,0.00,0.00,0.00,0.00
213,1330 West Avenue,US,FL,Miami Beach,Miami Beach Polygon,2026-07-26,3,TUESDAY,118,4.5,0,0,1,8.0000000000000000,0E-20,1,0.00,0.00,0.00,0.00,0.00
117,The Landon,US,NY,New York,Hell's Kitchen Polygon,2026-07-19,2,WEDNESDAY,73,0.5,1,0,0,8.0000000000000000,0E-20,1,0.00,0.00,0.00,0.00,0.00
117,The Landon,US,NY,New York,Hell's Kitchen Polygon,2026-07-12,1,THURSDAY,63,1.0,1,0,0,8.0000000000000000,0E-20,1,0.00,0.00,0.00,0.00,0.00
54,Nine 52,US,NY,New York,Hell's Kitchen Polygon,2026-07-12,1,WEDNESDAY,60,1.0,1,0,0,8.0000000000000000,0E-20,1,0.00,0.00,0.00,0.00,0.00
272,Harrison Urby Apartments,US,NJ,Harrison,Harrison Polygon,2026-07-26,3,WEDNESDAY,15,8.0,0,0,1,8.0000000000000000,0,1,0.00,0.00,0.00,0.00,0.00
93,Union Channel ,US,NY,Brooklyn,Boerum Hill Polygon,2026-07-05,4,TUESDAY,100,2.5,1,1,0,8.0000000000000000,0E-20,1,0.00,0.00,0.00,0.00,0.00
150,Quantum on the Bay Condominium,US,FL,Miami,Edgewater Polygon,2026-07-05,4,THURSDAY,138,0.5,1,0,0,8.0000000000000000,0E-20,1,0.00,0.00,0.00,0.00,0.00
183,1800 North Bayshore Drive,US,FL,Miami,Edgewater Polygon,2026-07-12,1,WEDNESDAY,138,4.5,1,0,1,8.0000000000000000,0E-20,1,0.00,0.00,0.00,0.00,0.00
260,Cocoa Exchange,US,NY,New York,Financial District Polygon,2026-07-19,2,FRIDAY,39,5.0,0,0,1,8.0000000000000000,0E-20,1,0.00,0.00,0.00,0.00,0.00
197,251 NE 20th St apt 3506,US,FL,Miami,Edgewater Polygon,2026-07-12,1,TUESDAY,134,2.5,0,0,1,8.0000000000000000,0E-20,1,0.00,0.00,0.00,0.00,0.00
205,1 River Place,US,NY,New York,Hell's Kitchen Polygon,2026-07-19,2,THURSDAY,73,1.0,2,0,0,8.0000000000000000,0E-20,1,0.00,0.00,0.00,0.00,0.00
180,1800 Biscayne Plaza,US,FL,Miami,Edgewater Polygon,2026-07-19,2,THURSDAY,138,3.5,2,0,1,8.0000000000000000,0E-20,1,0.00,0.00,0.00,0.00,0.00
117,The Landon,US,NY,New York,Hell's Kitchen Polygon,2026-07-05,4,WEDNESDAY,63,1.5,3,0,0,8.0000000000000000,0E-20,1,0.00,0.00,0.00,0.00,0.00
54,Nine 52,US,NY,New York,Hell's Kitchen Polygon,2026-07-05,4,THURSDAY,60,0.5,1,0,0,8.0000000000000000,0E-20,1,0.00,0.00,0.00,0.00,0.00
112,Plank Road,US,NY,Brooklyn,Boerum Hill Polygon,2026-07-19,2,TUESDAY,100,2.5,1,1,0,8.0000000000000000,0E-20,1,0.00,0.00,0.00,0.00,0.00
44,330W-56th,US,NY,New York,Hell's Kitchen Polygon,2026-07-05,4,TUESDAY,97,0.5,1,0,0,8.0000000000000000,0E-20,1,0.00,0.00,0.00,0.00,0.00
122,Flamingo Point North Tower,US,FL,Miami Beach,Miami Beach Polygon,2026-07-12,1,THURSDAY,118,7.0,0,0,2,8.0000000000000000,0,1,0.00,0.00,0.00,0.00,0.00
129,544 Carroll,US,NY,Brooklyn,Boerum Hill Polygon,2026-07-26,3,WEDNESDAY,100,5.5,0,0,1,8.0000000000000000,0E-20,1,0.00,0.00,0.00,0.00,0.00
220,Bay Parc,US,FL,Miami,Edgewater Polygon,2026-07-26,3,THURSDAY,138,2.0,3,0,0,8.0000000000000000,0E-20,1,0.00,0.00,0.00,0.00,0.00
52,330 Angelo Cifelli,US,NJ,Harrison,Harrison Polygon,2026-07-19,2,THURSDAY,139,4.0,0,0,1,8.0000000000000000,0E-20,1,0.00,0.00,0.00,0.00,0.00
276,1510 Bay Road,US,FL,Miami Beach,Miami Beach Polygon,2026-07-05,4,TUESDAY,118,0.5,1,0,0,8.0000000000000000,0E-20,1,0.00,0.00,0.00,0.00,0.00
215,Elysee Miami,US,FL,Miami,Edgewater Polygon,2026-07-19,2,THURSDAY,134,2.5,1,1,0,8.0000000000000000,0E-20,1,0.00,0.00,0.00,0.00,0.00
142,One Harrison,US,NJ,Harrison,Harrison Polygon,2026-07-12,1,MONDAY,15,1.5,2,0,0,8.0000000000000000,0E-20,1,0.00,0.00,0.00,0.00,0.00
68,655 Union,US,NY,Brooklyn,Boerum Hill Polygon,2026-07-05,4,MONDAY,96,7.0,0,1,1,8.0000000000000000,0,1,0.00,0.00,0.00,0.00,0.00
183,1800 North Bayshore Drive,US,FL,Miami,Edgewater Polygon,2026-07-05,4,THURSDAY,138,0.5,1,0,0,8.0000000000000000,0E-20,1,0.00,0.00,0.00,0.00,0.00
150,Quantum on the Bay Condominium,US,FL,Miami,Edgewater Polygon,2026-07-12,1,WEDNESDAY,138,4.5,1,0,1,8.0000000000000000,0E-20,1,0.00,0.00,0.00,0.00,0.00
153,Watermarc at Biscayne Bay,US,FL,Miami,Edgewater Polygon,2026-07-19,2,MONDAY,138,4.0,2,0,1,8.0000000000000000,0E-20,1,0.00,0.00,0.00,0.00,0.00
151,Cite On The Bay,US,FL,Miami,Edgewater Polygon,2026-07-19,2,TUESDAY,138,0.5,1,0,0,8.0000000000000000,0E-20,1,0.00,0.00,0.00,0.00,0.00
140,Southgate Towers,US,FL,Miami Beach,Miami Beach Polygon,2026-07-12,1,MONDAY,118,1.0,2,0,0,8.0000000000000000,0E-20,1,0.00,0.00,0.00,0.00,0.00
127,220 East 72nd Street,US,NY,New York,Floating NY 2,2026-07-05,4,FRIDAY,39,5.0,0,0,1,8.0000000000000000,0E-20,1,0.00,0.00,0.00,0.00,0.00
269,20 Exchange Place,US,NY,New York,Financial District Polygon,2026-07-26,3,TUESDAY,39,7.0,0,1,1,8.0000000000000000,0E-20,1,0.00,0.00,0.00,0.00,0.00
121,Flamingo Point Center Tower,US,FL,Miami Beach,Miami Beach Polygon,2026-07-05,4,FRIDAY,137,5.5,0,0,2,8.0000000000000000,0E-20,1,0.00,0.00,0.00,0.00,0.00
118,The Bergen,US,NY,Brooklyn,Boerum Hill Polygon,2026-07-12,1,MONDAY,39,5.5,0,0,1,8.0000000000000000,0E-20,1,0.00,0.00,0.00,0.00,0.00
169,Aria on the Bay Condominium Association  INC,US,FL,Miami,Edgewater Polygon,2026-07-26,3,THURSDAY,138,2.0,3,0,0,8.0000000000000000,0E-20,1,0.00,0.00,0.00,0.00,0.00
44,330W-56th,US,NY,New York,Hell's Kitchen Polygon,2026-07-12,1,THURSDAY,60,1.5,0,1,0,8.0000000000000000,0E-20,1,0.00,0.00,0.00,0.00,0.00
119,535 W 43rd Street,US,NY,New York,Hell's Kitchen Polygon,2026-07-26,3,TUESDAY,63,1.5,0,1,0,8.0000000000000000,0E-20,1,0.00,0.00,0.00,0.00,0.00
54,Nine 52,US,NY,New York,Hell's Kitchen Polygon,2026-07-12,1,TUESDAY,97,2.0,4,0,0,8.0000000000000000,0E-20,1,0.00,0.00,0.00,0.00,0.00
144,Waters Edge,US,NJ,Harrison,Harrison Polygon,2026-07-26,3,WEDNESDAY,15,8.0,0,0,1,8.0000000000000000,0,1,0.00,0.00,0.00,0.00,0.00
171,22 Skyview Apartments,US,FL,Miami,Edgewater Polygon,2026-07-26,3,MONDAY,134,4.5,0,0,1,8.0000000000000000,0E-20,1,0.00,0.00,0.00,0.00,0.00
131,The Addison,US,NY,Brooklyn,Brooklyn Heights Polygon,2026-07-26,3,THURSDAY,39,6.5,0,0,1,8.0000000000000000,0E-20,1,0.00,0.00,0.00,0.00,0.00
68,655 Union,US,NY,Brooklyn,Boerum Hill Polygon,2026-07-19,2,FRIDAY,96,6.5,0,1,1,8.0000000000000000,0E-20,1,0.00,0.00,0.00,0.00,0.00
205,1 River Place,US,NY,New York,Hell's Kitchen Polygon,2026-07-26,3,MONDAY,97,1.0,2,0,0,8.0000000000000000,0E-20,1,0.00,0.00,0.00,0.00,0.00
230,378 Bergen Street,US,NY,Brooklyn,Boerum Hill Polygon,2026-07-05,4,TUESDAY,100,2.5,1,1,0,8.0000000000000000,0E-20,1,0.00,0.00,0.00,0.00,0.00
198,Quantum on the Bay,US,FL,Miami,Edgewater Polygon,2026-07-12,1,MONDAY,138,2.5,0,0,1,8.0000000000000000,0E-20,1,0.00,0.00,0.00,0.00,0.00
127,220 East 72nd Street,US,NY,New York,Floating NY 2,2026-07-19,2,MONDAY,39,4.0,0,0,1,8.0000000000000000,0E-20,1,0.00,0.00,0.00,0.00,0.00
42,The Ivy,US,NJ,Chatham,Chatham / West Orange Polygon,2026-07-12,1,FRIDAY,64,5.5,1,0,1,8.0000000000000000,0E-20,1,0.00,0.00,0.00,0.00,0.00
114,20 Broad Street,US,NY,New York,Financial District Polygon,2026-07-26,3,FRIDAY,39,4.5,1,0,1,8.0000000000000000,0E-20,1,0.00,0.00,0.00,0.00,0.00
191,2001 Biscayne Boulevard,US,FL,Miami,Edgewater Polygon,2026-07-26,3,MONDAY,138,2.5,0,0,1,8.0000000000000000,0E-20,1,0.00,0.00,0.00,0.00,0.00
149,Opera Tower,US,FL,Miami,Edgewater Polygon,2026-07-12,1,THURSDAY,134,2.5,0,0,1,8.0000000000000000,0E-20,1,0.00,0.00,0.00,0.00,0.00
126,The Landing,US,NY,Brooklyn,Brooklyn Heights Polygon,2026-07-26,3,TUESDAY,39,7.0,0,1,1,8.0000000000000000,0E-20,1,0.00,0.00,0.00,0.00,0.00
204,1717 North Bayshore Drive,US,FL,Miami,Edgewater Polygon,2026-07-19,2,THURSDAY,138,3.5,2,0,1,8.0000000000000000,0E-20,1,0.00,0.00,0.00,0.00,0.00
131,The Addison,US,NY,Brooklyn,Brooklyn Heights Polygon,2026-07-05,4,MONDAY,77,2.0,3,0,0,8.0000000000000000,0E-20,1,0.00,0.00,0.00,0.00,0.00
44,330W-56th,US,NY,New York,Hell's Kitchen Polygon,2026-07-05,4,WEDNESDAY,60,0.5,1,0,0,8.0000000000000000,0E-20,1,0.00,0.00,0.00,0.00,0.00
203,Venetia Condominium,US,FL,Miami,Edgewater Polygon,2026-07-19,2,MONDAY,134,0.5,1,0,0,8.0000000000000000,0E-20,1,0.00,0.00,0.00,0.00,0.00
199,1800 Club,US,FL,Miami,Edgewater Polygon,2026-07-12,1,MONDAY,134,1.0,1,0,0,8.0000000000000000,0E-20,1,0.00,0.00,0.00,0.00,0.00
52,330 Angelo Cifelli,US,NJ,Harrison,Harrison Polygon,2026-07-12,1,TUESDAY,15,5.0,0,0,1,8.0000000000000000,0E-20,1,0.00,0.00,0.00,0.00,0.00
8,One Ten,US,NJ,Jersey City,Hoboken Polygon,2026-07-26,3,TUESDAY,139,7.5,0,1,1,8.0000000000000000,0E-16,1,0.00,0.00,0.00,0.00,0.00
133,2000 Biscayne,US,FL,Miami,Edgewater Polygon,2026-07-05,4,TUESDAY,138,4.0,1,0,1,8.0000000000000000,0E-20,1,0.00,0.00,0.00,0.00,0.00
125,The Vitagraph,US,NY,Brooklyn,Floating NY 2,2026-07-19,2,THURSDAY,39,3.0,1,0,1,8.0000000000000000,0E-20,1,0.00,0.00,0.00,0.00,0.00
207,561 10th Avenue,US,NY,New York,Hell's Kitchen Polygon,2026-07-19,2,THURSDAY,60,0,0,0,0,8.0000000000000000,0E-20,1,0.00,0.00,0.00,0.00,0.00
149,Opera Tower,US,FL,Miami,Edgewater Polygon,2026-07-05,4,WEDNESDAY,134,0,0,0,0,8.0000000000000000,0E-20,1,0.00,0.00,0.00,0.00,0.00
6,100 House,US,NJ,Jersey City,Hoboken Polygon,2026-07-26,3,FRIDAY,139,5.0,0,0,1,8.0000000000000000,0E-20,1,0.00,0.00,0.00,0.00,0.00
140,Southgate Towers,US,FL,Miami Beach,Miami Beach Polygon,2026-07-26,3,WEDNESDAY,137,4.5,0,1,1,8.0000000000000000,0E-20,1,0.00,0.00,0.00,0.00,0.00
130,Arabella 101,US,NY,New York,Floating NY 2,2026-07-12,1,MONDAY,39,5.5,0,0,1,8.0000000000000000,0E-20,1,0.00,0.00,0.00,0.00,0.00
119,535 W 43rd Street,US,NY,New York,Hell's Kitchen Polygon,2026-07-12,1,MONDAY,60,1.0,2,0,0,8.0000000000000000,0E-20,1,0.00,0.00,0.00,0.00,0.00
260,Cocoa Exchange,US,NY,New York,Financial District Polygon,2026-07-05,4,MONDAY,39,8.0,0,0,1,8.0000000000000000,0,1,0.00,0.00,0.00,0.00,0.00
151,Cite On The Bay,US,FL,Miami,Edgewater Polygon,2026-07-26,3,WEDNESDAY,134,1.5,0,1,0,8.0000000000000000,0E-20,1,0.00,0.00,0.00,0.00,0.00
207,561 10th Avenue,US,NY,New York,Hell's Kitchen Polygon,2026-07-19,2,WEDNESDAY,60,0.5,1,0,0,8.0000000000000000,0E-20,1,0.00,0.00,0.00,0.00,0.00
140,Southgate Towers,US,FL,Miami Beach,Miami Beach Polygon,2026-07-19,2,FRIDAY,118,1.0,1,0,0,8.0000000000000000,0E-20,1,0.00,0.00,0.00,0.00,0.00
230,378 Bergen Street,US,NY,Brooklyn,Boerum Hill Polygon,2026-07-12,1,TUESDAY,100,4.5,2,0,1,8.0000000000000000,0E-20,1,0.00,0.00,0.00,0.00,0.00
149,Opera Tower,US,FL,Miami,Edgewater Polygon,2026-07-05,4,THURSDAY,134,4.5,1,0,1,8.0000000000000000,0E-20,1,0.00,0.00,0.00,0.00,0.00
215,Elysee Miami,US,FL,Miami,Edgewater Polygon,2026-07-26,3,TUESDAY,138,7.5,0,0,2,8.0000000000000000,0E-16,1,0.00,0.00,0.00,0.00,0.00
112,Plank Road,US,NY,Brooklyn,Boerum Hill Polygon,2026-07-26,3,MONDAY,96,8.0,0,0,1,8.0000000000000000,0,1,0.00,0.00,0.00,0.00,0.00
6,100 House,US,NJ,Jersey City,Hoboken Polygon,2026-07-26,3,WEDNESDAY,65,3.5,1,0,1,8.0000000000000000,0E-20,1,0.00,0.00,0.00,0.00,0.00
134,Livana East Hanover,US,NJ,East Hanover,Chatham / West Orange Polygon,2026-07-05,4,FRIDAY,64,0.5,1,0,0,8.0000000000000000,0E-20,1,0.00,0.00,0.00,0.00,0.00
142,One Harrison,US,NJ,Harrison,Harrison Polygon,2026-07-19,2,FRIDAY,15,2.0,4,0,0,8.0000000000000000,0E-20,1,0.00,0.00,0.00,0.00,0.00
117,The Landon,US,NY,New York,Hell's Kitchen Polygon,2026-07-26,3,MONDAY,97,1.0,2,0,0,8.0000000000000000,0E-20,1,0.00,0.00,0.00,0.00,0.00
151,Cite On The Bay,US,FL,Miami,Edgewater Polygon,2026-07-26,3,THURSDAY,134,3.0,1,0,1,8.0000000000000000,0E-20,1,0.00,0.00,0.00,0.00,0.00
180,1800 Biscayne Plaza,US,FL,Miami,Edgewater Polygon,2026-07-26,3,TUESDAY,134,3.5,0,0,1,8.0000000000000000,0E-20,1,0.00,0.00,0.00,0.00,0.00
204,1717 North Bayshore Drive,US,FL,Miami,Edgewater Polygon,2026-07-19,2,WEDNESDAY,138,1.5,0,1,0,8.0000000000000000,0E-20,1,0.00,0.00,0.00,0.00,0.00
54,Nine 52,US,NY,New York,Hell's Kitchen Polygon,2026-07-05,4,TUESDAY,97,0.5,1,0,0,8.0000000000000000,0E-20,1,0.00,0.00,0.00,0.00,0.00
44,330W-56th,US,NY,New York,Hell's Kitchen Polygon,2026-07-05,4,THURSDAY,60,0.5,1,0,0,8.0000000000000000,0E-20,1,0.00,0.00,0.00,0.00,0.00
17,River Place,US,NY,New York,Hell's Kitchen Polygon,2026-07-05,4,MONDAY,73,1.5,2,0,0,8.0000000000000000,0E-20,1,0.00,0.00,0.00,0.00,0.00
122,Flamingo Point North Tower,US,FL,Miami Beach,Miami Beach Polygon,2026-07-26,3,MONDAY,137,5.5,1,0,1,8.0000000000000000,0E-20,1,0.00,0.00,0.00,0.00,0.00
121,Flamingo Point Center Tower,US,FL,Miami Beach,Miami Beach Polygon,2026-07-12,1,FRIDAY,137,2.0,3,0,0,8.0000000000000000,0E-20,1,0.00,0.00,0.00,0.00,0.00
230,378 Bergen Street,US,NY,Brooklyn,Boerum Hill Polygon,2026-07-26,3,FRIDAY,96,2.5,3,0,0,8.0000000000000000,0E-20,1,0.00,0.00,0.00,0.00,0.00
125,The Vitagraph,US,NY,Brooklyn,Floating NY 2,2026-07-19,2,WEDNESDAY,39,3.5,1,0,1,8.0000000000000000,0E-20,1,0.00,0.00,0.00,0.00,0.00
118,The Bergen,US,NY,Brooklyn,Boerum Hill Polygon,2026-07-05,4,MONDAY,39,8.0,0,0,1,8.0000000000000000,0,1,0.00,0.00,0.00,0.00,0.00
131,The Addison,US,NY,Brooklyn,Brooklyn Heights Polygon,2026-07-26,3,WEDNESDAY,39,3.0,1,1,0,8.0000000000000000,0E-20,1,0.00,0.00,0.00,0.00,0.00
130,Arabella 101,US,NY,New York,Floating NY 2,2026-07-05,4,MONDAY,39,8.0,0,0,1,8.0000000000000000,0,1,0.00,0.00,0.00,0.00,0.00
119,535 W 43rd Street,US,NY,New York,Hell's Kitchen Polygon,2026-07-05,4,MONDAY,60,1.0,2,0,0,8.0000000000000000,0E-20,1,0.00,0.00,0.00,0.00,0.00
260,Cocoa Exchange,US,NY,New York,Financial District Polygon,2026-07-12,1,MONDAY,39,5.5,0,0,1,8.0000000000000000,0E-20,1,0.00,0.00,0.00,0.00,0.00
41,John Street 116,US,NY,New York,Financial District Polygon,2026-07-19,2,WEDNESDAY,45,5.5,0,1,1,8.0000000000000000,0E-20,1,0.00,0.00,0.00,0.00,0.00
145,Dey and Bergen,US,NJ,Harrison,Harrison Polygon,2026-07-26,3,MONDAY,15,2.0,0,1,0,8.0000000000000000,0E-20,1,0.00,0.00,0.00,0.00,0.00
149,Opera Tower,US,FL,Miami,Edgewater Polygon,2026-07-12,1,WEDNESDAY,134,4.0,0,1,1,8.0000000000000000,0E-20,1,0.00,0.00,0.00,0.00,0.00
199,1800 Club,US,FL,Miami,Edgewater Polygon,2026-07-05,4,MONDAY,134,0,0,0,0,8.0000000000000000,0E-20,1,0.00,0.00,0.00,0.00,0.00
169,Aria on the Bay Condominium Association  INC,US,FL,Miami,Edgewater Polygon,2026-07-26,3,WEDNESDAY,138,2.5,1,1,0,8.0000000000000000,0E-20,1,0.00,0.00,0.00,0.00,0.00
44,330W-56th,US,NY,New York,Hell's Kitchen Polygon,2026-07-12,1,WEDNESDAY,60,1.0,1,0,0,8.0000000000000000,0E-20,1,0.00,0.00,0.00,0.00,0.00
129,544 Carroll,US,NY,Brooklyn,Boerum Hill Polygon,2026-07-19,2,MONDAY,39,4.0,0,0,1,8.0000000000000000,0E-20,1,0.00,0.00,0.00,0.00,0.00
144,Waters Edge,US,NJ,Harrison,Harrison Polygon,2026-07-26,3,THURSDAY,15,2.5,1,1,0,8.0000000000000000,0E-20,1,0.00,0.00,0.00,0.00,0.00
131,The Addison,US,NY,Brooklyn,Brooklyn Heights Polygon,2026-07-12,1,MONDAY,77,3.5,2,0,1,8.0000000000000000,0E-20,1,0.00,0.00,0.00,0.00,0.00
130,Arabella 101,US,NY,New York,Floating NY 2,2026-07-19,2,FRIDAY,39,5.0,0,0,1,8.0000000000000000,0E-20,1,0.00,0.00,0.00,0.00,0.00
215,Elysee Miami,US,FL,Miami,Edgewater Polygon,2026-07-19,2,WEDNESDAY,134,3.5,1,0,1,8.0000000000000000,0E-20,1,0.00,0.00,0.00,0.00,0.00
207,561 10th Avenue,US,NY,New York,Hell's Kitchen Polygon,2026-07-19,2,TUESDAY,97,2.0,0,1,0,8.0000000000000000,0E-20,1,0.00,0.00,0.00,0.00,0.00
119,535 W 43rd Street,US,NY,New York,Hell's Kitchen Polygon,2026-07-19,2,FRIDAY,60,0,0,0,0,8.0000000000000000,0E-20,1,0.00,0.00,0.00,0.00,0.00
197,251 NE 20th St apt 3506,US,FL,Miami,Edgewater Polygon,2026-07-05,4,TUESDAY,134,0.5,1,0,0,8.0000000000000000,0E-20,1,0.00,0.00,0.00,0.00,0.00
183,1800 North Bayshore Drive,US,FL,Miami,Edgewater Polygon,2026-07-05,4,WEDNESDAY,138,1.5,2,0,0,8.0000000000000000,0E-20,1,0.00,0.00,0.00,0.00,0.00
93,Union Channel ,US,NY,Brooklyn,Boerum Hill Polygon,2026-07-12,1,TUESDAY,100,4.5,2,0,1,8.0000000000000000,0E-20,1,0.00,0.00,0.00,0.00,0.00
93,Union Channel ,US,NY,Brooklyn,Boerum Hill Polygon,2026-07-26,3,FRIDAY,96,2.5,3,0,0,8.0000000000000000,0E-20,1,0.00,0.00,0.00,0.00,0.00
199,1800 Club,US,FL,Miami,Edgewater Polygon,2026-07-19,2,FRIDAY,134,2.5,1,1,0,8.0000000000000000,0E-20,1,0.00,0.00,0.00,0.00,0.00
205,1 River Place,US,NY,New York,Hell's Kitchen Polygon,2026-07-19,2,WEDNESDAY,73,0.5,1,0,0,8.0000000000000000,0E-20,1,0.00,0.00,0.00,0.00,0.00
180,1800 Biscayne Plaza,US,FL,Miami,Edgewater Polygon,2026-07-19,2,WEDNESDAY,138,1.5,0,1,0,8.0000000000000000,0E-20,1,0.00,0.00,0.00,0.00,0.00
117,The Landon,US,NY,New York,Hell's Kitchen Polygon,2026-07-05,4,THURSDAY,63,2.5,2,1,0,8.0000000000000000,0E-20,1,0.00,0.00,0.00,0.00,0.00
54,Nine 52,US,NY,New York,Hell's Kitchen Polygon,2026-07-05,4,WEDNESDAY,60,0.5,1,0,0,8.0000000000000000,0E-20,1,0.00,0.00,0.00,0.00,0.00
204,1717 North Bayshore Drive,US,FL,Miami,Edgewater Polygon,2026-07-26,3,TUESDAY,134,3.5,0,0,1,8.0000000000000000,0E-20,1,0.00,0.00,0.00,0.00,0.00
139,Bay Parc Apartments,US,FL,Miami,Edgewater Polygon,2026-07-12,1,MONDAY,138,2.5,0,0,1,8.0000000000000000,0E-20,1,0.00,0.00,0.00,0.00,0.00
129,544 Carroll,US,NY,Brooklyn,Boerum Hill Polygon,2026-07-05,4,FRIDAY,39,5.0,0,0,1,8.0000000000000000,0E-20,1,0.00,0.00,0.00,0.00,0.00
129,544 Carroll,US,NY,Brooklyn,Boerum Hill Polygon,2026-07-26,3,THURSDAY,100,6.0,0,0,1,8.0000000000000000,0E-20,1,0.00,0.00,0.00,0.00,0.00
220,Bay Parc,US,FL,Miami,Edgewater Polygon,2026-07-26,3,WEDNESDAY,138,2.5,1,1,0,8.0000000000000000,0E-20,1,0.00,0.00,0.00,0.00,0.00
272,Harrison Urby Apartments,US,NJ,Harrison,Harrison Polygon,2026-07-26,3,THURSDAY,15,2.5,1,1,0,8.0000000000000000,0E-20,1,0.00,0.00,0.00,0.00,0.00
140,Southgate Towers,US,FL,Miami Beach,Miami Beach Polygon,2026-07-05,4,MONDAY,118,3.5,3,1,0,8.0000000000000000,0E-20,1,0.00,0.00,0.00,0.00,0.00
150,Quantum on the Bay Condominium,US,FL,Miami,Edgewater Polygon,2026-07-05,4,WEDNESDAY,138,1.5,2,0,0,8.0000000000000000,0E-20,1,0.00,0.00,0.00,0.00,0.00
127,220 East 72nd Street,US,NY,New York,Floating NY 2,2026-07-12,1,FRIDAY,39,8.0,0,0,1,8.0000000000000000,0,1,0.00,0.00,0.00,0.00,0.00
134,Livana East Hanover,US,NJ,East Hanover,Chatham / West Orange Polygon,2026-07-19,2,MONDAY,64,5.5,0,1,1,8.0000000000000000,0E-20,1,0.00,0.00,0.00,0.00,0.00
276,1510 Bay Road,US,FL,Miami Beach,Miami Beach Polygon,2026-07-12,1,TUESDAY,118,1.5,3,0,0,8.0000000000000000,0E-20,1,0.00,0.00,0.00,0.00,0.00
68,655 Union,US,NY,Brooklyn,Boerum Hill Polygon,2026-07-12,1,MONDAY,96,7.0,0,0,2,8.0000000000000000,0,1,0.00,0.00,0.00,0.00,0.00
142,One Harrison,US,NJ,Harrison,Harrison Polygon,2026-07-05,4,MONDAY,15,3.0,1,1,0,8.0000000000000000,0E-20,1,0.00,0.00,0.00,0.00,0.00
221,Mirador 1000,US,FL,Miami Beach,Miami Beach Polygon,2026-07-26,3,WEDNESDAY,110,2.0,1,1,0,8.0000000000000000,0E-20,1,0.00,0.00,0.00,0.00,0.00
17,River Place,US,NY,New York,Hell's Kitchen Polygon,2026-07-19,2,FRIDAY,73,1.0,2,0,0,8.0000000000000000,0E-20,1,0.00,0.00,0.00,0.00,0.00
91,Alta,US,NY,Queens,Floating NY 1,2026-07-05,4,FRIDAY,36,3.5,2,0,1,8.0000000000000000,0E-20,1,0.00,0.00,0.00,0.00,0.00
123,Flamingo South Beach,US,FL,Miami Beach,Miami Beach Polygon,2026-07-26,3,THURSDAY,137,3.0,1,1,0,8.0000000000000000,0E-20,1,0.00,0.00,0.00,0.00,0.00
41,John Street 116,US,NY,New York,Financial District Polygon,2026-07-05,4,TUESDAY,39,3.5,0,0,1,8.0000000000000000,0E-20,1,0.00,0.00,0.00,0.00,0.00
276,1510 Bay Road,US,FL,Miami Beach,Miami Beach Polygon,2026-07-19,2,WEDNESDAY,110,5.0,0,0,1,8.0000000000000000,0E-20,1,0.00,0.00,0.00,0.00,0.00
118,The Bergen,US,NY,Brooklyn,Boerum Hill Polygon,2026-07-19,2,FRIDAY,39,5.0,0,0,1,8.0000000000000000,0E-20,1,0.00,0.00,0.00,0.00,0.00
44,330W-56th,US,NY,New York,Hell's Kitchen Polygon,2026-07-12,1,TUESDAY,97,2.0,4,0,0,8.0000000000000000,0E-20,1,0.00,0.00,0.00,0.00,0.00
54,Nine 52,US,NY,New York,Hell's Kitchen Polygon,2026-07-12,1,THURSDAY,60,1.5,0,1,0,8.0000000000000000,0E-20,1,0.00,0.00,0.00,0.00,0.00
117,The Landon,US,NY,New York,Hell's Kitchen Polygon,2026-07-12,1,WEDNESDAY,63,2.0,0,1,0,8.0000000000000000,0E-20,1,0.00,0.00,0.00,0.00,0.00
131,The Addison,US,NY,Brooklyn,Brooklyn Heights Polygon,2026-07-12,1,WEDNESDAY,39,3.0,1,1,0,8.0000000000000000,0E-20,1,0.00,0.00,0.00,0.00,0.00
249,605 West 42nd Street,US,NY,New York,Hell's Kitchen Polygon,2026-07-19,2,WEDNESDAY,60,0.5,1,0,0,8.0000000000000000,0E-20,1,0.00,0.00,0.00,0.00,0.00
260,Cocoa Exchange,US,NY,New York,Financial District Polygon,2026-07-26,3,MONDAY,39,4.5,0,1,1,8.0000000000000000,0E-20,1,0.00,0.00,0.00,0.00,0.00
151,Cite On The Bay,US,FL,Miami,Edgewater Polygon,2026-07-05,4,WEDNESDAY,134,0,0,0,0,8.0000000000000000,0E-20,1,0.00,0.00,0.00,0.00,0.00
197,251 NE 20th St apt 3506,US,FL,Miami,Edgewater Polygon,2026-07-19,2,THURSDAY,138,3.5,2,0,1,8.0000000000000000,0E-20,1,0.00,0.00,0.00,0.00,0.00
145,Dey and Bergen,US,NJ,Harrison,Harrison Polygon,2026-07-12,1,MONDAY,15,1.5,2,0,0,8.0000000000000000,0E-20,1,0.00,0.00,0.00,0.00,0.00
149,Opera Tower,US,FL,Miami,Edgewater Polygon,2026-07-26,3,WEDNESDAY,134,1.5,0,1,0,8.0000000000000000,0E-20,1,0.00,0.00,0.00,0.00,0.00
6,100 House,US,NJ,Jersey City,Hoboken Polygon,2026-07-05,4,FRIDAY,139,3.0,1,1,0,8.0000000000000000,0E-20,1,0.00,0.00,0.00,0.00,0.00
8,One Ten,US,NJ,Jersey City,Hoboken Polygon,2026-07-05,4,TUESDAY,139,4.5,1,0,1,8.0000000000000000,0E-20,1,0.00,0.00,0.00,0.00,0.00
133,2000 Biscayne,US,FL,Miami,Edgewater Polygon,2026-07-26,3,TUESDAY,138,7.5,0,0,2,8.0000000000000000,0E-16,1,0.00,0.00,0.00,0.00,0.00
169,Aria on the Bay Condominium Association  INC,US,FL,Miami,Edgewater Polygon,2026-07-12,1,WEDNESDAY,138,4.5,1,0,1,8.0000000000000000,0E-20,1,0.00,0.00,0.00,0.00,0.00
194,The Atelier Condo NYC,US,NY,New York,Hell's Kitchen Polygon,2026-07-19,2,WEDNESDAY,60,0.5,1,0,0,8.0000000000000000,0E-20,1,0.00,0.00,0.00,0.00,0.00
144,Waters Edge,US,NJ,Harrison,Harrison Polygon,2026-07-12,1,THURSDAY,15,2.5,3,0,0,8.0000000000000000,0E-20,1,0.00,0.00,0.00,0.00,0.00
131,The Addison,US,NY,Brooklyn,Brooklyn Heights Polygon,2026-07-26,3,MONDAY,77,5.5,1,0,1,8.0000000000000000,0E-20,1,0.00,0.00,0.00,0.00,0.00
44,330W-56th,US,NY,New York,Hell's Kitchen Polygon,2026-07-26,3,WEDNESDAY,60,4.0,1,0,1,8.0000000000000000,0E-20,1,0.00,0.00,0.00,0.00,0.00
119,535 W 43rd Street,US,NY,New York,Hell's Kitchen Polygon,2026-07-19,2,TUESDAY,73,0.5,1,0,0,8.0000000000000000,0E-20,1,0.00,0.00,0.00,0.00,0.00
230,378 Bergen Street,US,NY,Brooklyn,Boerum Hill Polygon,2026-07-26,3,TUESDAY,100,5.5,1,0,1,8.0000000000000000,0E-20,1,0.00,0.00,0.00,0.00,0.00
153,Watermarc at Biscayne Bay,US,FL,Miami,Edgewater Polygon,2026-07-26,3,FRIDAY,138,6.0,1,0,1,8.0000000000000000,0E-20,1,0.00,0.00,0.00,0.00,0.00
114,20 Broad Street,US,NY,New York,Financial District Polygon,2026-07-05,4,FRIDAY,39,5.0,0,0,1,8.0000000000000000,0E-20,1,0.00,0.00,0.00,0.00,0.00
111,Brooklyn Crossing,US,NY,Brooklyn,Boerum Hill Polygon,2026-07-19,2,THURSDAY,96,2.5,1,1,0,8.0000000000000000,0E-20,1,0.00,0.00,0.00,0.00,0.00
140,Southgate Towers,US,FL,Miami Beach,Miami Beach Polygon,2026-07-12,1,THURSDAY,137,2.5,1,1,0,8.0000000000000000,0E-20,1,0.00,0.00,0.00,0.00,0.00
215,Elysee Miami,US,FL,Miami,Edgewater Polygon,2026-07-12,1,TUESDAY,138,6.0,0,2,1,8.0000000000000000,0E-20,1,0.00,0.00,0.00,0.00,0.00
126,The Landing,US,NY,Brooklyn,Brooklyn Heights Polygon,2026-07-05,4,TUESDAY,39,3.5,0,0,1,8.0000000000000000,0E-20,1,0.00,0.00,0.00,0.00,0.00
112,Plank Road,US,NY,Brooklyn,Boerum Hill Polygon,2026-07-12,1,MONDAY,96,7.0,0,0,2,8.0000000000000000,0,1,0.00,0.00,0.00,0.00,0.00
171,22 Skyview Apartments,US,FL,Miami,Edgewater Polygon,2026-07-05,4,MONDAY,134,0,0,0,0,8.0000000000000000,0E-20,1,0.00,0.00,0.00,0.00,0.00
17,River Place,US,NY,New York,Hell's Kitchen Polygon,2026-07-19,2,TUESDAY,60,3.5,1,0,1,8.0000000000000000,0E-20,1,0.00,0.00,0.00,0.00,0.00
131,The Addison,US,NY,Brooklyn,Brooklyn Heights Polygon,2026-07-05,4,THURSDAY,39,4.0,0,0,1,8.0000000000000000,0E-20,1,0.00,0.00,0.00,0.00,0.00
117,The Landon,US,NY,New York,Hell's Kitchen Polygon,2026-07-12,1,MONDAY,97,2.5,4,0,0,8.0000000000000000,0E-20,1,0.00,0.00,0.00,0.00,0.00
151,Cite On The Bay,US,FL,Miami,Edgewater Polygon,2026-07-12,1,THURSDAY,134,2.5,0,0,1,8.0000000000000000,0E-20,1,0.00,0.00,0.00,0.00,0.00
205,1 River Place,US,NY,New York,Hell's Kitchen Polygon,2026-07-05,4,MONDAY,97,3.0,1,0,1,8.0000000000000000,0E-20,1,0.00,0.00,0.00,0.00,0.00
119,535 W 43rd Street,US,NY,New York,Hell's Kitchen Polygon,2026-07-05,4,TUESDAY,63,2.0,1,1,0,8.0000000000000000,0E-20,1,0.00,0.00,0.00,0.00,0.00
180,1800 Biscayne Plaza,US,FL,Miami,Edgewater Polygon,2026-07-12,1,TUESDAY,134,2.5,0,0,1,8.0000000000000000,0E-20,1,0.00,0.00,0.00,0.00,0.00
144,Waters Edge,US,NJ,Harrison,Harrison Polygon,2026-07-05,4,WEDNESDAY,15,2.0,1,1,0,8.0000000000000000,0E-20,1,0.00,0.00,0.00,0.00,0.00
269,20 Exchange Place,US,NY,New York,Financial District Polygon,2026-07-05,4,TUESDAY,39,3.5,0,0,1,8.0000000000000000,0E-20,1,0.00,0.00,0.00,0.00,0.00
230,378 Bergen Street,US,NY,Brooklyn,Boerum Hill Polygon,2026-07-12,1,FRIDAY,96,4.5,2,0,1,8.0000000000000000,0E-20,1,0.00,0.00,0.00,0.00,0.00
169,Aria on the Bay Condominium Association  INC,US,FL,Miami,Edgewater Polygon,2026-07-05,4,THURSDAY,138,0.5,1,0,0,8.0000000000000000,0E-20,1,0.00,0.00,0.00,0.00,0.00
124,The Kestrel,US,NY,Brooklyn,Floating NY 2,2026-07-19,2,TUESDAY,39,3.0,2,1,0,8.0000000000000000,0E-20,1,0.00,0.00,0.00,0.00,0.00
249,605 West 42nd Street,US,NY,New York,Hell's Kitchen Polygon,2026-07-19,2,TUESDAY,97,2.0,0,1,0,8.0000000000000000,0E-20,1,0.00,0.00,0.00,0.00,0.00
221,Mirador 1000,US,FL,Miami Beach,Miami Beach Polygon,2026-07-19,2,TUESDAY,118,7.0,1,0,1,8.0000000000000000,0E-16,1,0.00,0.00,0.00,0.00,0.00
183,1800 North Bayshore Drive,US,FL,Miami,Edgewater Polygon,2026-07-26,3,THURSDAY,138,2.0,3,0,0,8.0000000000000000,0E-20,1,0.00,0.00,0.00,0.00,0.00
272,Harrison Urby Apartments,US,NJ,Harrison,Harrison Polygon,2026-07-12,1,THURSDAY,15,2.5,3,0,0,8.0000000000000000,0E-20,1,0.00,0.00,0.00,0.00,0.00
114,20 Broad Street,US,NY,New York,Financial District Polygon,2026-07-19,2,MONDAY,39,4.0,0,0,1,8.0000000000000000,0E-20,1,0.00,0.00,0.00,0.00,0.00
127,220 East 72nd Street,US,NY,New York,Floating NY 2,2026-07-26,3,FRIDAY,39,4.5,1,0,1,8.0000000000000000,0E-20,1,0.00,0.00,0.00,0.00,0.00
149,Opera Tower,US,FL,Miami,Edgewater Polygon,2026-07-19,2,TUESDAY,138,0.5,1,0,0,8.0000000000000000,0E-20,1,0.00,0.00,0.00,0.00,0.00
213,1330 West Avenue,US,FL,Miami Beach,Miami Beach Polygon,2026-07-19,2,THURSDAY,110,3.5,3,1,0,8.0000000000000000,0E-20,1,0.00,0.00,0.00,0.00,0.00
276,1510 Bay Road,US,FL,Miami Beach,Miami Beach Polygon,2026-07-26,3,TUESDAY,118,4.5,0,0,1,8.0000000000000000,0E-20,1,0.00,0.00,0.00,0.00,0.00
171,22 Skyview Apartments,US,FL,Miami,Edgewater Polygon,2026-07-19,2,FRIDAY,134,2.5,1,1,0,8.0000000000000000,0E-20,1,0.00,0.00,0.00,0.00,0.00
214,1 Boerum Place,US,NY,Brooklyn,Brooklyn Heights Polygon,2026-07-19,2,TUESDAY,77,8.0,0,0,1,8.0000000000000000,0,1,0.00,0.00,0.00,0.00,0.00
205,1 River Place,US,NY,New York,Hell's Kitchen Polygon,2026-07-19,2,FRIDAY,97,4.5,1,0,1,8.0000000000000000,0E-20,1,0.00,0.00,0.00,0.00,0.00
68,655 Union,US,NY,Brooklyn,Boerum Hill Polygon,2026-07-26,3,MONDAY,96,8.0,0,0,1,8.0000000000000000,0,1,0.00,0.00,0.00,0.00,0.00
221,Mirador 1000,US,FL,Miami Beach,Miami Beach Polygon,2026-07-12,1,WEDNESDAY,110,2.5,0,0,1,8.0000000000000000,0E-20,1,0.00,0.00,0.00,0.00,0.00
220,Bay Parc,US,FL,Miami,Edgewater Polygon,2026-07-05,4,THURSDAY,138,0.5,1,0,0,8.0000000000000000,0E-20,1,0.00,0.00,0.00,0.00,0.00
129,544 Carroll,US,NY,Brooklyn,Boerum Hill Polygon,2026-07-05,4,WEDNESDAY,100,3.0,0,0,1,8.0000000000000000,0E-20,1,0.00,0.00,0.00,0.00,0.00
133,2000 Biscayne,US,FL,Miami,Edgewater Polygon,2026-07-19,2,WEDNESDAY,134,3.5,1,0,1,8.0000000000000000,0E-20,1,0.00,0.00,0.00,0.00,0.00
123,Flamingo South Beach,US,FL,Miami Beach,Miami Beach Polygon,2026-07-12,1,THURSDAY,137,2.5,1,1,0,8.0000000000000000,0E-20,1,0.00,0.00,0.00,0.00,0.00
117,The Landon,US,NY,New York,Hell's Kitchen Polygon,2026-07-26,3,WEDNESDAY,63,2.0,3,0,0,8.0000000000000000,0E-20,1,0.00,0.00,0.00,0.00,0.00
54,Nine 52,US,NY,New York,Hell's Kitchen Polygon,2026-07-26,3,THURSDAY,60,3.0,1,0,1,8.0000000000000000,0E-20,1,0.00,0.00,0.00,0.00,0.00
194,The Atelier Condo NYC,US,NY,New York,Hell's Kitchen Polygon,2026-07-19,2,TUESDAY,97,2.0,0,1,0,8.0000000000000000,0E-20,1,0.00,0.00,0.00,0.00,0.00
44,330W-56th,US,NY,New York,Hell's Kitchen Polygon,2026-07-26,3,TUESDAY,97,2.0,1,1,0,8.0000000000000000,0E-20,1,0.00,0.00,0.00,0.00,0.00
269,20 Exchange Place,US,NY,New York,Financial District Polygon,2026-07-19,2,WEDNESDAY,45,5.5,0,1,1,8.0000000000000000,0E-20,1,0.00,0.00,0.00,0.00,0.00
272,Harrison Urby Apartments,US,NJ,Harrison,Harrison Polygon,2026-07-05,4,WEDNESDAY,15,2.0,1,1,0,8.0000000000000000,0E-20,1,0.00,0.00,0.00,0.00,0.00
93,Union Channel ,US,NY,Brooklyn,Boerum Hill Polygon,2026-07-26,3,TUESDAY,100,5.5,1,0,1,8.0000000000000000,0E-20,1,0.00,0.00,0.00,0.00,0.00
150,Quantum on the Bay Condominium,US,FL,Miami,Edgewater Polygon,2026-07-26,3,THURSDAY,138,2.0,3,0,0,8.0000000000000000,0E-20,1,0.00,0.00,0.00,0.00,0.00
6,100 House,US,NJ,Jersey City,Hoboken Polygon,2026-07-19,2,MONDAY,139,3.0,1,1,0,8.0000000000000000,0E-20,1,0.00,0.00,0.00,0.00,0.00
213,1330 West Avenue,US,FL,Miami Beach,Miami Beach Polygon,2026-07-05,4,TUESDAY,118,0.5,1,0,0,8.0000000000000000,0E-20,1,0.00,0.00,0.00,0.00,0.00
93,Union Channel ,US,NY,Brooklyn,Boerum Hill Polygon,2026-07-12,1,FRIDAY,96,4.5,2,0,1,8.0000000000000000,0E-20,1,0.00,0.00,0.00,0.00,0.00
212,39 New York Ave,US,NJ,Jersey City,Hoboken Polygon,2026-07-19,2,TUESDAY,139,1.0,1,0,0,8.0000000000000000,0E-20,1,0.00,0.00,0.00,0.00,0.00
118,The Bergen,US,NY,Brooklyn,Boerum Hill Polygon,2026-07-19,2,WEDNESDAY,100,2.5,0,0,1,8.0000000000000000,0E-20,1,0.00,0.00,0.00,0.00,0.00
204,1717 North Bayshore Drive,US,FL,Miami,Edgewater Polygon,2026-07-12,1,TUESDAY,134,2.5,0,0,1,8.0000000000000000,0E-20,1,0.00,0.00,0.00,0.00,0.00
221,Mirador 1000,US,FL,Miami Beach,Miami Beach Polygon,2026-07-05,4,THURSDAY,110,2.0,3,0,0,8.0000000000000000,0E-20,1,0.00,0.00,0.00,0.00,0.00
139,Bay Parc Apartments,US,FL,Miami,Edgewater Polygon,2026-07-26,3,MONDAY,138,2.5,0,0,1,8.0000000000000000,0E-20,1,0.00,0.00,0.00,0.00,0.00
123,Flamingo South Beach,US,FL,Miami Beach,Miami Beach Polygon,2026-07-05,4,WEDNESDAY,137,1.0,2,0,0,8.0000000000000000,0E-20,1,0.00,0.00,0.00,0.00,0.00
203,Venetia Condominium,US,FL,Miami,Edgewater Polygon,2026-07-26,3,FRIDAY,134,1.0,1,0,0,8.0000000000000000,0E-20,1,0.00,0.00,0.00,0.00,0.00
129,544 Carroll,US,NY,Brooklyn,Boerum Hill Polygon,2026-07-12,1,THURSDAY,100,6.0,0,0,1,8.0000000000000000,0E-20,1,0.00,0.00,0.00,0.00,0.00
220,Bay Parc,US,FL,Miami,Edgewater Polygon,2026-07-12,1,WEDNESDAY,138,4.5,1,0,1,8.0000000000000000,0E-20,1,0.00,0.00,0.00,0.00,0.00
118,The Bergen,US,NY,Brooklyn,Boerum Hill Polygon,2026-07-19,2,THURSDAY,100,5.0,0,1,1,8.0000000000000000,0E-20,1,0.00,0.00,0.00,0.00,0.00
230,378 Bergen Street,US,NY,Brooklyn,Boerum Hill Polygon,2026-07-19,2,MONDAY,96,7.0,1,0,1,8.0000000000000000,0E-20,1,0.00,0.00,0.00,0.00,0.00
221,Mirador 1000,US,FL,Miami Beach,Miami Beach Polygon,2026-07-05,4,WEDNESDAY,110,0.5,1,0,0,8.0000000000000000,0E-20,1,0.00,0.00,0.00,0.00,0.00
122,Flamingo Point North Tower,US,FL,Miami Beach,Miami Beach Polygon,2026-07-26,3,THURSDAY,118,4.0,1,0,1,8.0000000000000000,0E-20,1,0.00,0.00,0.00,0.00,0.00
41,John Street 116,US,NY,New York,Financial District Polygon,2026-07-26,3,TUESDAY,39,7.0,0,1,1,8.0000000000000000,0E-20,1,0.00,0.00,0.00,0.00,0.00
129,544 Carroll,US,NY,Brooklyn,Boerum Hill Polygon,2026-07-12,1,WEDNESDAY,100,5.5,0,0,1,8.0000000000000000,0E-20,1,0.00,0.00,0.00,0.00,0.00
10,829 Garfield,US,NJ,Jersey City,Floating Jersey,2026-07-26,3,MONDAY,54,5.0,1,0,1,8.0000000000000000,0E-20,1,0.00,0.00,0.00,0.00,0.00
269,20 Exchange Place,US,NY,New York,Financial District Polygon,2026-07-19,2,THURSDAY,45,4.5,1,0,1,8.0000000000000000,0E-20,1,0.00,0.00,0.00,0.00,0.00
117,The Landon,US,NY,New York,Hell's Kitchen Polygon,2026-07-19,2,FRIDAY,97,4.5,1,0,1,8.0000000000000000,0E-20,1,0.00,0.00,0.00,0.00,0.00
272,Harrison Urby Apartments,US,NJ,Harrison,Harrison Polygon,2026-07-05,4,THURSDAY,15,7.0,0,0,2,8.0000000000000000,0E-20,1,0.00,0.00,0.00,0.00,0.00
140,Southgate Towers,US,FL,Miami Beach,Miami Beach Polygon,2026-07-26,3,MONDAY,118,3.0,0,0,1,8.0000000000000000,0E-20,1,0.00,0.00,0.00,0.00,0.00
150,Quantum on the Bay Condominium,US,FL,Miami,Edgewater Polygon,2026-07-26,3,WEDNESDAY,138,2.5,1,1,0,8.0000000000000000,0E-20,1,0.00,0.00,0.00,0.00,0.00
120,66 Rockwell Place,US,NY,Brooklyn,Brooklyn Heights Polygon,2026-07-19,2,TUESDAY,77,8.0,0,0,1,8.0000000000000000,0,1,0.00,0.00,0.00,0.00,0.00
112,Plank Road,US,NY,Brooklyn,Boerum Hill Polygon,2026-07-19,2,FRIDAY,96,6.5,0,1,1,8.0000000000000000,0E-20,1,0.00,0.00,0.00,0.00,0.00
221,Mirador 1000,US,FL,Miami Beach,Miami Beach Polygon,2026-07-12,1,THURSDAY,110,1.0,2,0,0,8.0000000000000000,0E-20,1,0.00,0.00,0.00,0.00,0.00
129,544 Carroll,US,NY,Brooklyn,Boerum Hill Polygon,2026-07-26,3,FRIDAY,39,4.5,1,0,1,8.0000000000000000,0E-20,1,0.00,0.00,0.00,0.00,0.00
129,544 Carroll,US,NY,Brooklyn,Boerum Hill Polygon,2026-07-05,4,THURSDAY,100,5.0,0,0,1,8.0000000000000000,0E-20,1,0.00,0.00,0.00,0.00,0.00
220,Bay Parc,US,FL,Miami,Edgewater Polygon,2026-07-05,4,WEDNESDAY,138,1.5,2,0,0,8.0000000000000000,0E-20,1,0.00,0.00,0.00,0.00,0.00
93,Union Channel ,US,NY,Brooklyn,Boerum Hill Polygon,2026-07-05,4,FRIDAY,96,5.5,0,1,1,8.0000000000000000,0E-20,1,0.00,0.00,0.00,0.00,0.00
213,1330 West Avenue,US,FL,Miami Beach,Miami Beach Polygon,2026-07-12,1,TUESDAY,118,1.5,3,0,0,8.0000000000000000,0E-20,1,0.00,0.00,0.00,0.00,0.00
117,The Landon,US,NY,New York,Hell's Kitchen Polygon,2026-07-26,3,THURSDAY,63,3.0,4,0,0,8.0000000000000000,0E-20,1,0.00,0.00,0.00,0.00,0.00
54,Nine 52,US,NY,New York,Hell's Kitchen Polygon,2026-07-26,3,WEDNESDAY,60,4.0,1,0,1,8.0000000000000000,0E-20,1,0.00,0.00,0.00,0.00,0.00
204,1717 North Bayshore Drive,US,FL,Miami,Edgewater Polygon,2026-07-05,4,TUESDAY,134,0.5,1,0,0,8.0000000000000000,0E-20,1,0.00,0.00,0.00,0.00,0.00
145,Dey and Bergen,US,NJ,Harrison,Harrison Polygon,2026-07-19,2,FRIDAY,15,2.0,4,0,0,8.0000000000000000,0E-20,1,0.00,0.00,0.00,0.00,0.00
183,1800 North Bayshore Drive,US,FL,Miami,Edgewater Polygon,2026-07-26,3,WEDNESDAY,138,2.5,1,1,0,8.0000000000000000,0E-20,1,0.00,0.00,0.00,0.00,0.00
272,Harrison Urby Apartments,US,NJ,Harrison,Harrison Polygon,2026-07-12,1,WEDNESDAY,15,8.0,0,0,1,8.0000000000000000,0,1,0.00,0.00,0.00,0.00,0.00
213,1330 West Avenue,US,FL,Miami Beach,Miami Beach Polygon,2026-07-19,2,WEDNESDAY,110,5.0,0,0,1,8.0000000000000000,0E-20,1,0.00,0.00,0.00,0.00,0.00
197,251 NE 20th St apt 3506,US,FL,Miami,Edgewater Polygon,2026-07-26,3,TUESDAY,134,3.5,0,0,1,8.0000000000000000,0E-20,1,0.00,0.00,0.00,0.00,0.00
9,The Enclave,US,NJ,Jersey City,Hoboken Polygon,2026-07-19,2,TUESDAY,139,1.0,1,0,0,8.0000000000000000,0E-20,1,0.00,0.00,0.00,0.00,0.00
144,Waters Edge,US,NJ,Harrison,Harrison Polygon,2026-07-05,4,THURSDAY,15,7.0,0,0,2,8.0000000000000000,0E-20,1,0.00,0.00,0.00,0.00,0.00
98,345 Baldwin Avenue,US,NJ,Jersey City,Floating Jersey,2026-07-26,3,MONDAY,54,5.0,1,0,1,8.0000000000000000,0E-20,1,0.00,0.00,0.00,0.00,0.00
199,1800 Club,US,FL,Miami,Edgewater Polygon,2026-07-26,3,MONDAY,134,4.5,0,0,1,8.0000000000000000,0E-20,1,0.00,0.00,0.00,0.00,0.00
52,330 Angelo Cifelli,US,NJ,Harrison,Harrison Polygon,2026-07-26,3,TUESDAY,15,3.5,1,0,1,8.0000000000000000,0E-20,1,0.00,0.00,0.00,0.00,0.00
8,One Ten,US,NJ,Jersey City,Hoboken Polygon,2026-07-12,1,TUESDAY,139,1.5,2,0,0,8.0000000000000000,0E-20,1,0.00,0.00,0.00,0.00,0.00
93,Union Channel ,US,NY,Brooklyn,Boerum Hill Polygon,2026-07-19,2,MONDAY,96,7.0,1,0,1,8.0000000000000000,0E-20,1,0.00,0.00,0.00,0.00,0.00
169,Aria on the Bay Condominium Association  INC,US,FL,Miami,Edgewater Polygon,2026-07-05,4,WEDNESDAY,138,1.5,2,0,0,8.0000000000000000,0E-20,1,0.00,0.00,0.00,0.00,0.00
145,Dey and Bergen,US,NJ,Harrison,Harrison Polygon,2026-07-05,4,MONDAY,15,3.0,1,1,0,8.0000000000000000,0E-20,1,0.00,0.00,0.00,0.00,0.00
140,Southgate Towers,US,FL,Miami Beach,Miami Beach Polygon,2026-07-12,1,WEDNESDAY,137,0.5,1,0,0,8.0000000000000000,0E-20,1,0.00,0.00,0.00,0.00,0.00
111,Brooklyn Crossing,US,NY,Brooklyn,Boerum Hill Polygon,2026-07-19,2,WEDNESDAY,96,8.0,0,0,1,8.0000000000000000,0,1,0.00,0.00,0.00,0.00,0.00
6,100 House,US,NJ,Jersey City,Hoboken Polygon,2026-07-12,1,FRIDAY,139,2.0,1,1,0,8.0000000000000000,0E-20,1,0.00,0.00,0.00,0.00,0.00
131,The Addison,US,NY,Brooklyn,Brooklyn Heights Polygon,2026-07-05,4,WEDNESDAY,39,3.5,1,0,1,8.0000000000000000,0E-20,1,0.00,0.00,0.00,0.00,0.00
130,Arabella 101,US,NY,New York,Floating NY 2,2026-07-26,3,MONDAY,39,4.5,0,1,1,8.0000000000000000,0E-20,1,0.00,0.00,0.00,0.00,0.00
151,Cite On The Bay,US,FL,Miami,Edgewater Polygon,2026-07-12,1,WEDNESDAY,134,4.0,0,1,1,8.0000000000000000,0E-20,1,0.00,0.00,0.00,0.00,0.00
119,535 W 43rd Street,US,NY,New York,Hell's Kitchen Polygon,2026-07-26,3,MONDAY,60,3.0,2,1,0,8.0000000000000000,0E-20,1,0.00,0.00,0.00,0.00,0.00
230,378 Bergen Street,US,NY,Brooklyn,Boerum Hill Polygon,2026-07-05,4,FRIDAY,96,5.5,0,1,1,8.0000000000000000,0E-20,1,0.00,0.00,0.00,0.00,0.00
269,20 Exchange Place,US,NY,New York,Financial District Polygon,2026-07-12,1,TUESDAY,39,5.0,1,0,1,8.0000000000000000,0E-20,1,0.00,0.00,0.00,0.00,0.00
111,Brooklyn Crossing,US,NY,Brooklyn,Boerum Hill Polygon,2026-07-19,2,TUESDAY,39,3.0,2,1,0,8.0000000000000000,0E-20,1,0.00,0.00,0.00,0.00,0.00
118,The Bergen,US,NY,Brooklyn,Boerum Hill Polygon,2026-07-26,3,MONDAY,39,4.5,0,1,1,8.0000000000000000,0E-20,1,0.00,0.00,0.00,0.00,0.00
61,Stonehill,US,NJ,West Orange,Chatham / West Orange Polygon,2026-07-05,4,THURSDAY,54,8.0,0,0,1,8.0000000000000000,0,1,0.00,0.00,0.00,0.00,0.00
194,The Atelier Condo NYC,US,NY,New York,Hell's Kitchen Polygon,2026-07-19,2,THURSDAY,60,0,0,0,0,8.0000000000000000,0E-20,1,0.00,0.00,0.00,0.00,0.00
180,1800 Biscayne Plaza,US,FL,Miami,Edgewater Polygon,2026-07-05,4,TUESDAY,134,0.5,1,0,0,8.0000000000000000,0E-20,1,0.00,0.00,0.00,0.00,0.00
54,Nine 52,US,NY,New York,Hell's Kitchen Polygon,2026-07-26,3,TUESDAY,97,2.0,1,1,0,8.0000000000000000,0E-20,1,0.00,0.00,0.00,0.00,0.00
144,Waters Edge,US,NJ,Harrison,Harrison Polygon,2026-07-12,1,WEDNESDAY,15,8.0,0,0,1,8.0000000000000000,0,1,0.00,0.00,0.00,0.00,0.00
119,535 W 43rd Street,US,NY,New York,Hell's Kitchen Polygon,2026-07-12,1,TUESDAY,63,1.0,1,0,0,8.0000000000000000,0E-20,1,0.00,0.00,0.00,0.00,0.00
44,330W-56th,US,NY,New York,Hell's Kitchen Polygon,2026-07-26,3,THURSDAY,60,3.0,1,0,1,8.0000000000000000,0E-20,1,0.00,0.00,0.00,0.00,0.00
17,River Place,US,NY,New York,Hell's Kitchen Polygon,2026-07-26,3,MONDAY,73,4.0,3,0,1,8.0000000000000000,0E-20,1,0.00,0.00,0.00,0.00,0.00
68,655 Union,US,NY,Brooklyn,Boerum Hill Polygon,2026-07-19,2,TUESDAY,100,2.5,1,1,0,8.0000000000000000,0E-20,1,0.00,0.00,0.00,0.00,0.00
122,Flamingo Point North Tower,US,FL,Miami Beach,Miami Beach Polygon,2026-07-05,4,MONDAY,137,2.5,4,0,0,8.0000000000000000,0E-20,1,0.00,0.00,0.00,0.00,0.00
6,100 House,US,NJ,Jersey City,Hoboken Polygon,2026-07-05,4,WEDNESDAY,65,1.5,2,0,0,8.0000000000000000,0E-20,1,0.00,0.00,0.00,0.00,0.00
131,The Addison,US,NY,Brooklyn,Brooklyn Heights Polygon,2026-07-12,1,THURSDAY,39,3.5,1,0,1,8.0000000000000000,0E-20,1,0.00,0.00,0.00,0.00,0.00
171,22 Skyview Apartments,US,FL,Miami,Edgewater Polygon,2026-07-12,1,MONDAY,134,1.0,1,0,0,8.0000000000000000,0E-20,1,0.00,0.00,0.00,0.00,0.00
249,605 West 42nd Street,US,NY,New York,Hell's Kitchen Polygon,2026-07-19,2,THURSDAY,60,0,0,0,0,8.0000000000000000,0E-20,1,0.00,0.00,0.00,0.00,0.00
205,1 River Place,US,NY,New York,Hell's Kitchen Polygon,2026-07-12,1,MONDAY,97,2.5,4,0,0,8.0000000000000000,0E-20,1,0.00,0.00,0.00,0.00,0.00
117,The Landon,US,NY,New York,Hell's Kitchen Polygon,2026-07-05,4,MONDAY,97,3.0,1,0,1,8.0000000000000000,0E-20,1,0.00,0.00,0.00,0.00,0.00
151,Cite On The Bay,US,FL,Miami,Edgewater Polygon,2026-07-05,4,THURSDAY,134,4.5,1,0,1,8.0000000000000000,0E-20,1,0.00,0.00,0.00,0.00,0.00
197,251 NE 20th St apt 3506,US,FL,Miami,Edgewater Polygon,2026-07-19,2,WEDNESDAY,138,1.5,0,1,0,8.0000000000000000,0E-20,1,0.00,0.00,0.00,0.00,0.00
195,Flow Brickell,US,FL,Miami,Flow Brickell Polygon,2026-07-19,2,WEDNESDAY,92,6.0,0,0,2,8.0000000000000000,0E-20,1,0.00,0.00,0.00,0.00,0.00
198,Quantum on the Bay,US,FL,Miami,Edgewater Polygon,2026-07-26,3,MONDAY,138,2.5,0,0,1,8.0000000000000000,0E-20,1,0.00,0.00,0.00,0.00,0.00
191,2001 Biscayne Boulevard,US,FL,Miami,Edgewater Polygon,2026-07-12,1,MONDAY,138,2.5,0,0,1,8.0000000000000000,0E-20,1,0.00,0.00,0.00,0.00,0.00
149,Opera Tower,US,FL,Miami,Edgewater Polygon,2026-07-26,3,THURSDAY,134,3.0,1,0,1,8.0000000000000000,0E-20,1,0.00,0.00,0.00,0.00,0.00
215,Elysee Miami,US,FL,Miami,Edgewater Polygon,2026-07-05,4,TUESDAY,138,4.0,1,0,1,8.0000000000000000,0E-20,1,0.00,0.00,0.00,0.00,0.00
126,The Landing,US,NY,Brooklyn,Brooklyn Heights Polygon,2026-07-12,1,TUESDAY,39,5.0,1,0,1,8.0000000000000000,0E-20,1,0.00,0.00,0.00,0.00,0.00
112,Plank Road,US,NY,Brooklyn,Boerum Hill Polygon,2026-07-05,4,MONDAY,96,7.0,0,1,1,8.0000000000000000,0,1,0.00,0.00,0.00,0.00,0.00
42,The Ivy,US,NJ,Chatham,Chatham / West Orange Polygon,2026-07-26,3,FRIDAY,64,6.5,0,0,1,8.0000000000000000,0E-20,1,0.00,0.00,0.00,0.00,0.00
140,Southgate Towers,US,FL,Miami Beach,Miami Beach Polygon,2026-07-05,4,THURSDAY,137,2.5,1,1,0,8.0000000000000000,0E-20,1,0.00,0.00,0.00,0.00,0.00
114,20 Broad Street,US,NY,New York,Financial District Polygon,2026-07-12,1,FRIDAY,39,8.0,0,0,1,8.0000000000000000,0,1,0.00,0.00,0.00,0.00,0.00
204,1717 North Bayshore Drive,US,FL,Miami,Edgewater Polygon,2026-07-19,2,MONDAY,134,0.5,1,0,0,8.0000000000000000,0E-20,1,0.00,0.00,0.00,0.00,0.00
212,39 New York Ave,US,NJ,Jersey City,Hoboken Polygon,2026-07-12,1,MONDAY,139,1.0,1,0,0,8.0000000000000000,0E-20,1,0.00,0.00,0.00,0.00,0.00
203,Venetia Condominium,US,FL,Miami,Edgewater Polygon,2026-07-19,2,THURSDAY,138,3.5,2,0,1,8.0000000000000000,0E-20,1,0.00,0.00,0.00,0.00,0.00
8,One Ten,US,NJ,Jersey City,Hoboken Polygon,2026-07-12,1,FRIDAY,139,2.0,1,1,0,8.0000000000000000,0E-20,1,0.00,0.00,0.00,0.00,0.00
120,66 Rockwell Place,US,NY,Brooklyn,Brooklyn Heights Polygon,2026-07-26,3,THURSDAY,39,6.5,0,0,1,8.0000000000000000,0E-20,1,0.00,0.00,0.00,0.00,0.00
260,Cocoa Exchange,US,NY,New York,Financial District Polygon,2026-07-26,3,THURSDAY,45,3.5,0,2,0,8.0000000000000000,0E-20,1,0.00,0.00,0.00,0.00,0.00
115,Grove Central Residences,US,FL,Miami,Flow Brickell Polygon,2026-07-12,1,THURSDAY,92,2.0,3,0,0,8.0000000000000000,0E-20,1,0.00,0.00,0.00,0.00,0.00
53,The Eddy,US,NJ,Harrison,Harrison Polygon,2026-07-05,4,WEDNESDAY,15,2.0,1,1,0,8.0000000000000000,0E-20,1,0.00,0.00,0.00,0.00,0.00
98,345 Baldwin Avenue,US,NJ,Jersey City,Floating Jersey,2026-07-12,1,WEDNESDAY,139,2.0,0,1,0,8.0000000000000000,0E-20,1,0.00,0.00,0.00,0.00,0.00
207,561 10th Avenue,US,NY,New York,Hell's Kitchen Polygon,2026-07-26,3,MONDAY,97,1.0,2,0,0,8.0000000000000000,0E-20,1,0.00,0.00,0.00,0.00,0.00
150,Quantum on the Bay Condominium,US,FL,Miami,Edgewater Polygon,2026-07-19,2,FRIDAY,134,2.5,1,1,0,8.0000000000000000,0E-20,1,0.00,0.00,0.00,0.00,0.00
198,Quantum on the Bay,US,FL,Miami,Edgewater Polygon,2026-07-05,4,WEDNESDAY,134,0,0,0,0,8.0000000000000000,0E-20,1,0.00,0.00,0.00,0.00,0.00
230,378 Bergen Street,US,NY,Brooklyn,Boerum Hill Polygon,2026-07-05,4,WEDNESDAY,39,3.5,1,0,1,8.0000000000000000,0E-20,1,0.00,0.00,0.00,0.00,0.00
6,100 House,US,NJ,Jersey City,Hoboken Polygon,2026-07-12,1,TUESDAY,139,1.5,2,0,0,8.0000000000000000,0E-20,1,0.00,0.00,0.00,0.00,0.00
54,Nine 52,US,NY,New York,Hell's Kitchen Polygon,2026-07-12,1,WEDNESDAY,73,2.0,1,1,0,8.0000000000000000,0E-20,1,0.00,0.00,0.00,0.00,0.00
122,Flamingo Point North Tower,US,FL,Miami Beach,Miami Beach Polygon,2026-07-26,3,MONDAY,110,4.0,1,0,1,8.0000000000000000,0E-20,1,0.00,0.00,0.00,0.00,0.00
117,The Landon,US,NY,New York,Hell's Kitchen Polygon,2026-07-19,2,WEDNESDAY,60,0.5,1,0,0,8.0000000000000000,0E-20,1,0.00,0.00,0.00,0.00,0.00
54,Nine 52,US,NY,New York,Hell's Kitchen Polygon,2026-07-19,2,THURSDAY,63,2.5,3,0,0,8.0000000000000000,0E-20,1,0.00,0.00,0.00,0.00,0.00
115,Grove Central Residences,US,FL,Miami,Flow Brickell Polygon,2026-07-05,4,WEDNESDAY,92,5.5,0,1,1,8.0000000000000000,0E-20,1,0.00,0.00,0.00,0.00,0.00
199,1800 Club,US,FL,Miami,Edgewater Polygon,2026-07-05,4,WEDNESDAY,138,1.5,2,0,0,8.0000000000000000,0E-20,1,0.00,0.00,0.00,0.00,0.00
68,655 Union,US,NY,Brooklyn,Boerum Hill Polygon,2026-07-19,2,FRIDAY,100,6.0,0,0,1,8.0000000000000000,0E-20,1,0.00,0.00,0.00,0.00,0.00
98,345 Baldwin Avenue,US,NJ,Jersey City,Floating Jersey,2026-07-05,4,THURSDAY,139,0.5,1,0,0,8.0000000000000000,0E-20,1,0.00,0.00,0.00,0.00,0.00
214,1 Boerum Place,US,NY,Brooklyn,Brooklyn Heights Polygon,2026-07-26,3,WEDNESDAY,39,3.0,1,1,0,8.0000000000000000,0E-20,1,0.00,0.00,0.00,0.00,0.00
119,535 W 43rd Street,US,NY,New York,Hell's Kitchen Polygon,2026-07-12,1,FRIDAY,63,1.5,3,0,0,8.0000000000000000,0E-20,1,0.00,0.00,0.00,0.00,0.00
54,Nine 52,US,NY,New York,Hell's Kitchen Polygon,2026-07-26,3,FRIDAY,97,2.0,1,1,0,8.0000000000000000,0E-20,1,0.00,0.00,0.00,0.00,0.00
169,Aria on the Bay Condominium Association  INC,US,FL,Miami,Edgewater Polygon,2026-07-26,3,MONDAY,134,4.5,0,0,1,8.0000000000000000,0E-20,1,0.00,0.00,0.00,0.00,0.00
180,1800 Biscayne Plaza,US,FL,Miami,Edgewater Polygon,2026-07-05,4,FRIDAY,134,0.5,1,0,0,8.0000000000000000,0E-20,1,0.00,0.00,0.00,0.00,0.00
194,The Atelier Condo NYC,US,NY,New York,Hell's Kitchen Polygon,2026-07-12,1,MONDAY,97,2.5,4,0,0,8.0000000000000000,0E-20,1,0.00,0.00,0.00,0.00,0.00
111,Brooklyn Crossing,US,NY,Brooklyn,Boerum Hill Polygon,2026-07-19,2,FRIDAY,39,5.0,0,0,1,8.0000000000000000,0E-20,1,0.00,0.00,0.00,0.00,0.00
269,20 Exchange Place,US,NY,New York,Financial District Polygon,2026-07-12,1,FRIDAY,39,8.0,0,0,1,8.0000000000000000,0,1,0.00,0.00,0.00,0.00,0.00
230,378 Bergen Street,US,NY,Brooklyn,Boerum Hill Polygon,2026-07-05,4,TUESDAY,96,8.0,0,0,1,8.0000000000000000,0,1,0.00,0.00,0.00,0.00,0.00
42,The Ivy,US,NJ,Chatham,Chatham / West Orange Polygon,2026-07-26,3,TUESDAY,64,4.5,1,0,1,8.0000000000000000,0E-20,1,0.00,0.00,0.00,0.00,0.00
114,20 Broad Street,US,NY,New York,Financial District Polygon,2026-07-12,1,TUESDAY,39,5.0,1,0,1,8.0000000000000000,0E-20,1,0.00,0.00,0.00,0.00,0.00
171,22 Skyview Apartments,US,FL,Miami,Edgewater Polygon,2026-07-26,3,THURSDAY,138,2.0,3,0,0,8.0000000000000000,0E-20,1,0.00,0.00,0.00,0.00,0.00
54,Nine 52,US,NY,New York,Hell's Kitchen Polygon,2026-07-05,4,THURSDAY,73,1.5,3,0,0,8.0000000000000000,0E-20,1,0.00,0.00,0.00,0.00,0.00
230,378 Bergen Street,US,NY,Brooklyn,Boerum Hill Polygon,2026-07-12,1,THURSDAY,39,3.5,1,0,1,8.0000000000000000,0E-20,1,0.00,0.00,0.00,0.00,0.00
126,The Landing,US,NY,Brooklyn,Brooklyn Heights Polygon,2026-07-12,1,FRIDAY,39,8.0,0,0,1,8.0000000000000000,0,1,0.00,0.00,0.00,0.00,0.00
205,1 River Place,US,NY,New York,Hell's Kitchen Polygon,2026-07-19,2,THURSDAY,60,0,0,0,0,8.0000000000000000,0E-20,1,0.00,0.00,0.00,0.00,0.00
124,The Kestrel,US,NY,Brooklyn,Floating NY 2,2026-07-12,1,MONDAY,39,5.5,0,0,1,8.0000000000000000,0E-20,1,0.00,0.00,0.00,0.00,0.00
249,605 West 42nd Street,US,NY,New York,Hell's Kitchen Polygon,2026-07-12,1,MONDAY,97,2.5,4,0,0,8.0000000000000000,0E-20,1,0.00,0.00,0.00,0.00,0.00
120,66 Rockwell Place,US,NY,Brooklyn,Brooklyn Heights Polygon,2026-07-05,4,MONDAY,77,2.0,3,0,0,8.0000000000000000,0E-20,1,0.00,0.00,0.00,0.00,0.00
221,Mirador 1000,US,FL,Miami Beach,Miami Beach Polygon,2026-07-12,1,MONDAY,118,1.0,2,0,0,8.0000000000000000,0E-20,1,0.00,0.00,0.00,0.00,0.00
198,Quantum on the Bay,US,FL,Miami,Edgewater Polygon,2026-07-12,1,THURSDAY,134,2.5,0,0,1,8.0000000000000000,0E-20,1,0.00,0.00,0.00,0.00,0.00
183,1800 North Bayshore Drive,US,FL,Miami,Edgewater Polygon,2026-07-19,2,FRIDAY,134,2.5,1,1,0,8.0000000000000000,0E-20,1,0.00,0.00,0.00,0.00,0.00
134,Livana East Hanover,US,NJ,East Hanover,Chatham / West Orange Polygon,2026-07-26,3,TUESDAY,64,4.5,1,0,1,8.0000000000000000,0E-20,1,0.00,0.00,0.00,0.00,0.00
214,1 Boerum Place,US,NY,Brooklyn,Brooklyn Heights Polygon,2026-07-12,1,MONDAY,77,3.5,2,0,1,8.0000000000000000,0E-20,1,0.00,0.00,0.00,0.00,0.00
149,Opera Tower,US,FL,Miami,Edgewater Polygon,2026-07-12,1,MONDAY,138,2.5,0,0,1,8.0000000000000000,0E-20,1,0.00,0.00,0.00,0.00,0.00
191,2001 Biscayne Boulevard,US,FL,Miami,Edgewater Polygon,2026-07-26,3,THURSDAY,134,3.0,1,0,1,8.0000000000000000,0E-20,1,0.00,0.00,0.00,0.00,0.00
68,655 Union,US,NY,Brooklyn,Boerum Hill Polygon,2026-07-05,4,MONDAY,100,3.0,2,1,0,8.0000000000000000,0E-20,1,0.00,0.00,0.00,0.00,0.00
212,39 New York Ave,US,NJ,Jersey City,Hoboken Polygon,2026-07-19,2,WEDNESDAY,65,0.5,1,0,0,8.0000000000000000,0E-20,1,0.00,0.00,0.00,0.00,0.00
41,John Street 116,US,NY,New York,Financial District Polygon,2026-07-26,3,FRIDAY,39,4.5,1,0,1,8.0000000000000000,0E-20,1,0.00,0.00,0.00,0.00,0.00
180,1800 Biscayne Plaza,US,FL,Miami,Edgewater Polygon,2026-07-19,2,MONDAY,134,0.5,1,0,0,8.0000000000000000,0E-20,1,0.00,0.00,0.00,0.00,0.00
114,20 Broad Street,US,NY,New York,Financial District Polygon,2026-07-19,2,THURSDAY,45,4.5,1,0,1,8.0000000000000000,0E-20,1,0.00,0.00,0.00,0.00,0.00
249,605 West 42nd Street,US,NY,New York,Hell's Kitchen Polygon,2026-07-26,3,WEDNESDAY,63,2.0,3,0,0,8.0000000000000000,0E-20,1,0.00,0.00,0.00,0.00,0.00
139,Bay Parc Apartments,US,FL,Miami,Edgewater Polygon,2026-07-12,1,WEDNESDAY,134,4.0,0,1,1,8.0000000000000000,0E-20,1,0.00,0.00,0.00,0.00,0.00
207,561 10th Avenue,US,NY,New York,Hell's Kitchen Polygon,2026-07-05,4,THURSDAY,63,2.5,2,1,0,8.0000000000000000,0E-20,1,0.00,0.00,0.00,0.00,0.00
220,Bay Parc,US,FL,Miami,Edgewater Polygon,2026-07-26,3,MONDAY,134,4.5,0,0,1,8.0000000000000000,0E-20,1,0.00,0.00,0.00,0.00,0.00
111,Brooklyn Crossing,US,NY,Brooklyn,Boerum Hill Polygon,2026-07-05,4,MONDAY,39,8.0,0,0,1,8.0000000000000000,0,1,0.00,0.00,0.00,0.00,0.00
93,Union Channel ,US,NY,Brooklyn,Boerum Hill Polygon,2026-07-05,4,WEDNESDAY,39,3.5,1,0,1,8.0000000000000000,0E-20,1,0.00,0.00,0.00,0.00,0.00
215,Elysee Miami,US,FL,Miami,Edgewater Polygon,2026-07-19,2,MONDAY,138,4.0,2,0,1,8.0000000000000000,0E-20,1,0.00,0.00,0.00,0.00,0.00
112,Plank Road,US,NY,Brooklyn,Boerum Hill Polygon,2026-07-19,2,TUESDAY,96,7.0,0,0,2,8.0000000000000000,0,1,0.00,0.00,0.00,0.00,0.00
120,66 Rockwell Place,US,NY,Brooklyn,Brooklyn Heights Polygon,2026-07-19,2,FRIDAY,77,8.0,0,0,1,8.0000000000000000,0,1,0.00,0.00,0.00,0.00,0.00
10,829 Garfield,US,NJ,Jersey City,Floating Jersey,2026-07-12,1,WEDNESDAY,139,2.0,0,1,0,8.0000000000000000,0E-20,1,0.00,0.00,0.00,0.00,0.00
15,Silver Towers,US,NY,New York,Hell's Kitchen Polygon,2026-07-12,1,TUESDAY,73,2.0,0,1,0,8.0000000000000000,0E-20,1,0.00,0.00,0.00,0.00,0.00
44,330W-56th,US,NY,New York,Hell's Kitchen Polygon,2026-07-19,2,WEDNESDAY,63,2.0,0,1,0,8.0000000000000000,0E-20,1,0.00,0.00,0.00,0.00,0.00
183,1800 North Bayshore Drive,US,FL,Miami,Edgewater Polygon,2026-07-05,4,MONDAY,134,0,0,0,0,8.0000000000000000,0E-20,1,0.00,0.00,0.00,0.00,0.00
117,The Landon,US,NY,New York,Hell's Kitchen Polygon,2026-07-19,2,TUESDAY,97,2.0,0,1,0,8.0000000000000000,0E-20,1,0.00,0.00,0.00,0.00,0.00
153,Watermarc at Biscayne Bay,US,FL,Miami,Edgewater Polygon,2026-07-19,2,THURSDAY,134,2.5,1,1,0,8.0000000000000000,0E-20,1,0.00,0.00,0.00,0.00,0.00
194,The Atelier Condo NYC,US,NY,New York,Hell's Kitchen Polygon,2026-07-26,3,WEDNESDAY,63,2.0,3,0,0,8.0000000000000000,0E-20,1,0.00,0.00,0.00,0.00,0.00
129,544 Carroll,US,NY,Brooklyn,Boerum Hill Polygon,2026-07-26,3,WEDNESDAY,96,2.5,1,1,0,8.0000000000000000,0E-20,1,0.00,0.00,0.00,0.00,0.00
44,330W-56th,US,NY,New York,Hell's Kitchen Polygon,2026-07-12,1,THURSDAY,73,0.5,1,0,0,8.0000000000000000,0E-20,1,0.00,0.00,0.00,0.00,0.00
207,561 10th Avenue,US,NY,New York,Hell's Kitchen Polygon,2026-07-12,1,WEDNESDAY,63,2.0,0,1,0,8.0000000000000000,0E-20,1,0.00,0.00,0.00,0.00,0.00
204,1717 North Bayshore Drive,US,FL,Miami,Edgewater Polygon,2026-07-05,4,FRIDAY,134,0.5,1,0,0,8.0000000000000000,0E-20,1,0.00,0.00,0.00,0.00,0.00
207,561 10th Avenue,US,NY,New York,Hell's Kitchen Polygon,2026-07-19,2,THURSDAY,73,1.0,2,0,0,8.0000000000000000,0E-20,1,0.00,0.00,0.00,0.00,0.00
213,1330 West Avenue,US,FL,Miami Beach,Miami Beach Polygon,2026-07-12,1,FRIDAY,118,1.0,2,0,0,8.0000000000000000,0E-20,1,0.00,0.00,0.00,0.00,0.00
112,Plank Road,US,NY,Brooklyn,Boerum Hill Polygon,2026-07-19,2,WEDNESDAY,39,3.5,1,0,1,8.0000000000000000,0E-20,1,0.00,0.00,0.00,0.00,0.00
93,Union Channel ,US,NY,Brooklyn,Boerum Hill Polygon,2026-07-05,4,TUESDAY,96,8.0,0,0,1,8.0000000000000000,0,1,0.00,0.00,0.00,0.00,0.00
119,535 W 43rd Street,US,NY,New York,Hell's Kitchen Polygon,2026-07-12,1,MONDAY,73,4.5,4,1,0,8.0000000000000000,0E-20,1,0.00,0.00,0.00,0.00,0.00
9,The Enclave,US,NJ,Jersey City,Hoboken Polygon,2026-07-05,4,MONDAY,139,0,0,0,0,8.0000000000000000,0E-20,1,0.00,0.00,0.00,0.00,0.00
129,544 Carroll,US,NY,Brooklyn,Boerum Hill Polygon,2026-07-26,3,TUESDAY,39,7.0,0,1,1,8.0000000000000000,0E-20,1,0.00,0.00,0.00,0.00,0.00
197,251 NE 20th St apt 3506,US,FL,Miami,Edgewater Polygon,2026-07-26,3,FRIDAY,134,1.0,1,0,0,8.0000000000000000,0E-20,1,0.00,0.00,0.00,0.00,0.00
276,1510 Bay Road,US,FL,Miami Beach,Miami Beach Polygon,2026-07-19,2,WEDNESDAY,137,4.0,1,0,1,8.0000000000000000,0E-20,1,0.00,0.00,0.00,0.00,0.00
150,Quantum on the Bay Condominium,US,FL,Miami,Edgewater Polygon,2026-07-05,4,MONDAY,134,0,0,0,0,8.0000000000000000,0E-20,1,0.00,0.00,0.00,0.00,0.00
44,330W-56th,US,NY,New York,Hell's Kitchen Polygon,2026-07-05,4,WEDNESDAY,73,0.5,1,0,0,8.0000000000000000,0E-20,1,0.00,0.00,0.00,0.00,0.00
61,Stonehill,US,NJ,West Orange,Chatham / West Orange Polygon,2026-07-19,2,FRIDAY,64,2.0,0,1,0,8.0000000000000000,0E-20,1,0.00,0.00,0.00,0.00,0.00
221,Mirador 1000,US,FL,Miami Beach,Miami Beach Polygon,2026-07-26,3,WEDNESDAY,137,4.5,0,1,1,8.0000000000000000,0E-20,1,0.00,0.00,0.00,0.00,0.00
93,Union Channel ,US,NY,Brooklyn,Boerum Hill Polygon,2026-07-12,1,THURSDAY,39,3.5,1,0,1,8.0000000000000000,0E-20,1,0.00,0.00,0.00,0.00,0.00
10,829 Garfield,US,NJ,Jersey City,Floating Jersey,2026-07-05,4,THURSDAY,139,0.5,1,0,0,8.0000000000000000,0E-20,1,0.00,0.00,0.00,0.00,0.00
145,Dey and Bergen,US,NJ,Harrison,Harrison Polygon,2026-07-19,2,TUESDAY,15,4.5,0,1,1,8.0000000000000000,0E-20,1,0.00,0.00,0.00,0.00,0.00
183,1800 North Bayshore Drive,US,FL,Miami,Edgewater Polygon,2026-07-12,1,MONDAY,134,1.0,1,0,0,8.0000000000000000,0E-20,1,0.00,0.00,0.00,0.00,0.00
276,1510 Bay Road,US,FL,Miami Beach,Miami Beach Polygon,2026-07-19,2,THURSDAY,137,0,0,0,0,8.0000000000000000,0E-20,1,0.00,0.00,0.00,0.00,0.00
205,1 River Place,US,NY,New York,Hell's Kitchen Polygon,2026-07-19,2,TUESDAY,97,2.0,0,1,0,8.0000000000000000,0E-20,1,0.00,0.00,0.00,0.00,0.00
214,1 Boerum Place,US,NY,Brooklyn,Brooklyn Heights Polygon,2026-07-19,2,FRIDAY,77,8.0,0,0,1,8.0000000000000000,0,1,0.00,0.00,0.00,0.00,0.00
17,River Place,US,NY,New York,Hell's Kitchen Polygon,2026-07-05,4,MONDAY,60,1.0,2,0,0,8.0000000000000000,0E-20,1,0.00,0.00,0.00,0.00,0.00
276,1510 Bay Road,US,FL,Miami Beach,Miami Beach Polygon,2026-07-26,3,FRIDAY,118,1.5,2,0,0,8.0000000000000000,0E-20,1,0.00,0.00,0.00,0.00,0.00
44,330W-56th,US,NY,New York,Hell's Kitchen Polygon,2026-07-05,4,THURSDAY,73,1.5,3,0,0,8.0000000000000000,0E-20,1,0.00,0.00,0.00,0.00,0.00
127,220 East 72nd Street,US,NY,New York,Floating NY 2,2026-07-26,3,TUESDAY,39,7.0,0,1,1,8.0000000000000000,0E-20,1,0.00,0.00,0.00,0.00,0.00
191,2001 Biscayne Boulevard,US,FL,Miami,Edgewater Polygon,2026-07-19,2,TUESDAY,138,0.5,1,0,0,8.0000000000000000,0E-20,1,0.00,0.00,0.00,0.00,0.00
93,Union Channel ,US,NY,Brooklyn,Boerum Hill Polygon,2026-07-12,1,WEDNESDAY,39,3.0,1,1,0,8.0000000000000000,0E-20,1,0.00,0.00,0.00,0.00,0.00
221,Mirador 1000,US,FL,Miami Beach,Miami Beach Polygon,2026-07-26,3,THURSDAY,137,3.0,1,1,0,8.0000000000000000,0E-20,1,0.00,0.00,0.00,0.00,0.00
126,The Landing,US,NY,Brooklyn,Brooklyn Heights Polygon,2026-07-19,2,MONDAY,39,4.0,0,0,1,8.0000000000000000,0E-20,1,0.00,0.00,0.00,0.00,0.00
10,829 Garfield,US,NJ,Jersey City,Floating Jersey,2026-07-05,4,WEDNESDAY,139,1.0,1,0,0,8.0000000000000000,0E-20,1,0.00,0.00,0.00,0.00,0.00
15,Silver Towers,US,NY,New York,Hell's Kitchen Polygon,2026-07-05,4,TUESDAY,73,0,0,0,0,8.0000000000000000,0E-20,1,0.00,0.00,0.00,0.00,0.00
221,Mirador 1000,US,FL,Miami Beach,Miami Beach Polygon,2026-07-19,2,FRIDAY,118,1.0,1,0,0,8.0000000000000000,0E-20,1,0.00,0.00,0.00,0.00,0.00
249,605 West 42nd Street,US,NY,New York,Hell's Kitchen Polygon,2026-07-19,2,FRIDAY,97,4.5,1,0,1,8.0000000000000000,0E-20,1,0.00,0.00,0.00,0.00,0.00
124,The Kestrel,US,NY,Brooklyn,Floating NY 2,2026-07-19,2,FRIDAY,39,5.0,0,0,1,8.0000000000000000,0E-20,1,0.00,0.00,0.00,0.00,0.00
44,330W-56th,US,NY,New York,Hell's Kitchen Polygon,2026-07-26,3,FRIDAY,97,2.0,1,1,0,8.0000000000000000,0E-20,1,0.00,0.00,0.00,0.00,0.00
207,561 10th Avenue,US,NY,New York,Hell's Kitchen Polygon,2026-07-12,1,THURSDAY,63,1.0,1,0,0,8.0000000000000000,0E-20,1,0.00,0.00,0.00,0.00,0.00
194,The Atelier Condo NYC,US,NY,New York,Hell's Kitchen Polygon,2026-07-19,2,FRIDAY,97,4.5,1,0,1,8.0000000000000000,0E-20,1,0.00,0.00,0.00,0.00,0.00
269,20 Exchange Place,US,NY,New York,Financial District Polygon,2026-07-19,2,MONDAY,39,4.0,0,0,1,8.0000000000000000,0E-20,1,0.00,0.00,0.00,0.00,0.00
207,561 10th Avenue,US,NY,New York,Hell's Kitchen Polygon,2026-07-19,2,WEDNESDAY,73,0.5,1,0,0,8.0000000000000000,0E-20,1,0.00,0.00,0.00,0.00,0.00
111,Brooklyn Crossing,US,NY,Brooklyn,Boerum Hill Polygon,2026-07-12,1,MONDAY,39,5.5,0,0,1,8.0000000000000000,0E-20,1,0.00,0.00,0.00,0.00,0.00
112,Plank Road,US,NY,Brooklyn,Boerum Hill Polygon,2026-07-19,2,THURSDAY,39,3.0,1,0,1,8.0000000000000000,0E-20,1,0.00,0.00,0.00,0.00,0.00
68,655 Union,US,NY,Brooklyn,Boerum Hill Polygon,2026-07-12,1,MONDAY,100,3.5,1,0,1,8.0000000000000000,0E-20,1,0.00,0.00,0.00,0.00,0.00
119,535 W 43rd Street,US,NY,New York,Hell's Kitchen Polygon,2026-07-19,2,MONDAY,63,1.0,1,0,0,8.0000000000000000,0E-20,1,0.00,0.00,0.00,0.00,0.00
93,Union Channel ,US,NY,Brooklyn,Boerum Hill Polygon,2026-07-05,4,THURSDAY,39,4.0,0,0,1,8.0000000000000000,0E-20,1,0.00,0.00,0.00,0.00,0.00
93,Union Channel ,US,NY,Brooklyn,Boerum Hill Polygon,2026-07-26,3,FRIDAY,100,3.5,0,0,1,8.0000000000000000,0E-20,1,0.00,0.00,0.00,0.00,0.00
10,829 Garfield,US,NJ,Jersey City,Floating Jersey,2026-07-12,1,THURSDAY,139,1.5,0,1,0,8.0000000000000000,0E-20,1,0.00,0.00,0.00,0.00,0.00
150,Quantum on the Bay Condominium,US,FL,Miami,Edgewater Polygon,2026-07-12,1,MONDAY,134,1.0,1,0,0,8.0000000000000000,0E-20,1,0.00,0.00,0.00,0.00,0.00
44,330W-56th,US,NY,New York,Hell's Kitchen Polygon,2026-07-19,2,THURSDAY,63,2.5,3,0,0,8.0000000000000000,0E-20,1,0.00,0.00,0.00,0.00,0.00
194,The Atelier Condo NYC,US,NY,New York,Hell's Kitchen Polygon,2026-07-26,3,THURSDAY,63,3.0,4,0,0,8.0000000000000000,0E-20,1,0.00,0.00,0.00,0.00,0.00
129,544 Carroll,US,NY,Brooklyn,Boerum Hill Polygon,2026-07-26,3,THURSDAY,96,5.5,0,0,1,8.0000000000000000,0E-20,1,0.00,0.00,0.00,0.00,0.00
44,330W-56th,US,NY,New York,Hell's Kitchen Polygon,2026-07-12,1,WEDNESDAY,73,2.0,1,1,0,8.0000000000000000,0E-20,1,0.00,0.00,0.00,0.00,0.00
212,39 New York Ave,US,NJ,Jersey City,Hoboken Polygon,2026-07-19,2,THURSDAY,65,0,0,0,0,8.0000000000000000,0E-20,1,0.00,0.00,0.00,0.00,0.00
203,Venetia Condominium,US,FL,Miami,Edgewater Polygon,2026-07-26,3,TUESDAY,134,3.5,0,0,1,8.0000000000000000,0E-20,1,0.00,0.00,0.00,0.00,0.00
119,535 W 43rd Street,US,NY,New York,Hell's Kitchen Polygon,2026-07-05,4,MONDAY,73,1.5,2,0,0,8.0000000000000000,0E-20,1,0.00,0.00,0.00,0.00,0.00
249,605 West 42nd Street,US,NY,New York,Hell's Kitchen Polygon,2026-07-26,3,THURSDAY,63,3.0,4,0,0,8.0000000000000000,0E-20,1,0.00,0.00,0.00,0.00,0.00
207,561 10th Avenue,US,NY,New York,Hell's Kitchen Polygon,2026-07-05,4,WEDNESDAY,63,1.5,3,0,0,8.0000000000000000,0E-20,1,0.00,0.00,0.00,0.00,0.00
8,One Ten,US,NJ,Jersey City,Hoboken Polygon,2026-07-19,2,MONDAY,139,3.0,1,1,0,8.0000000000000000,0E-20,1,0.00,0.00,0.00,0.00,0.00
54,Nine 52,US,NY,New York,Hell's Kitchen Polygon,2026-07-12,1,THURSDAY,36,2.5,1,1,0,8.0000000000000000,0E-20,1,0.00,0.00,0.00,0.00,0.00
212,39 New York Ave,US,NJ,Jersey City,Hoboken Polygon,2026-07-19,2,FRIDAY,139,0.5,1,0,0,8.0000000000000000,0E-20,1,0.00,0.00,0.00,0.00,0.00
93,Union Channel ,US,NY,Brooklyn,Boerum Hill Polygon,2026-07-12,1,TUESDAY,96,7.0,0,0,2,8.0000000000000000,0,1,0.00,0.00,0.00,0.00,0.00
213,1330 West Avenue,US,FL,Miami Beach,Miami Beach Polygon,2026-07-05,4,FRIDAY,118,2.0,3,0,0,8.0000000000000000,0E-20,1,0.00,0.00,0.00,0.00,0.00
92,The Buchanan,US,NY,New York,Floating NY 1,2026-07-12,1,WEDNESDAY,77,2.0,0,1,0,8.0000000000000000,0E-20,1,0.00,0.00,0.00,0.00,0.00
171,22 Skyview Apartments,US,FL,Miami,Edgewater Polygon,2026-07-26,3,WEDNESDAY,138,2.5,1,1,0,8.0000000000000000,0E-20,1,0.00,0.00,0.00,0.00,0.00
54,Nine 52,US,NY,New York,Hell's Kitchen Polygon,2026-07-05,4,WEDNESDAY,73,0.5,1,0,0,8.0000000000000000,0E-20,1,0.00,0.00,0.00,0.00,0.00
230,378 Bergen Street,US,NY,Brooklyn,Boerum Hill Polygon,2026-07-12,1,WEDNESDAY,39,3.0,1,1,0,8.0000000000000000,0E-20,1,0.00,0.00,0.00,0.00,0.00
6,100 House,US,NJ,Jersey City,Hoboken Polygon,2026-07-05,4,TUESDAY,139,4.5,1,0,1,8.0000000000000000,0E-20,1,0.00,0.00,0.00,0.00,0.00
61,Stonehill,US,NJ,West Orange,Chatham / West Orange Polygon,2026-07-12,1,MONDAY,64,5.0,1,0,1,8.0000000000000000,0E-20,1,0.00,0.00,0.00,0.00,0.00
198,Quantum on the Bay,US,FL,Miami,Edgewater Polygon,2026-07-12,1,WEDNESDAY,134,4.0,0,1,1,8.0000000000000000,0E-20,1,0.00,0.00,0.00,0.00,0.00
191,2001 Biscayne Boulevard,US,FL,Miami,Edgewater Polygon,2026-07-26,3,WEDNESDAY,134,1.5,0,1,0,8.0000000000000000,0E-20,1,0.00,0.00,0.00,0.00,0.00
115,Grove Central Residences,US,FL,Miami,Flow Brickell Polygon,2026-07-05,4,THURSDAY,92,8.0,0,0,1,8.0000000000000000,0,1,0.00,0.00,0.00,0.00,0.00
119,535 W 43rd Street,US,NY,New York,Hell's Kitchen Polygon,2026-07-19,2,FRIDAY,73,1.0,2,0,0,8.0000000000000000,0E-20,1,0.00,0.00,0.00,0.00,0.00
199,1800 Club,US,FL,Miami,Edgewater Polygon,2026-07-05,4,THURSDAY,138,0.5,1,0,0,8.0000000000000000,0E-20,1,0.00,0.00,0.00,0.00,0.00
98,345 Baldwin Avenue,US,NJ,Jersey City,Floating Jersey,2026-07-05,4,WEDNESDAY,139,1.0,1,0,0,8.0000000000000000,0E-20,1,0.00,0.00,0.00,0.00,0.00
214,1 Boerum Place,US,NY,Brooklyn,Brooklyn Heights Polygon,2026-07-26,3,THURSDAY,39,6.5,0,0,1,8.0000000000000000,0E-20,1,0.00,0.00,0.00,0.00,0.00
53,The Eddy,US,NJ,Harrison,Harrison Polygon,2026-07-12,1,WEDNESDAY,15,8.0,0,0,1,8.0000000000000000,0,1,0.00,0.00,0.00,0.00,0.00
213,1330 West Avenue,US,FL,Miami Beach,Miami Beach Polygon,2026-07-19,2,MONDAY,118,1.0,2,0,0,8.0000000000000000,0E-20,1,0.00,0.00,0.00,0.00,0.00
212,39 New York Ave,US,NJ,Jersey City,Hoboken Polygon,2026-07-05,4,MONDAY,139,0,0,0,0,8.0000000000000000,0E-20,1,0.00,0.00,0.00,0.00,0.00
133,2000 Biscayne,US,FL,Miami,Edgewater Polygon,2026-07-26,3,FRIDAY,138,6.0,1,0,1,8.0000000000000000,0E-20,1,0.00,0.00,0.00,0.00,0.00
198,Quantum on the Bay,US,FL,Miami,Edgewater Polygon,2026-07-05,4,THURSDAY,134,4.5,1,0,1,8.0000000000000000,0E-20,1,0.00,0.00,0.00,0.00,0.00
214,1 Boerum Place,US,NY,Brooklyn,Brooklyn Heights Polygon,2026-07-05,4,MONDAY,77,2.0,3,0,0,8.0000000000000000,0E-20,1,0.00,0.00,0.00,0.00,0.00
126,The Landing,US,NY,Brooklyn,Brooklyn Heights Polygon,2026-07-05,4,FRIDAY,39,5.0,0,0,1,8.0000000000000000,0E-20,1,0.00,0.00,0.00,0.00,0.00
230,378 Bergen Street,US,NY,Brooklyn,Boerum Hill Polygon,2026-07-05,4,THURSDAY,39,4.0,0,0,1,8.0000000000000000,0E-20,1,0.00,0.00,0.00,0.00,0.00
114,20 Broad Street,US,NY,New York,Financial District Polygon,2026-07-05,4,TUESDAY,39,3.5,0,0,1,8.0000000000000000,0E-20,1,0.00,0.00,0.00,0.00,0.00
54,Nine 52,US,NY,New York,Hell's Kitchen Polygon,2026-07-12,1,THURSDAY,73,0.5,1,0,0,8.0000000000000000,0E-20,1,0.00,0.00,0.00,0.00,0.00
124,The Kestrel,US,NY,Brooklyn,Floating NY 2,2026-07-05,4,MONDAY,39,8.0,0,0,1,8.0000000000000000,0,1,0.00,0.00,0.00,0.00,0.00
249,605 West 42nd Street,US,NY,New York,Hell's Kitchen Polygon,2026-07-05,4,MONDAY,97,3.0,1,0,1,8.0000000000000000,0E-20,1,0.00,0.00,0.00,0.00,0.00
221,Mirador 1000,US,FL,Miami Beach,Miami Beach Polygon,2026-07-05,4,MONDAY,118,3.5,3,1,0,8.0000000000000000,0E-20,1,0.00,0.00,0.00,0.00,0.00
153,Watermarc at Biscayne Bay,US,FL,Miami,Edgewater Polygon,2026-07-26,3,TUESDAY,138,7.5,0,0,2,8.0000000000000000,0E-16,1,0.00,0.00,0.00,0.00,0.00
54,Nine 52,US,NY,New York,Hell's Kitchen Polygon,2026-07-19,2,WEDNESDAY,63,2.0,0,1,0,8.0000000000000000,0E-20,1,0.00,0.00,0.00,0.00,0.00
230,378 Bergen Street,US,NY,Brooklyn,Boerum Hill Polygon,2026-07-26,3,FRIDAY,100,3.5,0,0,1,8.0000000000000000,0E-20,1,0.00,0.00,0.00,0.00,0.00
117,The Landon,US,NY,New York,Hell's Kitchen Polygon,2026-07-19,2,THURSDAY,60,0,0,0,0,8.0000000000000000,0E-20,1,0.00,0.00,0.00,0.00,0.00
151,Cite On The Bay,US,FL,Miami,Edgewater Polygon,2026-07-26,3,MONDAY,138,2.5,0,0,1,8.0000000000000000,0E-20,1,0.00,0.00,0.00,0.00,0.00
194,The Atelier Condo NYC,US,NY,New York,Hell's Kitchen Polygon,2026-07-05,4,MONDAY,97,3.0,1,0,1,8.0000000000000000,0E-20,1,0.00,0.00,0.00,0.00,0.00
9,The Enclave,US,NJ,Jersey City,Hoboken Polygon,2026-07-19,2,WEDNESDAY,65,0.5,1,0,0,8.0000000000000000,0E-20,1,0.00,0.00,0.00,0.00,0.00
112,Plank Road,US,NY,Brooklyn,Boerum Hill Polygon,2026-07-26,3,MONDAY,100,6.0,1,0,1,8.0000000000000000,0E-20,1,0.00,0.00,0.00,0.00,0.00
230,378 Bergen Street,US,NY,Brooklyn,Boerum Hill Polygon,2026-07-12,1,TUESDAY,96,7.0,0,0,2,8.0000000000000000,0,1,0.00,0.00,0.00,0.00,0.00
203,Venetia Condominium,US,FL,Miami,Edgewater Polygon,2026-07-19,2,WEDNESDAY,138,1.5,0,1,0,8.0000000000000000,0E-20,1,0.00,0.00,0.00,0.00,0.00
260,Cocoa Exchange,US,NY,New York,Financial District Polygon,2026-07-26,3,WEDNESDAY,45,6.0,0,0,1,8.0000000000000000,0E-20,1,0.00,0.00,0.00,0.00,0.00
120,66 Rockwell Place,US,NY,Brooklyn,Brooklyn Heights Polygon,2026-07-26,3,WEDNESDAY,39,3.0,1,1,0,8.0000000000000000,0E-20,1,0.00,0.00,0.00,0.00,0.00
121,Flamingo Point Center Tower,US,FL,Miami Beach,Miami Beach Polygon,2026-07-26,3,TUESDAY,137,2.5,1,1,0,8.0000000000000000,0E-20,1,0.00,0.00,0.00,0.00,0.00
269,20 Exchange Place,US,NY,New York,Financial District Polygon,2026-07-05,4,FRIDAY,39,5.0,0,0,1,8.0000000000000000,0E-20,1,0.00,0.00,0.00,0.00,0.00
199,1800 Club,US,FL,Miami,Edgewater Polygon,2026-07-12,1,WEDNESDAY,138,4.5,1,0,1,8.0000000000000000,0E-20,1,0.00,0.00,0.00,0.00,0.00
53,The Eddy,US,NJ,Harrison,Harrison Polygon,2026-07-05,4,THURSDAY,15,7.0,0,0,2,8.0000000000000000,0E-20,1,0.00,0.00,0.00,0.00,0.00
119,535 W 43rd Street,US,NY,New York,Hell's Kitchen Polygon,2026-07-05,4,FRIDAY,63,0,0,0,0,8.0000000000000000,0E-20,1,0.00,0.00,0.00,0.00,0.00
221,Mirador 1000,US,FL,Miami Beach,Miami Beach Polygon,2026-07-05,4,WEDNESDAY,137,1.0,2,0,0,8.0000000000000000,0E-20,1,0.00,0.00,0.00,0.00,0.00
93,Union Channel ,US,NY,Brooklyn,Boerum Hill Polygon,2026-07-12,1,FRIDAY,100,2.5,0,0,1,8.0000000000000000,0E-20,1,0.00,0.00,0.00,0.00,0.00
118,The Bergen,US,NY,Brooklyn,Boerum Hill Polygon,2026-07-19,2,WEDNESDAY,96,8.0,0,0,1,8.0000000000000000,0,1,0.00,0.00,0.00,0.00,0.00
122,Flamingo Point North Tower,US,FL,Miami Beach,Miami Beach Polygon,2026-07-19,2,FRIDAY,110,0.5,1,0,0,8.0000000000000000,0E-20,1,0.00,0.00,0.00,0.00,0.00
10,829 Garfield,US,NJ,Jersey City,Floating Jersey,2026-07-26,3,THURSDAY,139,3.0,1,0,1,8.0000000000000000,0E-20,1,0.00,0.00,0.00,0.00,0.00
194,The Atelier Condo NYC,US,NY,New York,Hell's Kitchen Polygon,2026-07-12,1,THURSDAY,63,1.0,1,0,0,8.0000000000000000,0E-20,1,0.00,0.00,0.00,0.00,0.00
129,544 Carroll,US,NY,Brooklyn,Boerum Hill Polygon,2026-07-12,1,THURSDAY,96,5.5,0,0,2,8.0000000000000000,0E-20,1,0.00,0.00,0.00,0.00,0.00
197,251 NE 20th St apt 3506,US,FL,Miami,Edgewater Polygon,2026-07-05,4,FRIDAY,134,0.5,1,0,0,8.0000000000000000,0E-20,1,0.00,0.00,0.00,0.00,0.00
150,Quantum on the Bay Condominium,US,FL,Miami,Edgewater Polygon,2026-07-26,3,MONDAY,134,4.5,0,0,1,8.0000000000000000,0E-20,1,0.00,0.00,0.00,0.00,0.00
119,535 W 43rd Street,US,NY,New York,Hell's Kitchen Polygon,2026-07-19,2,TUESDAY,60,3.5,1,0,1,8.0000000000000000,0E-20,1,0.00,0.00,0.00,0.00,0.00
207,561 10th Avenue,US,NY,New York,Hell's Kitchen Polygon,2026-07-19,2,FRIDAY,97,4.5,1,0,1,8.0000000000000000,0E-20,1,0.00,0.00,0.00,0.00,0.00
194,The Atelier Condo NYC,US,NY,New York,Hell's Kitchen Polygon,2026-07-19,2,WEDNESDAY,73,0.5,1,0,0,8.0000000000000000,0E-20,1,0.00,0.00,0.00,0.00,0.00
130,Arabella 101,US,NY,New York,Floating NY 2,2026-07-19,2,TUESDAY,39,3.0,2,1,0,8.0000000000000000,0E-20,1,0.00,0.00,0.00,0.00,0.00
249,605 West 42nd Street,US,NY,New York,Hell's Kitchen Polygon,2026-07-19,2,WEDNESDAY,73,0.5,1,0,0,8.0000000000000000,0E-20,1,0.00,0.00,0.00,0.00,0.00
203,Venetia Condominium,US,FL,Miami,Edgewater Polygon,2026-07-12,1,TUESDAY,134,2.5,0,0,1,8.0000000000000000,0E-20,1,0.00,0.00,0.00,0.00,0.00
249,605 West 42nd Street,US,NY,New York,Hell's Kitchen Polygon,2026-07-12,1,THURSDAY,63,1.0,1,0,0,8.0000000000000000,0E-20,1,0.00,0.00,0.00,0.00,0.00
129,544 Carroll,US,NY,Brooklyn,Boerum Hill Polygon,2026-07-05,4,TUESDAY,39,3.5,0,0,1,8.0000000000000000,0E-20,1,0.00,0.00,0.00,0.00,0.00
204,1717 North Bayshore Drive,US,FL,Miami,Edgewater Polygon,2026-07-26,3,FRIDAY,134,1.0,1,0,0,8.0000000000000000,0E-20,1,0.00,0.00,0.00,0.00,0.00
183,1800 North Bayshore Drive,US,FL,Miami,Edgewater Polygon,2026-07-26,3,MONDAY,134,4.5,0,0,1,8.0000000000000000,0E-20,1,0.00,0.00,0.00,0.00,0.00
104,Midtown 5,US,FL,Miami,,2026-07-19,2,TUESDAY,138,0.5,1,0,0,8.0000000000000000,0E-20,1,0.00,0.00,0.00,0.00,0.00
194,The Atelier Condo NYC,US,NY,New York,Hell's Kitchen Polygon,2026-07-05,4,WEDNESDAY,63,1.5,3,0,0,8.0000000000000000,0E-20,1,0.00,0.00,0.00,0.00,0.00
129,544 Carroll,US,NY,Brooklyn,Boerum Hill Polygon,2026-07-05,4,WEDNESDAY,96,7.5,0,0,2,8.0000000000000000,0,1,0.00,0.00,0.00,0.00,0.00
276,1510 Bay Road,US,FL,Miami Beach,Miami Beach Polygon,2026-07-12,1,FRIDAY,118,1.0,2,0,0,8.0000000000000000,0E-20,1,0.00,0.00,0.00,0.00,0.00
93,Union Channel ,US,NY,Brooklyn,Boerum Hill Polygon,2026-07-26,3,WEDNESDAY,39,3.0,1,1,0,8.0000000000000000,0E-20,1,0.00,0.00,0.00,0.00,0.00
221,Mirador 1000,US,FL,Miami Beach,Miami Beach Polygon,2026-07-12,1,THURSDAY,137,2.5,1,1,0,8.0000000000000000,0E-20,1,0.00,0.00,0.00,0.00,0.00
127,220 East 72nd Street,US,NY,New York,Floating NY 2,2026-07-12,1,TUESDAY,39,5.0,1,0,1,8.0000000000000000,0E-20,1,0.00,0.00,0.00,0.00,0.00
198,Quantum on the Bay,US,FL,Miami,Edgewater Polygon,2026-07-19,2,TUESDAY,138,0.5,1,0,0,8.0000000000000000,0E-20,1,0.00,0.00,0.00,0.00,0.00
126,The Landing,US,NY,Brooklyn,Brooklyn Heights Polygon,2026-07-19,2,WEDNESDAY,77,8.0,0,0,1,8.0000000000000000,0,1,0.00,0.00,0.00,0.00,0.00
207,561 10th Avenue,US,NY,New York,Hell's Kitchen Polygon,2026-07-26,3,THURSDAY,63,3.0,4,0,0,8.0000000000000000,0E-20,1,0.00,0.00,0.00,0.00,0.00
44,330W-56th,US,NY,New York,Hell's Kitchen Polygon,2026-07-12,1,FRIDAY,97,3.0,2,1,0,8.0000000000000000,0E-20,1,0.00,0.00,0.00,0.00,0.00
118,The Bergen,US,NY,Brooklyn,Boerum Hill Polygon,2026-07-19,2,TUESDAY,39,3.0,2,1,0,8.0000000000000000,0E-20,1,0.00,0.00,0.00,0.00,0.00
213,1330 West Avenue,US,FL,Miami Beach,Miami Beach Polygon,2026-07-19,2,WEDNESDAY,137,4.0,1,0,1,8.0000000000000000,0E-20,1,0.00,0.00,0.00,0.00,0.00
220,Bay Parc,US,FL,Miami,Edgewater Polygon,2026-07-05,4,MONDAY,134,0,0,0,0,8.0000000000000000,0E-20,1,0.00,0.00,0.00,0.00,0.00
111,Brooklyn Crossing,US,NY,Brooklyn,Boerum Hill Polygon,2026-07-26,3,MONDAY,39,4.5,0,1,1,8.0000000000000000,0E-20,1,0.00,0.00,0.00,0.00,0.00
68,655 Union,US,NY,Brooklyn,Boerum Hill Polygon,2026-07-26,3,MONDAY,100,6.0,1,0,1,8.0000000000000000,0E-20,1,0.00,0.00,0.00,0.00,0.00
41,John Street 116,US,NY,New York,Financial District Polygon,2026-07-05,4,FRIDAY,39,5.0,0,0,1,8.0000000000000000,0E-20,1,0.00,0.00,0.00,0.00,0.00
169,Aria on the Bay Condominium Association  INC,US,FL,Miami,Edgewater Polygon,2026-07-19,2,FRIDAY,134,2.5,1,1,0,8.0000000000000000,0E-20,1,0.00,0.00,0.00,0.00,0.00
54,Nine 52,US,NY,New York,Hell's Kitchen Polygon,2026-07-19,2,MONDAY,97,3.5,3,1,0,8.0000000000000000,0E-20,1,0.00,0.00,0.00,0.00,0.00
17,River Place,US,NY,New York,Hell's Kitchen Polygon,2026-07-19,2,TUESDAY,73,0.5,1,0,0,8.0000000000000000,0E-20,1,0.00,0.00,0.00,0.00,0.00
249,605 West 42nd Street,US,NY,New York,Hell's Kitchen Polygon,2026-07-05,4,WEDNESDAY,63,1.5,3,0,0,8.0000000000000000,0E-20,1,0.00,0.00,0.00,0.00,0.00
134,Livana East Hanover,US,NJ,East Hanover,Chatham / West Orange Polygon,2026-07-05,4,TUESDAY,64,6.0,0,1,1,8.0000000000000000,0E-20,1,0.00,0.00,0.00,0.00,0.00
191,2001 Biscayne Boulevard,US,FL,Miami,Edgewater Polygon,2026-07-05,4,THURSDAY,134,4.5,1,0,1,8.0000000000000000,0E-20,1,0.00,0.00,0.00,0.00,0.00
171,22 Skyview Apartments,US,FL,Miami,Edgewater Polygon,2026-07-05,4,THURSDAY,138,0.5,1,0,0,8.0000000000000000,0E-20,1,0.00,0.00,0.00,0.00,0.00
42,The Ivy,US,NJ,Chatham,Chatham / West Orange Polygon,2026-07-05,4,TUESDAY,64,6.0,0,1,1,8.0000000000000000,0E-20,1,0.00,0.00,0.00,0.00,0.00
54,Nine 52,US,NY,New York,Hell's Kitchen Polygon,2026-07-26,3,THURSDAY,73,1.5,2,0,0,8.0000000000000000,0E-20,1,0.00,0.00,0.00,0.00,0.00
215,Elysee Miami,US,FL,Miami,Edgewater Polygon,2026-07-26,3,FRIDAY,138,6.0,1,0,1,8.0000000000000000,0E-20,1,0.00,0.00,0.00,0.00,0.00
153,Watermarc at Biscayne Bay,US,FL,Miami,Edgewater Polygon,2026-07-12,1,TUESDAY,138,6.0,0,2,1,8.0000000000000000,0E-20,1,0.00,0.00,0.00,0.00,0.00
151,Cite On The Bay,US,FL,Miami,Edgewater Polygon,2026-07-12,1,MONDAY,138,2.5,0,0,1,8.0000000000000000,0E-20,1,0.00,0.00,0.00,0.00,0.00
140,Southgate Towers,US,FL,Miami Beach,Miami Beach Polygon,2026-07-19,2,TUESDAY,118,7.0,1,0,1,8.0000000000000000,0E-16,1,0.00,0.00,0.00,0.00,0.00
230,378 Bergen Street,US,NY,Brooklyn,Boerum Hill Polygon,2026-07-12,1,FRIDAY,100,2.5,0,0,1,8.0000000000000000,0E-20,1,0.00,0.00,0.00,0.00,0.00
119,535 W 43rd Street,US,NY,New York,Hell's Kitchen Polygon,2026-07-19,2,WEDNESDAY,97,0.5,1,0,0,8.0000000000000000,0E-20,1,0.00,0.00,0.00,0.00,0.00
112,Plank Road,US,NY,Brooklyn,Boerum Hill Polygon,2026-07-12,1,MONDAY,100,3.5,1,0,1,8.0000000000000000,0E-20,1,0.00,0.00,0.00,0.00,0.00
230,378 Bergen Street,US,NY,Brooklyn,Boerum Hill Polygon,2026-07-26,3,TUESDAY,96,6.0,1,0,1,8.0000000000000000,0E-20,1,0.00,0.00,0.00,0.00,0.00
220,Bay Parc,US,FL,Miami,Edgewater Polygon,2026-07-19,2,FRIDAY,134,2.5,1,1,0,8.0000000000000000,0E-20,1,0.00,0.00,0.00,0.00,0.00
120,66 Rockwell Place,US,NY,Brooklyn,Brooklyn Heights Polygon,2026-07-12,1,WEDNESDAY,39,3.0,1,1,0,8.0000000000000000,0E-20,1,0.00,0.00,0.00,0.00,0.00
260,Cocoa Exchange,US,NY,New York,Financial District Polygon,2026-07-12,1,WEDNESDAY,45,4.5,0,0,1,8.0000000000000000,0E-20,1,0.00,0.00,0.00,0.00,0.00
41,John Street 116,US,NY,New York,Financial District Polygon,2026-07-19,2,MONDAY,39,4.0,0,0,1,8.0000000000000000,0E-20,1,0.00,0.00,0.00,0.00,0.00
199,1800 Club,US,FL,Miami,Edgewater Polygon,2026-07-26,3,WEDNESDAY,138,2.5,1,1,0,8.0000000000000000,0E-20,1,0.00,0.00,0.00,0.00,0.00
98,345 Baldwin Avenue,US,NJ,Jersey City,Floating Jersey,2026-07-26,3,THURSDAY,139,3.0,1,0,1,8.0000000000000000,0E-20,1,0.00,0.00,0.00,0.00,0.00
68,655 Union,US,NY,Brooklyn,Boerum Hill Polygon,2026-07-19,2,THURSDAY,39,3.0,1,0,1,8.0000000000000000,0E-20,1,0.00,0.00,0.00,0.00,0.00
214,1 Boerum Place,US,NY,Brooklyn,Brooklyn Heights Polygon,2026-07-05,4,WEDNESDAY,39,3.5,1,0,1,8.0000000000000000,0E-20,1,0.00,0.00,0.00,0.00,0.00
169,Aria on the Bay Condominium Association  INC,US,FL,Miami,Edgewater Polygon,2026-07-05,4,MONDAY,134,0,0,0,0,8.0000000000000000,0E-20,1,0.00,0.00,0.00,0.00,0.00
54,Nine 52,US,NY,New York,Hell's Kitchen Polygon,2026-07-05,4,FRIDAY,97,0.5,1,0,0,8.0000000000000000,0E-20,1,0.00,0.00,0.00,0.00,0.00
51,300 Somerset,US,NJ,Harrison,Harrison Polygon,2026-07-19,2,THURSDAY,15,5.5,2,0,1,8.0000000000000000,0E-20,1,0.00,0.00,0.00,0.00,0.00
180,1800 Biscayne Plaza,US,FL,Miami,Edgewater Polygon,2026-07-26,3,FRIDAY,134,1.0,1,0,0,8.0000000000000000,0E-20,1,0.00,0.00,0.00,0.00,0.00
230,378 Bergen Street,US,NY,Brooklyn,Boerum Hill Polygon,2026-07-26,3,WEDNESDAY,39,3.0,1,1,0,8.0000000000000000,0E-20,1,0.00,0.00,0.00,0.00,0.00
61,Stonehill,US,NJ,West Orange,Chatham / West Orange Polygon,2026-07-26,3,MONDAY,64,6.5,1,0,1,8.0000000000000000,0E-20,1,0.00,0.00,0.00,0.00,0.00
171,22 Skyview Apartments,US,FL,Miami,Edgewater Polygon,2026-07-12,1,WEDNESDAY,138,4.5,1,0,1,8.0000000000000000,0E-20,1,0.00,0.00,0.00,0.00,0.00
197,251 NE 20th St apt 3506,US,FL,Miami,Edgewater Polygon,2026-07-19,2,MONDAY,134,0.5,1,0,0,8.0000000000000000,0E-20,1,0.00,0.00,0.00,0.00,0.00
207,561 10th Avenue,US,NY,New York,Hell's Kitchen Polygon,2026-07-05,4,MONDAY,97,3.0,1,0,1,8.0000000000000000,0E-20,1,0.00,0.00,0.00,0.00,0.00
128,250 E Houston,US,NY,New York,Floating NY 2,2026-07-19,2,THURSDAY,39,3.0,1,0,1,8.0000000000000000,0E-20,1,0.00,0.00,0.00,0.00,0.00
198,Quantum on the Bay,US,FL,Miami,Edgewater Polygon,2026-07-26,3,WEDNESDAY,134,1.5,0,1,0,8.0000000000000000,0E-20,1,0.00,0.00,0.00,0.00,0.00
191,2001 Biscayne Boulevard,US,FL,Miami,Edgewater Polygon,2026-07-12,1,WEDNESDAY,134,4.0,0,1,1,8.0000000000000000,0E-20,1,0.00,0.00,0.00,0.00,0.00
76,Woodside Central,US,NY,Queens,Floating NY 1,2026-07-19,2,THURSDAY,36,3.5,1,0,1,8.0000000000000000,0E-20,1,0.00,0.00,0.00,0.00,0.00
140,Southgate Towers,US,FL,Miami Beach,Miami Beach Polygon,2026-07-05,4,THURSDAY,110,2.0,3,0,0,8.0000000000000000,0E-20,1,0.00,0.00,0.00,0.00,0.00
53,The Eddy,US,NJ,Harrison,Harrison Polygon,2026-07-26,3,WEDNESDAY,15,8.0,0,0,1,8.0000000000000000,0,1,0.00,0.00,0.00,0.00,0.00
214,1 Boerum Place,US,NY,Brooklyn,Brooklyn Heights Polygon,2026-07-12,1,THURSDAY,39,3.5,1,0,1,8.0000000000000000,0E-20,1,0.00,0.00,0.00,0.00,0.00
120,66 Rockwell Place,US,NY,Brooklyn,Brooklyn Heights Polygon,2026-07-05,4,THURSDAY,39,4.0,0,0,1,8.0000000000000000,0E-20,1,0.00,0.00,0.00,0.00,0.00
260,Cocoa Exchange,US,NY,New York,Financial District Polygon,2026-07-05,4,THURSDAY,45,5.5,2,0,1,8.0000000000000000,0E-20,1,0.00,0.00,0.00,0.00,0.00
76,Woodside Central,US,NY,Queens,Floating NY 1,2026-07-19,2,WEDNESDAY,36,1.5,2,0,0,8.0000000000000000,0E-20,1,0.00,0.00,0.00,0.00,0.00
169,Aria on the Bay Condominium Association  INC,US,FL,Miami,Edgewater Polygon,2026-07-12,1,MONDAY,134,1.0,1,0,0,8.0000000000000000,0E-20,1,0.00,0.00,0.00,0.00,0.00
140,Southgate Towers,US,FL,Miami Beach,Miami Beach Polygon,2026-07-05,4,WEDNESDAY,110,0.5,1,0,0,8.0000000000000000,0E-20,1,0.00,0.00,0.00,0.00,0.00
54,Nine 52,US,NY,New York,Hell's Kitchen Polygon,2026-07-12,1,FRIDAY,97,3.0,2,1,0,8.0000000000000000,0E-20,1,0.00,0.00,0.00,0.00,0.00
214,1 Boerum Place,US,NY,Brooklyn,Brooklyn Heights Polygon,2026-07-12,1,WEDNESDAY,39,3.0,1,1,0,8.0000000000000000,0E-20,1,0.00,0.00,0.00,0.00,0.00
119,535 W 43rd Street,US,NY,New York,Hell's Kitchen Polygon,2026-07-26,3,FRIDAY,63,4.5,1,0,1,8.0000000000000000,0E-20,1,0.00,0.00,0.00,0.00,0.00
194,The Atelier Condo NYC,US,NY,New York,Hell's Kitchen Polygon,2026-07-26,3,MONDAY,97,1.0,2,0,0,8.0000000000000000,0E-20,1,0.00,0.00,0.00,0.00,0.00
112,Plank Road,US,NY,Brooklyn,Boerum Hill Polygon,2026-07-05,4,MONDAY,100,3.0,2,1,0,8.0000000000000000,0E-20,1,0.00,0.00,0.00,0.00,0.00
44,330W-56th,US,NY,New York,Hell's Kitchen Polygon,2026-07-19,2,MONDAY,97,3.5,3,1,0,8.0000000000000000,0E-20,1,0.00,0.00,0.00,0.00,0.00
120,66 Rockwell Place,US,NY,Brooklyn,Brooklyn Heights Polygon,2026-07-05,4,WEDNESDAY,39,3.5,1,0,1,8.0000000000000000,0E-20,1,0.00,0.00,0.00,0.00,0.00
260,Cocoa Exchange,US,NY,New York,Financial District Polygon,2026-07-05,4,WEDNESDAY,45,1.5,2,0,0,8.0000000000000000,0E-20,1,0.00,0.00,0.00,0.00,0.00
269,20 Exchange Place,US,NY,New York,Financial District Polygon,2026-07-26,3,FRIDAY,39,4.5,1,0,1,8.0000000000000000,0E-20,1,0.00,0.00,0.00,0.00,0.00
126,The Landing,US,NY,Brooklyn,Brooklyn Heights Polygon,2026-07-26,3,FRIDAY,39,4.5,1,0,1,8.0000000000000000,0E-20,1,0.00,0.00,0.00,0.00,0.00
230,378 Bergen Street,US,NY,Brooklyn,Boerum Hill Polygon,2026-07-26,3,THURSDAY,39,6.5,0,0,1,8.0000000000000000,0E-20,1,0.00,0.00,0.00,0.00,0.00
114,20 Broad Street,US,NY,New York,Financial District Polygon,2026-07-26,3,TUESDAY,39,7.0,0,1,1,8.0000000000000000,0E-20,1,0.00,0.00,0.00,0.00,0.00
124,The Kestrel,US,NY,Brooklyn,Floating NY 2,2026-07-26,3,MONDAY,39,4.5,0,1,1,8.0000000000000000,0E-20,1,0.00,0.00,0.00,0.00,0.00
249,605 West 42nd Street,US,NY,New York,Hell's Kitchen Polygon,2026-07-26,3,MONDAY,97,1.0,2,0,0,8.0000000000000000,0E-20,1,0.00,0.00,0.00,0.00,0.00
221,Mirador 1000,US,FL,Miami Beach,Miami Beach Polygon,2026-07-26,3,MONDAY,118,3.0,0,0,1,8.0000000000000000,0E-20,1,0.00,0.00,0.00,0.00,0.00
153,Watermarc at Biscayne Bay,US,FL,Miami,Edgewater Polygon,2026-07-05,4,TUESDAY,138,4.0,1,0,1,8.0000000000000000,0E-20,1,0.00,0.00,0.00,0.00,0.00
230,378 Bergen Street,US,NY,Brooklyn,Boerum Hill Polygon,2026-07-05,4,FRIDAY,100,6.0,0,0,1,8.0000000000000000,0E-20,1,0.00,0.00,0.00,0.00,0.00
128,250 E Houston,US,NY,New York,Floating NY 2,2026-07-19,2,WEDNESDAY,39,3.5,1,0,1,8.0000000000000000,0E-20,1,0.00,0.00,0.00,0.00,0.00
68,655 Union,US,NY,Brooklyn,Boerum Hill Polygon,2026-07-19,2,TUESDAY,96,7.0,0,0,2,8.0000000000000000,0,1,0.00,0.00,0.00,0.00,0.00
198,Quantum on the Bay,US,FL,Miami,Edgewater Polygon,2026-07-26,3,THURSDAY,134,3.0,1,0,1,8.0000000000000000,0E-20,1,0.00,0.00,0.00,0.00,0.00
149,Opera Tower,US,FL,Miami,Edgewater Polygon,2026-07-26,3,MONDAY,138,2.5,0,0,1,8.0000000000000000,0E-20,1,0.00,0.00,0.00,0.00,0.00
191,2001 Biscayne Boulevard,US,FL,Miami,Edgewater Polygon,2026-07-12,1,THURSDAY,134,2.5,0,0,1,8.0000000000000000,0E-20,1,0.00,0.00,0.00,0.00,0.00
276,1510 Bay Road,US,FL,Miami Beach,Miami Beach Polygon,2026-07-19,2,MONDAY,118,1.0,2,0,0,8.0000000000000000,0E-20,1,0.00,0.00,0.00,0.00,0.00
134,Livana East Hanover,US,NJ,East Hanover,Chatham / West Orange Polygon,2026-07-12,1,TUESDAY,64,4.0,0,0,1,8.0000000000000000,0E-20,1,0.00,0.00,0.00,0.00,0.00
214,1 Boerum Place,US,NY,Brooklyn,Brooklyn Heights Polygon,2026-07-26,3,MONDAY,77,5.5,1,0,1,8.0000000000000000,0E-20,1,0.00,0.00,0.00,0.00,0.00
212,39 New York Ave,US,NJ,Jersey City,Hoboken Polygon,2026-07-26,3,MONDAY,139,3.0,1,1,0,8.0000000000000000,0E-20,1,0.00,0.00,0.00,0.00,0.00
260,Cocoa Exchange,US,NY,New York,Financial District Polygon,2026-07-12,1,THURSDAY,45,5.0,0,1,1,8.0000000000000000,0E-20,1,0.00,0.00,0.00,0.00,0.00
8,One Ten,US,NJ,Jersey City,Hoboken Polygon,2026-07-26,3,FRIDAY,139,5.0,0,0,1,8.0000000000000000,0E-20,1,0.00,0.00,0.00,0.00,0.00
120,66 Rockwell Place,US,NY,Brooklyn,Brooklyn Heights Polygon,2026-07-12,1,THURSDAY,39,3.5,1,0,1,8.0000000000000000,0E-20,1,0.00,0.00,0.00,0.00,0.00
115,Grove Central Residences,US,FL,Miami,Flow Brickell Polygon,2026-07-26,3,THURSDAY,92,5.5,1,0,1,8.0000000000000000,0E-20,1,0.00,0.00,0.00,0.00,0.00
199,1800 Club,US,FL,Miami,Edgewater Polygon,2026-07-26,3,THURSDAY,138,2.0,3,0,0,8.0000000000000000,0E-20,1,0.00,0.00,0.00,0.00,0.00
68,655 Union,US,NY,Brooklyn,Boerum Hill Polygon,2026-07-19,2,WEDNESDAY,39,3.5,1,0,1,8.0000000000000000,0E-20,1,0.00,0.00,0.00,0.00,0.00
98,345 Baldwin Avenue,US,NJ,Jersey City,Floating Jersey,2026-07-26,3,WEDNESDAY,139,1.5,2,0,0,8.0000000000000000,0E-20,1,0.00,0.00,0.00,0.00,0.00
214,1 Boerum Place,US,NY,Brooklyn,Brooklyn Heights Polygon,2026-07-05,4,THURSDAY,39,4.0,0,0,1,8.0000000000000000,0E-20,1,0.00,0.00,0.00,0.00,0.00
51,300 Somerset,US,NJ,Harrison,Harrison Polygon,2026-07-19,2,WEDNESDAY,15,7.0,0,0,2,8.0000000000000000,0,1,0.00,0.00,0.00,0.00,0.00
207,561 10th Avenue,US,NY,New York,Hell's Kitchen Polygon,2026-07-12,1,MONDAY,97,2.5,4,0,0,8.0000000000000000,0E-20,1,0.00,0.00,0.00,0.00,0.00
191,2001 Biscayne Boulevard,US,FL,Miami,Edgewater Polygon,2026-07-05,4,WEDNESDAY,134,0,0,0,0,8.0000000000000000,0E-20,1,0.00,0.00,0.00,0.00,0.00
171,22 Skyview Apartments,US,FL,Miami,Edgewater Polygon,2026-07-05,4,WEDNESDAY,138,1.5,2,0,0,8.0000000000000000,0E-20,1,0.00,0.00,0.00,0.00,0.00
6,100 House,US,NJ,Jersey City,Hoboken Polygon,2026-07-26,3,TUESDAY,139,7.5,0,1,1,8.0000000000000000,0E-16,1,0.00,0.00,0.00,0.00,0.00
122,Flamingo Point North Tower,US,FL,Miami Beach,Miami Beach Polygon,2026-07-12,1,MONDAY,110,2.5,2,1,0,8.0000000000000000,0E-20,1,0.00,0.00,0.00,0.00,0.00
93,Union Channel ,US,NY,Brooklyn,Boerum Hill Polygon,2026-07-19,2,MONDAY,100,5.0,1,0,1,8.0000000000000000,0E-20,1,0.00,0.00,0.00,0.00,0.00
126,The Landing,US,NY,Brooklyn,Brooklyn Heights Polygon,2026-07-19,2,THURSDAY,77,8.0,0,0,1,8.0000000000000000,0,1,0.00,0.00,0.00,0.00,0.00
207,561 10th Avenue,US,NY,New York,Hell's Kitchen Polygon,2026-07-26,3,WEDNESDAY,63,2.0,3,0,0,8.0000000000000000,0E-20,1,0.00,0.00,0.00,0.00,0.00
213,1330 West Avenue,US,FL,Miami Beach,Miami Beach Polygon,2026-07-19,2,THURSDAY,137,0,0,0,0,8.0000000000000000,0E-20,1,0.00,0.00,0.00,0.00,0.00
133,2000 Biscayne,US,FL,Miami,Edgewater Polygon,2026-07-19,2,MONDAY,138,4.0,2,0,1,8.0000000000000000,0E-20,1,0.00,0.00,0.00,0.00,0.00
213,1330 West Avenue,US,FL,Miami Beach,Miami Beach Polygon,2026-07-26,3,FRIDAY,118,1.5,2,0,0,8.0000000000000000,0E-20,1,0.00,0.00,0.00,0.00,0.00
203,Venetia Condominium,US,FL,Miami,Edgewater Polygon,2026-07-05,4,TUESDAY,134,0.5,1,0,0,8.0000000000000000,0E-20,1,0.00,0.00,0.00,0.00,0.00
119,535 W 43rd Street,US,NY,New York,Hell's Kitchen Polygon,2026-07-26,3,MONDAY,73,4.0,3,0,1,8.0000000000000000,0E-20,1,0.00,0.00,0.00,0.00,0.00
131,The Addison,US,NY,Brooklyn,Brooklyn Heights Polygon,2026-07-19,2,TUESDAY,77,8.0,0,0,1,8.0000000000000000,0,1,0.00,0.00,0.00,0.00,0.00
249,605 West 42nd Street,US,NY,New York,Hell's Kitchen Polygon,2026-07-05,4,THURSDAY,63,2.5,2,1,0,8.0000000000000000,0E-20,1,0.00,0.00,0.00,0.00,0.00
129,544 Carroll,US,NY,Brooklyn,Boerum Hill Polygon,2026-07-12,1,TUESDAY,39,5.0,1,0,1,8.0000000000000000,0E-20,1,0.00,0.00,0.00,0.00,0.00
260,Cocoa Exchange,US,NY,New York,Financial District Polygon,2026-07-19,2,TUESDAY,39,3.0,2,1,0,8.0000000000000000,0E-20,1,0.00,0.00,0.00,0.00,0.00
194,The Atelier Condo NYC,US,NY,New York,Hell's Kitchen Polygon,2026-07-05,4,THURSDAY,63,2.5,2,1,0,8.0000000000000000,0E-20,1,0.00,0.00,0.00,0.00,0.00
129,544 Carroll,US,NY,Brooklyn,Boerum Hill Polygon,2026-07-05,4,THURSDAY,96,2.5,0,0,1,8.0000000000000000,0E-20,1,0.00,0.00,0.00,0.00,0.00
221,Mirador 1000,US,FL,Miami Beach,Miami Beach Polygon,2026-07-12,1,WEDNESDAY,137,0.5,1,0,0,8.0000000000000000,0E-20,1,0.00,0.00,0.00,0.00,0.00
93,Union Channel ,US,NY,Brooklyn,Boerum Hill Polygon,2026-07-26,3,THURSDAY,39,6.5,0,0,1,8.0000000000000000,0E-20,1,0.00,0.00,0.00,0.00,0.00
93,Union Channel ,US,NY,Brooklyn,Boerum Hill Polygon,2026-07-05,4,FRIDAY,100,6.0,0,0,1,8.0000000000000000,0E-20,1,0.00,0.00,0.00,0.00,0.00
249,605 West 42nd Street,US,NY,New York,Hell's Kitchen Polygon,2026-07-19,2,THURSDAY,73,1.0,2,0,0,8.0000000000000000,0E-20,1,0.00,0.00,0.00,0.00,0.00
41,John Street 116,US,NY,New York,Financial District Polygon,2026-07-12,1,FRIDAY,39,8.0,0,0,1,8.0000000000000000,0,1,0.00,0.00,0.00,0.00,0.00
249,605 West 42nd Street,US,NY,New York,Hell's Kitchen Polygon,2026-07-12,1,WEDNESDAY,63,2.0,0,1,0,8.0000000000000000,0E-20,1,0.00,0.00,0.00,0.00,0.00
112,Plank Road,US,NY,Brooklyn,Boerum Hill Polygon,2026-07-19,2,FRIDAY,100,6.0,0,0,1,8.0000000000000000,0E-20,1,0.00,0.00,0.00,0.00,0.00
139,Bay Parc Apartments,US,FL,Miami,Edgewater Polygon,2026-07-26,3,WEDNESDAY,134,1.5,0,1,0,8.0000000000000000,0E-20,1,0.00,0.00,0.00,0.00,0.00
220,Bay Parc,US,FL,Miami,Edgewater Polygon,2026-07-12,1,MONDAY,134,1.0,1,0,0,8.0000000000000000,0E-20,1,0.00,0.00,0.00,0.00,0.00
127,220 East 72nd Street,US,NY,New York,Floating NY 2,2026-07-05,4,TUESDAY,39,3.5,0,0,1,8.0000000000000000,0E-20,1,0.00,0.00,0.00,0.00,0.00
221,Mirador 1000,US,FL,Miami Beach,Miami Beach Polygon,2026-07-05,4,THURSDAY,137,2.5,1,1,0,8.0000000000000000,0E-20,1,0.00,0.00,0.00,0.00,0.00
230,378 Bergen Street,US,NY,Brooklyn,Boerum Hill Polygon,2026-07-19,2,MONDAY,100,5.0,1,0,1,8.0000000000000000,0E-20,1,0.00,0.00,0.00,0.00,0.00
118,The Bergen,US,NY,Brooklyn,Boerum Hill Polygon,2026-07-19,2,THURSDAY,96,2.5,1,1,0,8.0000000000000000,0E-20,1,0.00,0.00,0.00,0.00,0.00
10,829 Garfield,US,NJ,Jersey City,Floating Jersey,2026-07-26,3,WEDNESDAY,139,1.5,2,0,0,8.0000000000000000,0E-20,1,0.00,0.00,0.00,0.00,0.00
15,Silver Towers,US,NY,New York,Hell's Kitchen Polygon,2026-07-26,3,TUESDAY,73,0.5,1,0,0,8.0000000000000000,0E-20,1,0.00,0.00,0.00,0.00,0.00
129,544 Carroll,US,NY,Brooklyn,Boerum Hill Polygon,2026-07-12,1,WEDNESDAY,96,2.5,1,1,0,8.0000000000000000,0E-20,1,0.00,0.00,0.00,0.00,0.00
194,The Atelier Condo NYC,US,NY,New York,Hell's Kitchen Polygon,2026-07-12,1,WEDNESDAY,63,2.0,0,1,0,8.0000000000000000,0E-20,1,0.00,0.00,0.00,0.00,0.00
194,The Atelier Condo NYC,US,NY,New York,Hell's Kitchen Polygon,2026-07-19,2,THURSDAY,73,1.0,2,0,0,8.0000000000000000,0E-20,1,0.00,0.00,0.00,0.00,0.00
17,River Place,US,NY,New York,Hell's Kitchen Polygon,2026-07-26,3,MONDAY,60,3.0,2,1,0,8.0000000000000000,0E-20,1,0.00,0.00,0.00,0.00,0.00
276,1510 Bay Road,US,FL,Miami Beach,Miami Beach Polygon,2026-07-05,4,FRIDAY,118,2.0,3,0,0,8.0000000000000000,0E-20,1,0.00,0.00,0.00,0.00,0.00
44,330W-56th,US,NY,New York,Hell's Kitchen Polygon,2026-07-26,3,THURSDAY,73,1.5,2,0,0,8.0000000000000000,0E-20,1,0.00,0.00,0.00,0.00,0.00
171,22 Skyview Apartments,US,FL,Miami,Edgewater Polygon,2026-07-19,2,WEDNESDAY,138,1.5,0,1,0,8.0000000000000000,0E-20,1,0.00,0.00,0.00,0.00,0.00
205,1 River Place,US,NY,New York,Hell's Kitchen Polygon,2026-07-26,3,WEDNESDAY,60,4.0,1,0,1,8.0000000000000000,0E-20,1,0.00,0.00,0.00,0.00,0.00
93,Union Channel ,US,NY,Brooklyn,Boerum Hill Polygon,2026-07-05,4,MONDAY,100,3.0,2,1,0,8.0000000000000000,0E-20,1,0.00,0.00,0.00,0.00,0.00
197,251 NE 20th St apt 3506,US,FL,Miami,Edgewater Polygon,2026-07-12,1,MONDAY,134,1.0,1,0,0,8.0000000000000000,0E-20,1,0.00,0.00,0.00,0.00,0.00
128,250 E Houston,US,NY,New York,Floating NY 2,2026-07-12,1,THURSDAY,39,3.5,1,0,1,8.0000000000000000,0E-20,1,0.00,0.00,0.00,0.00,0.00
191,2001 Biscayne Boulevard,US,FL,Miami,Edgewater Polygon,2026-07-19,2,WEDNESDAY,134,3.5,1,0,1,8.0000000000000000,0E-20,1,0.00,0.00,0.00,0.00,0.00
119,535 W 43rd Street,US,NY,New York,Hell's Kitchen Polygon,2026-07-26,3,FRIDAY,73,1.0,2,0,0,8.0000000000000000,0E-20,1,0.00,0.00,0.00,0.00,0.00
214,1 Boerum Place,US,NY,Brooklyn,Brooklyn Heights Polygon,2026-07-19,2,THURSDAY,39,3.0,1,0,1,8.0000000000000000,0E-20,1,0.00,0.00,0.00,0.00,0.00
68,655 Union,US,NY,Brooklyn,Boerum Hill Polygon,2026-07-05,4,WEDNESDAY,39,3.5,1,0,1,8.0000000000000000,0E-20,1,0.00,0.00,0.00,0.00,0.00
213,1330 West Avenue,US,FL,Miami Beach,Miami Beach Polygon,2026-07-26,3,MONDAY,118,3.0,0,0,1,8.0000000000000000,0E-20,1,0.00,0.00,0.00,0.00,0.00
68,655 Union,US,NY,Brooklyn,Boerum Hill Polygon,2026-07-05,4,TUESDAY,96,8.0,0,0,1,8.0000000000000000,0,1,0.00,0.00,0.00,0.00,0.00
128,250 E Houston,US,NY,New York,Floating NY 2,2026-07-05,4,WEDNESDAY,39,3.5,1,0,1,8.0000000000000000,0E-20,1,0.00,0.00,0.00,0.00,0.00
276,1510 Bay Road,US,FL,Miami Beach,Miami Beach Polygon,2026-07-05,4,MONDAY,118,3.5,3,1,0,8.0000000000000000,0E-20,1,0.00,0.00,0.00,0.00,0.00
54,Nine 52,US,NY,New York,Hell's Kitchen Polygon,2026-07-26,3,WEDNESDAY,63,2.0,3,0,0,8.0000000000000000,0E-20,1,0.00,0.00,0.00,0.00,0.00
230,378 Bergen Street,US,NY,Brooklyn,Boerum Hill Polygon,2026-07-19,2,FRIDAY,100,6.0,0,0,1,8.0000000000000000,0E-20,1,0.00,0.00,0.00,0.00,0.00
151,Cite On The Bay,US,FL,Miami,Edgewater Polygon,2026-07-19,2,MONDAY,138,4.0,2,0,1,8.0000000000000000,0E-20,1,0.00,0.00,0.00,0.00,0.00
140,Southgate Towers,US,FL,Miami Beach,Miami Beach Polygon,2026-07-12,1,TUESDAY,118,1.5,3,0,0,8.0000000000000000,0E-20,1,0.00,0.00,0.00,0.00,0.00
119,535 W 43rd Street,US,NY,New York,Hell's Kitchen Polygon,2026-07-12,1,WEDNESDAY,97,0,0,0,0,8.0000000000000000,0E-20,1,0.00,0.00,0.00,0.00,0.00
44,330W-56th,US,NY,New York,Hell's Kitchen Polygon,2026-07-05,4,MONDAY,97,3.0,1,0,1,8.0000000000000000,0E-20,1,0.00,0.00,0.00,0.00,0.00
112,Plank Road,US,NY,Brooklyn,Boerum Hill Polygon,2026-07-19,2,MONDAY,100,5.0,1,0,1,8.0000000000000000,0E-20,1,0.00,0.00,0.00,0.00,0.00
9,The Enclave,US,NJ,Jersey City,Hoboken Polygon,2026-07-26,3,WEDNESDAY,65,3.5,1,0,1,8.0000000000000000,0E-20,1,0.00,0.00,0.00,0.00,0.00
111,Brooklyn Crossing,US,NY,Brooklyn,Boerum Hill Polygon,2026-07-12,1,THURSDAY,100,6.0,0,0,1,8.0000000000000000,0E-20,1,0.00,0.00,0.00,0.00,0.00
121,Flamingo Point Center Tower,US,FL,Miami Beach,Miami Beach Polygon,2026-07-19,2,TUESDAY,137,3.0,0,2,0,8.0000000000000000,0E-20,1,0.00,0.00,0.00,0.00,0.00
120,66 Rockwell Place,US,NY,Brooklyn,Brooklyn Heights Polygon,2026-07-19,2,WEDNESDAY,39,3.5,1,0,1,8.0000000000000000,0E-20,1,0.00,0.00,0.00,0.00,0.00
260,Cocoa Exchange,US,NY,New York,Financial District Polygon,2026-07-19,2,WEDNESDAY,45,5.5,0,1,1,8.0000000000000000,0E-20,1,0.00,0.00,0.00,0.00,0.00
203,Venetia Condominium,US,FL,Miami,Edgewater Polygon,2026-07-26,3,WEDNESDAY,138,2.5,1,1,0,8.0000000000000000,0E-20,1,0.00,0.00,0.00,0.00,0.00
76,Woodside Central,US,NY,Queens,Floating NY 1,2026-07-05,4,WEDNESDAY,36,0,0,0,0,8.0000000000000000,0E-20,1,0.00,0.00,0.00,0.00,0.00
41,John Street 116,US,NY,New York,Financial District Polygon,2026-07-12,1,MONDAY,39,5.5,0,0,1,8.0000000000000000,0E-20,1,0.00,0.00,0.00,0.00,0.00
68,655 Union,US,NY,Brooklyn,Boerum Hill Polygon,2026-07-12,1,THURSDAY,39,3.5,1,0,1,8.0000000000000000,0E-20,1,0.00,0.00,0.00,0.00,0.00
140,Southgate Towers,US,FL,Miami Beach,Miami Beach Polygon,2026-07-19,2,WEDNESDAY,110,5.0,0,0,1,8.0000000000000000,0E-20,1,0.00,0.00,0.00,0.00,0.00
276,1510 Bay Road,US,FL,Miami Beach,Miami Beach Polygon,2026-07-26,3,THURSDAY,137,3.0,1,1,0,8.0000000000000000,0E-20,1,0.00,0.00,0.00,0.00,0.00
149,Opera Tower,US,FL,Miami,Edgewater Polygon,2026-07-26,3,FRIDAY,138,6.0,1,0,1,8.0000000000000000,0E-20,1,0.00,0.00,0.00,0.00,0.00
276,1510 Bay Road,US,FL,Miami Beach,Miami Beach Polygon,2026-07-19,2,FRIDAY,118,1.0,1,0,0,8.0000000000000000,0E-20,1,0.00,0.00,0.00,0.00,0.00
194,The Atelier Condo NYC,US,NY,New York,Hell's Kitchen Polygon,2026-07-05,4,THURSDAY,73,1.5,3,0,0,8.0000000000000000,0E-20,1,0.00,0.00,0.00,0.00,0.00
171,22 Skyview Apartments,US,FL,Miami,Edgewater Polygon,2026-07-26,3,TUESDAY,134,3.5,0,0,1,8.0000000000000000,0E-20,1,0.00,0.00,0.00,0.00,0.00
214,1 Boerum Place,US,NY,Brooklyn,Brooklyn Heights Polygon,2026-07-26,3,FRIDAY,77,8.0,0,0,1,8.0000000000000000,0,1,0.00,0.00,0.00,0.00,0.00
221,Mirador 1000,US,FL,Miami Beach,Miami Beach Polygon,2026-07-19,2,THURSDAY,137,0,0,0,0,8.0000000000000000,0E-20,1,0.00,0.00,0.00,0.00,0.00
126,The Landing,US,NY,Brooklyn,Brooklyn Heights Polygon,2026-07-26,3,MONDAY,39,4.5,0,1,1,8.0000000000000000,0E-20,1,0.00,0.00,0.00,0.00,0.00
191,2001 Biscayne Boulevard,US,FL,Miami,Edgewater Polygon,2026-07-26,3,TUESDAY,138,7.5,0,0,2,8.0000000000000000,0E-16,1,0.00,0.00,0.00,0.00,0.00
127,220 East 72nd Street,US,NY,New York,Floating NY 2,2026-07-19,2,TUESDAY,39,3.0,2,1,0,8.0000000000000000,0E-20,1,0.00,0.00,0.00,0.00,0.00
123,Flamingo South Beach,US,FL,Miami Beach,Miami Beach Polygon,2026-07-19,2,WEDNESDAY,110,5.0,0,0,1,8.0000000000000000,0E-20,1,0.00,0.00,0.00,0.00,0.00
124,The Kestrel,US,NY,Brooklyn,Floating NY 2,2026-07-26,3,FRIDAY,39,4.5,1,0,1,8.0000000000000000,0E-20,1,0.00,0.00,0.00,0.00,0.00
249,605 West 42nd Street,US,NY,New York,Hell's Kitchen Polygon,2026-07-26,3,FRIDAY,97,2.0,1,1,0,8.0000000000000000,0E-20,1,0.00,0.00,0.00,0.00,0.00
221,Mirador 1000,US,FL,Miami Beach,Miami Beach Polygon,2026-07-26,3,FRIDAY,118,1.5,2,0,0,8.0000000000000000,0E-20,1,0.00,0.00,0.00,0.00,0.00
198,Quantum on the Bay,US,FL,Miami,Edgewater Polygon,2026-07-12,1,TUESDAY,138,6.0,0,2,1,8.0000000000000000,0E-20,1,0.00,0.00,0.00,0.00,0.00
118,The Bergen,US,NY,Brooklyn,Boerum Hill Polygon,2026-07-05,4,THURSDAY,96,2.5,0,0,1,8.0000000000000000,0E-20,1,0.00,0.00,0.00,0.00,0.00
230,378 Bergen Street,US,NY,Brooklyn,Boerum Hill Polygon,2026-07-05,4,MONDAY,100,3.0,2,1,0,8.0000000000000000,0E-20,1,0.00,0.00,0.00,0.00,0.00
194,The Atelier Condo NYC,US,NY,New York,Hell's Kitchen Polygon,2026-07-26,3,FRIDAY,97,2.0,1,1,0,8.0000000000000000,0E-20,1,0.00,0.00,0.00,0.00,0.00
213,1330 West Avenue,US,FL,Miami Beach,Miami Beach Polygon,2026-07-12,1,WEDNESDAY,137,0.5,1,0,0,8.0000000000000000,0E-20,1,0.00,0.00,0.00,0.00,0.00
112,Plank Road,US,NY,Brooklyn,Boerum Hill Polygon,2026-07-05,4,FRIDAY,100,6.0,0,0,1,8.0000000000000000,0E-20,1,0.00,0.00,0.00,0.00,0.00
44,330W-56th,US,NY,New York,Hell's Kitchen Polygon,2026-07-19,2,FRIDAY,97,4.5,1,0,1,8.0000000000000000,0E-20,1,0.00,0.00,0.00,0.00,0.00
118,The Bergen,US,NY,Brooklyn,Boerum Hill Polygon,2026-07-12,1,TUESDAY,39,5.0,1,0,1,8.0000000000000000,0E-20,1,0.00,0.00,0.00,0.00,0.00
112,Plank Road,US,NY,Brooklyn,Boerum Hill Polygon,2026-07-26,3,THURSDAY,39,6.5,0,0,1,8.0000000000000000,0E-20,1,0.00,0.00,0.00,0.00,0.00
207,561 10th Avenue,US,NY,New York,Hell's Kitchen Polygon,2026-07-26,3,WEDNESDAY,73,0,0,0,0,8.0000000000000000,0E-20,1,0.00,0.00,0.00,0.00,0.00
269,20 Exchange Place,US,NY,New York,Financial District Polygon,2026-07-26,3,MONDAY,39,4.5,0,1,1,8.0000000000000000,0E-20,1,0.00,0.00,0.00,0.00,0.00
249,605 West 42nd Street,US,NY,New York,Hell's Kitchen Polygon,2026-07-05,4,THURSDAY,73,1.5,3,0,0,8.0000000000000000,0E-20,1,0.00,0.00,0.00,0.00,0.00
54,Nine 52,US,NY,New York,Hell's Kitchen Polygon,2026-07-12,1,MONDAY,97,2.5,4,0,0,8.0000000000000000,0E-20,1,0.00,0.00,0.00,0.00,0.00
17,River Place,US,NY,New York,Hell's Kitchen Polygon,2026-07-12,1,TUESDAY,73,2.0,0,1,0,8.0000000000000000,0E-20,1,0.00,0.00,0.00,0.00,0.00
119,535 W 43rd Street,US,NY,New York,Hell's Kitchen Polygon,2026-07-26,3,MONDAY,63,2.5,3,0,0,8.0000000000000000,0E-20,1,0.00,0.00,0.00,0.00,0.00
122,Flamingo Point North Tower,US,FL,Miami Beach,Miami Beach Polygon,2026-07-12,1,FRIDAY,110,0,0,0,0,8.0000000000000000,0E-20,1,0.00,0.00,0.00,0.00,0.00
118,The Bergen,US,NY,Brooklyn,Boerum Hill Polygon,2026-07-12,1,WEDNESDAY,96,2.5,1,1,0,8.0000000000000000,0E-20,1,0.00,0.00,0.00,0.00,0.00
93,Union Channel ,US,NY,Brooklyn,Boerum Hill Polygon,2026-07-19,2,FRIDAY,100,6.0,0,0,1,8.0000000000000000,0E-20,1,0.00,0.00,0.00,0.00,0.00
129,544 Carroll,US,NY,Brooklyn,Boerum Hill Polygon,2026-07-19,2,THURSDAY,96,2.5,1,1,0,8.0000000000000000,0E-20,1,0.00,0.00,0.00,0.00,0.00
194,The Atelier Condo NYC,US,NY,New York,Hell's Kitchen Polygon,2026-07-19,2,THURSDAY,63,2.5,3,0,0,8.0000000000000000,0E-20,1,0.00,0.00,0.00,0.00,0.00
119,535 W 43rd Street,US,NY,New York,Hell's Kitchen Polygon,2026-07-12,1,TUESDAY,60,3.5,2,0,1,8.0000000000000000,0E-20,1,0.00,0.00,0.00,0.00,0.00
44,330W-56th,US,NY,New York,Hell's Kitchen Polygon,2026-07-26,3,THURSDAY,63,3.0,4,0,0,8.0000000000000000,0E-20,1,0.00,0.00,0.00,0.00,0.00
260,Cocoa Exchange,US,NY,New York,Financial District Polygon,2026-07-05,4,TUESDAY,39,3.5,0,0,1,8.0000000000000000,0E-20,1,0.00,0.00,0.00,0.00,0.00
207,561 10th Avenue,US,NY,New York,Hell's Kitchen Polygon,2026-07-12,1,FRIDAY,97,3.0,2,1,0,8.0000000000000000,0E-20,1,0.00,0.00,0.00,0.00,0.00
194,The Atelier Condo NYC,US,NY,New York,Hell's Kitchen Polygon,2026-07-12,1,WEDNESDAY,73,2.0,1,1,0,8.0000000000000000,0E-20,1,0.00,0.00,0.00,0.00,0.00
130,Arabella 101,US,NY,New York,Floating NY 2,2026-07-12,1,TUESDAY,39,5.0,1,0,1,8.0000000000000000,0E-20,1,0.00,0.00,0.00,0.00,0.00
249,605 West 42nd Street,US,NY,New York,Hell's Kitchen Polygon,2026-07-12,1,WEDNESDAY,73,2.0,1,1,0,8.0000000000000000,0E-20,1,0.00,0.00,0.00,0.00,0.00
212,39 New York Ave,US,NJ,Jersey City,Hoboken Polygon,2026-07-26,3,THURSDAY,65,2.0,1,1,0,8.0000000000000000,0E-20,1,0.00,0.00,0.00,0.00,0.00
249,605 West 42nd Street,US,NY,New York,Hell's Kitchen Polygon,2026-07-19,2,THURSDAY,63,2.5,3,0,0,8.0000000000000000,0E-20,1,0.00,0.00,0.00,0.00,0.00
114,20 Broad Street,US,NY,New York,Financial District Polygon,2026-07-26,3,WEDNESDAY,45,6.0,0,0,1,8.0000000000000000,0E-20,1,0.00,0.00,0.00,0.00,0.00
131,The Addison,US,NY,Brooklyn,Brooklyn Heights Polygon,2026-07-05,4,TUESDAY,77,5.0,1,0,1,8.0000000000000000,0E-20,1,0.00,0.00,0.00,0.00,0.00
213,1330 West Avenue,US,FL,Miami Beach,Miami Beach Polygon,2026-07-05,4,THURSDAY,137,2.5,1,1,0,8.0000000000000000,0E-20,1,0.00,0.00,0.00,0.00,0.00
126,The Landing,US,NY,Brooklyn,Brooklyn Heights Polygon,2026-07-05,4,THURSDAY,77,5.5,0,0,2,8.0000000000000000,0E-20,1,0.00,0.00,0.00,0.00,0.00
142,One Harrison,US,NJ,Harrison,Harrison Polygon,2026-07-19,2,THURSDAY,139,4.0,0,0,1,8.0000000000000000,0E-20,1,0.00,0.00,0.00,0.00,0.00
212,39 New York Ave,US,NJ,Jersey City,Hoboken Polygon,2026-07-26,3,FRIDAY,139,5.0,0,0,1,8.0000000000000000,0E-20,1,0.00,0.00,0.00,0.00,0.00
199,1800 Club,US,FL,Miami,Edgewater Polygon,2026-07-12,1,TUESDAY,134,2.5,0,0,1,8.0000000000000000,0E-20,1,0.00,0.00,0.00,0.00,0.00
8,One Ten,US,NJ,Jersey City,Hoboken Polygon,2026-07-26,3,MONDAY,139,3.0,1,1,0,8.0000000000000000,0E-20,1,0.00,0.00,0.00,0.00,0.00
249,605 West 42nd Street,US,NY,New York,Hell's Kitchen Polygon,2026-07-12,1,THURSDAY,73,0.5,1,0,0,8.0000000000000000,0E-20,1,0.00,0.00,0.00,0.00,0.00
41,John Street 116,US,NY,New York,Financial District Polygon,2026-07-19,2,FRIDAY,39,5.0,0,0,1,8.0000000000000000,0E-20,1,0.00,0.00,0.00,0.00,0.00
122,Flamingo Point North Tower,US,FL,Miami Beach,Miami Beach Polygon,2026-07-26,3,TUESDAY,137,2.5,1,1,0,8.0000000000000000,0E-20,1,0.00,0.00,0.00,0.00,0.00
212,39 New York Ave,US,NJ,Jersey City,Hoboken Polygon,2026-07-26,3,WEDNESDAY,65,3.5,1,0,1,8.0000000000000000,0E-20,1,0.00,0.00,0.00,0.00,0.00
249,605 West 42nd Street,US,NY,New York,Hell's Kitchen Polygon,2026-07-19,2,WEDNESDAY,63,2.0,0,1,0,8.0000000000000000,0E-20,1,0.00,0.00,0.00,0.00,0.00
17,River Place,US,NY,New York,Hell's Kitchen Polygon,2026-07-05,4,TUESDAY,73,0,0,0,0,8.0000000000000000,0E-20,1,0.00,0.00,0.00,0.00,0.00
54,Nine 52,US,NY,New York,Hell's Kitchen Polygon,2026-07-05,4,MONDAY,97,3.0,1,0,1,8.0000000000000000,0E-20,1,0.00,0.00,0.00,0.00,0.00
169,Aria on the Bay Condominium Association  INC,US,FL,Miami,Edgewater Polygon,2026-07-05,4,FRIDAY,134,0.5,1,0,0,8.0000000000000000,0E-20,1,0.00,0.00,0.00,0.00,0.00
180,1800 Biscayne Plaza,US,FL,Miami,Edgewater Polygon,2026-07-26,3,MONDAY,134,4.5,0,0,1,8.0000000000000000,0E-20,1,0.00,0.00,0.00,0.00,0.00
213,1330 West Avenue,US,FL,Miami Beach,Miami Beach Polygon,2026-07-05,4,WEDNESDAY,137,1.0,2,0,0,8.0000000000000000,0E-20,1,0.00,0.00,0.00,0.00,0.00
118,The Bergen,US,NY,Brooklyn,Boerum Hill Polygon,2026-07-05,4,TUESDAY,39,3.5,0,0,1,8.0000000000000000,0E-20,1,0.00,0.00,0.00,0.00,0.00
112,Plank Road,US,NY,Brooklyn,Boerum Hill Polygon,2026-07-12,1,FRIDAY,100,2.5,0,0,1,8.0000000000000000,0E-20,1,0.00,0.00,0.00,0.00,0.00
126,The Landing,US,NY,Brooklyn,Brooklyn Heights Polygon,2026-07-05,4,WEDNESDAY,77,1.5,2,0,0,8.0000000000000000,0E-20,1,0.00,0.00,0.00,0.00,0.00
220,Bay Parc,US,FL,Miami,Edgewater Polygon,2026-07-19,2,MONDAY,134,0.5,1,0,0,8.0000000000000000,0E-20,1,0.00,0.00,0.00,0.00,0.00
112,Plank Road,US,NY,Brooklyn,Boerum Hill Polygon,2026-07-26,3,TUESDAY,96,6.0,1,0,1,8.0000000000000000,0E-20,1,0.00,0.00,0.00,0.00,0.00
215,Elysee Miami,US,FL,Miami,Edgewater Polygon,2026-07-26,3,MONDAY,138,2.5,0,0,1,8.0000000000000000,0E-20,1,0.00,0.00,0.00,0.00,0.00
198,Quantum on the Bay,US,FL,Miami,Edgewater Polygon,2026-07-05,4,TUESDAY,138,4.0,1,0,1,8.0000000000000000,0E-20,1,0.00,0.00,0.00,0.00,0.00
118,The Bergen,US,NY,Brooklyn,Boerum Hill Polygon,2026-07-12,1,THURSDAY,96,5.5,0,0,2,8.0000000000000000,0E-20,1,0.00,0.00,0.00,0.00,0.00
230,378 Bergen Street,US,NY,Brooklyn,Boerum Hill Polygon,2026-07-12,1,MONDAY,100,3.5,1,0,1,8.0000000000000000,0E-20,1,0.00,0.00,0.00,0.00,0.00
120,66 Rockwell Place,US,NY,Brooklyn,Brooklyn Heights Polygon,2026-07-26,3,FRIDAY,77,8.0,0,0,1,8.0000000000000000,0,1,0.00,0.00,0.00,0.00,0.00
194,The Atelier Condo NYC,US,NY,New York,Hell's Kitchen Polygon,2026-07-19,2,WEDNESDAY,63,2.0,0,1,0,8.0000000000000000,0E-20,1,0.00,0.00,0.00,0.00,0.00
129,544 Carroll,US,NY,Brooklyn,Boerum Hill Polygon,2026-07-19,2,WEDNESDAY,96,8.0,0,0,1,8.0000000000000000,0,1,0.00,0.00,0.00,0.00,0.00
153,Watermarc at Biscayne Bay,US,FL,Miami,Edgewater Polygon,2026-07-26,3,THURSDAY,134,3.0,1,0,1,8.0000000000000000,0E-20,1,0.00,0.00,0.00,0.00,0.00
117,The Landon,US,NY,New York,Hell's Kitchen Polygon,2026-07-26,3,TUESDAY,97,2.0,1,1,0,8.0000000000000000,0E-20,1,0.00,0.00,0.00,0.00,0.00
44,330W-56th,US,NY,New York,Hell's Kitchen Polygon,2026-07-26,3,WEDNESDAY,63,2.0,3,0,0,8.0000000000000000,0E-20,1,0.00,0.00,0.00,0.00,0.00
194,The Atelier Condo NYC,US,NY,New York,Hell's Kitchen Polygon,2026-07-12,1,THURSDAY,73,0.5,1,0,0,8.0000000000000000,0E-20,1,0.00,0.00,0.00,0.00,0.00
126,The Landing,US,NY,Brooklyn,Brooklyn Heights Polygon,2026-07-12,1,THURSDAY,77,6.0,0,0,1,8.0000000000000000,0E-20,1,0.00,0.00,0.00,0.00,0.00
213,1330 West Avenue,US,FL,Miami Beach,Miami Beach Polygon,2026-07-12,1,THURSDAY,137,2.5,1,1,0,8.0000000000000000,0E-20,1,0.00,0.00,0.00,0.00,0.00
133,2000 Biscayne,US,FL,Miami,Edgewater Polygon,2026-07-12,1,MONDAY,138,2.5,0,0,1,8.0000000000000000,0E-20,1,0.00,0.00,0.00,0.00,0.00
112,Plank Road,US,NY,Brooklyn,Boerum Hill Polygon,2026-07-26,3,WEDNESDAY,39,3.0,1,1,0,8.0000000000000000,0E-20,1,0.00,0.00,0.00,0.00,0.00
199,1800 Club,US,FL,Miami,Edgewater Polygon,2026-07-05,4,TUESDAY,134,0.5,1,0,0,8.0000000000000000,0E-20,1,0.00,0.00,0.00,0.00,0.00
207,561 10th Avenue,US,NY,New York,Hell's Kitchen Polygon,2026-07-26,3,THURSDAY,73,1.5,2,0,0,8.0000000000000000,0E-20,1,0.00,0.00,0.00,0.00,0.00
249,605 West 42nd Street,US,NY,New York,Hell's Kitchen Polygon,2026-07-05,4,WEDNESDAY,73,0.5,1,0,0,8.0000000000000000,0E-20,1,0.00,0.00,0.00,0.00,0.00
134,Livana East Hanover,US,NJ,East Hanover,Chatham / West Orange Polygon,2026-07-05,4,THURSDAY,54,8.0,0,0,1,8.0000000000000000,0,1,0.00,0.00,0.00,0.00,0.00
129,544 Carroll,US,NY,Brooklyn,Boerum Hill Polygon,2026-07-19,2,TUESDAY,39,3.0,2,1,0,8.0000000000000000,0E-20,1,0.00,0.00,0.00,0.00,0.00
276,1510 Bay Road,US,FL,Miami Beach,Miami Beach Polygon,2026-07-26,3,WEDNESDAY,137,4.5,0,1,1,8.0000000000000000,0E-20,1,0.00,0.00,0.00,0.00,0.00
197,251 NE 20th St apt 3506,US,FL,Miami,Edgewater Polygon,2026-07-19,2,FRIDAY,134,2.5,1,1,0,8.0000000000000000,0E-20,1,0.00,0.00,0.00,0.00,0.00
207,561 10th Avenue,US,NY,New York,Hell's Kitchen Polygon,2026-07-05,4,FRIDAY,97,0.5,1,0,0,8.0000000000000000,0E-20,1,0.00,0.00,0.00,0.00,0.00
260,Cocoa Exchange,US,NY,New York,Financial District Polygon,2026-07-12,1,TUESDAY,39,5.0,1,0,1,8.0000000000000000,0E-20,1,0.00,0.00,0.00,0.00,0.00
119,535 W 43rd Street,US,NY,New York,Hell's Kitchen Polygon,2026-07-05,4,TUESDAY,60,0,0,0,0,8.0000000000000000,0E-20,1,0.00,0.00,0.00,0.00,0.00
130,Arabella 101,US,NY,New York,Floating NY 2,2026-07-05,4,TUESDAY,39,3.5,0,0,1,8.0000000000000000,0E-20,1,0.00,0.00,0.00,0.00,0.00
194,The Atelier Condo NYC,US,NY,New York,Hell's Kitchen Polygon,2026-07-05,4,WEDNESDAY,73,0.5,1,0,0,8.0000000000000000,0E-20,1,0.00,0.00,0.00,0.00,0.00
221,Mirador 1000,US,FL,Miami Beach,Miami Beach Polygon,2026-07-19,2,WEDNESDAY,137,4.0,1,0,1,8.0000000000000000,0E-20,1,0.00,0.00,0.00,0.00,0.00
61,Stonehill,US,NJ,West Orange,Chatham / West Orange Polygon,2026-07-26,3,FRIDAY,64,6.5,0,0,1,8.0000000000000000,0E-20,1,0.00,0.00,0.00,0.00,0.00
145,Dey and Bergen,US,NJ,Harrison,Harrison Polygon,2026-07-26,3,TUESDAY,15,3.5,1,0,1,8.0000000000000000,0E-20,1,0.00,0.00,0.00,0.00,0.00
122,Flamingo Point North Tower,US,FL,Miami Beach,Miami Beach Polygon,2026-07-05,4,FRIDAY,110,1.0,2,0,0,8.0000000000000000,0E-20,1,0.00,0.00,0.00,0.00,0.00
118,The Bergen,US,NY,Brooklyn,Boerum Hill Polygon,2026-07-05,4,WEDNESDAY,96,7.5,0,0,2,8.0000000000000000,0,1,0.00,0.00,0.00,0.00,0.00
9,The Enclave,US,NJ,Jersey City,Hoboken Polygon,2026-07-26,3,THURSDAY,65,2.0,1,1,0,8.0000000000000000,0E-20,1,0.00,0.00,0.00,0.00,0.00
204,1717 North Bayshore Drive,US,FL,Miami,Edgewater Polygon,2026-07-26,3,MONDAY,134,4.5,0,0,1,8.0000000000000000,0E-20,1,0.00,0.00,0.00,0.00,0.00
63,Agnes,US,NJ,Jersey City,Floating Jersey,2026-07-26,3,FRIDAY,139,5.0,0,0,1,8.0000000000000000,0E-20,1,0.00,0.00,0.00,0.00,0.00
260,Cocoa Exchange,US,NY,New York,Financial District Polygon,2026-07-19,2,THURSDAY,45,4.5,1,0,1,8.0000000000000000,0E-20,1,0.00,0.00,0.00,0.00,0.00
120,66 Rockwell Place,US,NY,Brooklyn,Brooklyn Heights Polygon,2026-07-19,2,THURSDAY,39,3.0,1,0,1,8.0000000000000000,0E-20,1,0.00,0.00,0.00,0.00,0.00
203,Venetia Condominium,US,FL,Miami,Edgewater Polygon,2026-07-26,3,THURSDAY,138,2.0,3,0,0,8.0000000000000000,0E-20,1,0.00,0.00,0.00,0.00,0.00
76,Woodside Central,US,NY,Queens,Floating NY 1,2026-07-05,4,THURSDAY,36,1.0,2,0,0,8.0000000000000000,0E-20,1,0.00,0.00,0.00,0.00,0.00
194,The Atelier Condo NYC,US,NY,New York,Hell's Kitchen Polygon,2026-07-12,1,THURSDAY,36,2.5,1,1,0,8.0000000000000000,0E-20,1,0.00,0.00,0.00,0.00,0.00
9,The Enclave,US,NJ,Jersey City,Hoboken Polygon,2026-07-26,3,FRIDAY,139,5.0,0,0,1,8.0000000000000000,0E-20,1,0.00,0.00,0.00,0.00,0.00
68,655 Union,US,NY,Brooklyn,Boerum Hill Polygon,2026-07-12,1,WEDNESDAY,39,3.0,1,1,0,8.0000000000000000,0E-20,1,0.00,0.00,0.00,0.00,0.00
139,Bay Parc Apartments,US,FL,Miami,Edgewater Polygon,2026-07-12,1,TUESDAY,138,6.0,0,2,1,8.0000000000000000,0E-20,1,0.00,0.00,0.00,0.00,0.00
51,300 Somerset,US,NJ,Harrison,Harrison Polygon,2026-07-12,1,WEDNESDAY,15,8.0,0,0,1,8.0000000000000000,0,1,0.00,0.00,0.00,0.00,0.00
150,Quantum on the Bay Condominium,US,FL,Miami,Edgewater Polygon,2026-07-26,3,FRIDAY,134,1.0,1,0,0,8.0000000000000000,0E-20,1,0.00,0.00,0.00,0.00,0.00
197,251 NE 20th St apt 3506,US,FL,Miami,Edgewater Polygon,2026-07-05,4,MONDAY,134,0,0,0,0,8.0000000000000000,0E-20,1,0.00,0.00,0.00,0.00,0.00
128,250 E Houston,US,NY,New York,Floating NY 2,2026-07-05,4,THURSDAY,39,4.0,0,0,1,8.0000000000000000,0E-20,1,0.00,0.00,0.00,0.00,0.00
207,561 10th Avenue,US,NY,New York,Hell's Kitchen Polygon,2026-07-19,2,MONDAY,97,3.5,3,1,0,8.0000000000000000,0E-20,1,0.00,0.00,0.00,0.00,0.00
249,605 West 42nd Street,US,NY,New York,Hell's Kitchen Polygon,2026-07-12,1,THURSDAY,36,2.5,1,1,0,8.0000000000000000,0E-20,1,0.00,0.00,0.00,0.00,0.00
54,Nine 52,US,NY,New York,Hell's Kitchen Polygon,2026-07-26,3,THURSDAY,63,3.0,4,0,0,8.0000000000000000,0E-20,1,0.00,0.00,0.00,0.00,0.00
117,The Landon,US,NY,New York,Hell's Kitchen Polygon,2026-07-26,3,WEDNESDAY,60,4.0,1,0,1,8.0000000000000000,0E-20,1,0.00,0.00,0.00,0.00,0.00
93,Union Channel ,US,NY,Brooklyn,Boerum Hill Polygon,2026-07-12,1,MONDAY,100,3.5,1,0,1,8.0000000000000000,0E-20,1,0.00,0.00,0.00,0.00,0.00
122,Flamingo Point North Tower,US,FL,Miami Beach,Miami Beach Polygon,2026-07-19,2,MONDAY,110,3.0,2,1,0,8.0000000000000000,0E-20,1,0.00,0.00,0.00,0.00,0.00
119,535 W 43rd Street,US,NY,New York,Hell's Kitchen Polygon,2026-07-12,1,THURSDAY,97,1.5,2,0,0,8.0000000000000000,0E-20,1,0.00,0.00,0.00,0.00,0.00
68,655 Union,US,NY,Brooklyn,Boerum Hill Polygon,2026-07-26,3,FRIDAY,100,3.5,0,0,1,8.0000000000000000,0E-20,1,0.00,0.00,0.00,0.00,0.00
41,John Street 116,US,NY,New York,Financial District Polygon,2026-07-05,4,MONDAY,39,8.0,0,0,1,8.0000000000000000,0,1,0.00,0.00,0.00,0.00,0.00
76,Woodside Central,US,NY,Queens,Floating NY 1,2026-07-12,1,WEDNESDAY,36,3.5,3,1,0,8.0000000000000000,0E-20,1,0.00,0.00,0.00,0.00,0.00
51,300 Somerset,US,NJ,Harrison,Harrison Polygon,2026-07-05,4,THURSDAY,15,7.0,0,0,2,8.0000000000000000,0E-20,1,0.00,0.00,0.00,0.00,0.00
169,Aria on the Bay Condominium Association  INC,US,FL,Miami,Edgewater Polygon,2026-07-19,2,MONDAY,134,0.5,1,0,0,8.0000000000000000,0E-20,1,0.00,0.00,0.00,0.00,0.00
54,Nine 52,US,NY,New York,Hell's Kitchen Polygon,2026-07-19,2,FRIDAY,97,4.5,1,0,1,8.0000000000000000,0E-20,1,0.00,0.00,0.00,0.00,0.00
214,1 Boerum Place,US,NY,Brooklyn,Brooklyn Heights Polygon,2026-07-19,2,WEDNESDAY,39,3.5,1,0,1,8.0000000000000000,0E-20,1,0.00,0.00,0.00,0.00,0.00
68,655 Union,US,NY,Brooklyn,Boerum Hill Polygon,2026-07-05,4,THURSDAY,39,4.0,0,0,1,8.0000000000000000,0E-20,1,0.00,0.00,0.00,0.00,0.00
44,330W-56th,US,NY,New York,Hell's Kitchen Polygon,2026-07-12,1,MONDAY,97,2.5,4,0,0,8.0000000000000000,0E-20,1,0.00,0.00,0.00,0.00,0.00
220,Bay Parc,US,FL,Miami,Edgewater Polygon,2026-07-05,4,FRIDAY,134,0.5,1,0,0,8.0000000000000000,0E-20,1,0.00,0.00,0.00,0.00,0.00
111,Brooklyn Crossing,US,NY,Brooklyn,Boerum Hill Polygon,2026-07-26,3,FRIDAY,39,4.5,1,0,1,8.0000000000000000,0E-20,1,0.00,0.00,0.00,0.00,0.00
171,22 Skyview Apartments,US,FL,Miami,Edgewater Polygon,2026-07-19,2,THURSDAY,138,3.5,2,0,1,8.0000000000000000,0E-20,1,0.00,0.00,0.00,0.00,0.00
119,535 W 43rd Street,US,NY,New York,Hell's Kitchen Polygon,2026-07-05,4,WEDNESDAY,97,0,0,0,0,8.0000000000000000,0E-20,1,0.00,0.00,0.00,0.00,0.00
205,1 River Place,US,NY,New York,Hell's Kitchen Polygon,2026-07-26,3,THURSDAY,60,3.0,1,0,1,8.0000000000000000,0E-20,1,0.00,0.00,0.00,0.00,0.00
140,Southgate Towers,US,FL,Miami Beach,Miami Beach Polygon,2026-07-05,4,TUESDAY,118,0.5,1,0,0,8.0000000000000000,0E-20,1,0.00,0.00,0.00,0.00,0.00
128,250 E Houston,US,NY,New York,Floating NY 2,2026-07-12,1,WEDNESDAY,39,3.0,1,1,0,8.0000000000000000,0E-20,1,0.00,0.00,0.00,0.00,0.00
183,1800 North Bayshore Drive,US,FL,Miami,Edgewater Polygon,2026-07-26,3,FRIDAY,134,1.0,1,0,0,8.0000000000000000,0E-20,1,0.00,0.00,0.00,0.00,0.00
142,One Harrison,US,NJ,Harrison,Harrison Polygon,2026-07-05,4,TUESDAY,15,4.0,1,2,0,8.0000000000000000,0E-20,1,0.00,0.00,0.00,0.00,0.00
68,655 Union,US,NY,Brooklyn,Boerum Hill Polygon,2026-07-12,1,TUESDAY,96,7.0,0,0,2,8.0000000000000000,0,1,0.00,0.00,0.00,0.00,0.00
276,1510 Bay Road,US,FL,Miami Beach,Miami Beach Polygon,2026-07-12,1,MONDAY,118,1.0,2,0,0,8.0000000000000000,0E-20,1,0.00,0.00,0.00,0.00,0.00
191,2001 Biscayne Boulevard,US,FL,Miami,Edgewater Polygon,2026-07-19,2,THURSDAY,134,2.5,1,1,0,8.0000000000000000,0E-20,1,0.00,0.00,0.00,0.00,0.00
134,Livana East Hanover,US,NJ,East Hanover,Chatham / West Orange Polygon,2026-07-19,2,TUESDAY,64,0,0,0,0,8.0000000000000000,0E-20,1,0.00,0.00,0.00,0.00,0.00
213,1330 West Avenue,US,FL,Miami Beach,Miami Beach Polygon,2026-07-26,3,THURSDAY,137,3.0,1,1,0,8.0000000000000000,0E-20,1,0.00,0.00,0.00,0.00,0.00
207,561 10th Avenue,US,NY,New York,Hell's Kitchen Polygon,2026-07-19,2,WEDNESDAY,63,2.0,0,1,0,8.0000000000000000,0E-20,1,0.00,0.00,0.00,0.00,0.00
126,The Landing,US,NY,Brooklyn,Brooklyn Heights Polygon,2026-07-26,3,THURSDAY,77,8.0,0,0,1,8.0000000000000000,0,1,0.00,0.00,0.00,0.00,0.00
213,1330 West Avenue,US,FL,Miami Beach,Miami Beach Polygon,2026-07-19,2,FRIDAY,118,1.0,1,0,0,8.0000000000000000,0E-20,1,0.00,0.00,0.00,0.00,0.00
207,561 10th Avenue,US,NY,New York,Hell's Kitchen Polygon,2026-07-12,1,THURSDAY,73,0.5,1,0,0,8.0000000000000000,0E-20,1,0.00,0.00,0.00,0.00,0.00
112,Plank Road,US,NY,Brooklyn,Boerum Hill Polygon,2026-07-12,1,WEDNESDAY,39,3.0,1,1,0,8.0000000000000000,0E-20,1,0.00,0.00,0.00,0.00,0.00
133,2000 Biscayne,US,FL,Miami,Edgewater Polygon,2026-07-26,3,MONDAY,138,2.5,0,0,1,8.0000000000000000,0E-20,1,0.00,0.00,0.00,0.00,0.00
212,39 New York Ave,US,NJ,Jersey City,Hoboken Polygon,2026-07-05,4,FRIDAY,139,3.0,1,1,0,8.0000000000000000,0E-20,1,0.00,0.00,0.00,0.00,0.00
8,One Ten,US,NJ,Jersey City,Hoboken Polygon,2026-07-05,4,MONDAY,139,0,0,0,0,8.0000000000000000,0E-20,1,0.00,0.00,0.00,0.00,0.00
119,535 W 43rd Street,US,NY,New York,Hell's Kitchen Polygon,2026-07-19,2,MONDAY,73,4.5,1,1,1,8.0000000000000000,0E-20,1,0.00,0.00,0.00,0.00,0.00
212,39 New York Ave,US,NJ,Jersey City,Hoboken Polygon,2026-07-05,4,THURSDAY,65,2.0,3,0,0,8.0000000000000000,0E-20,1,0.00,0.00,0.00,0.00,0.00
44,330W-56th,US,NY,New York,Hell's Kitchen Polygon,2026-07-05,4,THURSDAY,63,2.5,2,1,0,8.0000000000000000,0E-20,1,0.00,0.00,0.00,0.00,0.00
276,1510 Bay Road,US,FL,Miami Beach,Miami Beach Polygon,2026-07-12,1,WEDNESDAY,137,0.5,1,0,0,8.0000000000000000,0E-20,1,0.00,0.00,0.00,0.00,0.00
260,Cocoa Exchange,US,NY,New York,Financial District Polygon,2026-07-26,3,TUESDAY,39,7.0,0,1,1,8.0000000000000000,0E-20,1,0.00,0.00,0.00,0.00,0.00
93,Union Channel ,US,NY,Brooklyn,Boerum Hill Polygon,2026-07-19,2,THURSDAY,39,3.0,1,0,1,8.0000000000000000,0E-20,1,0.00,0.00,0.00,0.00,0.00
61,Stonehill,US,NJ,West Orange,Chatham / West Orange Polygon,2026-07-12,1,FRIDAY,64,5.5,1,0,1,8.0000000000000000,0E-20,1,0.00,0.00,0.00,0.00,0.00
145,Dey and Bergen,US,NJ,Harrison,Harrison Polygon,2026-07-12,1,TUESDAY,15,5.0,0,0,1,8.0000000000000000,0E-20,1,0.00,0.00,0.00,0.00,0.00
122,Flamingo Point North Tower,US,FL,Miami Beach,Miami Beach Polygon,2026-07-12,1,TUESDAY,137,3.5,1,0,1,8.0000000000000000,0E-20,1,0.00,0.00,0.00,0.00,0.00
212,39 New York Ave,US,NJ,Jersey City,Hoboken Polygon,2026-07-12,1,WEDNESDAY,65,0.5,1,0,0,8.0000000000000000,0E-20,1,0.00,0.00,0.00,0.00,0.00
249,605 West 42nd Street,US,NY,New York,Hell's Kitchen Polygon,2026-07-26,3,THURSDAY,73,1.5,2,0,0,8.0000000000000000,0E-20,1,0.00,0.00,0.00,0.00,0.00
180,1800 Biscayne Plaza,US,FL,Miami,Edgewater Polygon,2026-07-12,1,MONDAY,134,1.0,1,0,0,8.0000000000000000,0E-20,1,0.00,0.00,0.00,0.00,0.00
119,535 W 43rd Street,US,NY,New York,Hell's Kitchen Polygon,2026-07-05,4,MONDAY,63,3.0,4,0,0,8.0000000000000000,0E-20,1,0.00,0.00,0.00,0.00,0.00
139,Bay Parc Apartments,US,FL,Miami,Edgewater Polygon,2026-07-19,2,WEDNESDAY,134,3.5,1,0,1,8.0000000000000000,0E-20,1,0.00,0.00,0.00,0.00,0.00
194,The Atelier Condo NYC,US,NY,New York,Hell's Kitchen Polygon,2026-07-05,4,FRIDAY,97,0.5,1,0,0,8.0000000000000000,0E-20,1,0.00,0.00,0.00,0.00,0.00
112,Plank Road,US,NY,Brooklyn,Boerum Hill Polygon,2026-07-26,3,FRIDAY,100,3.5,0,0,1,8.0000000000000000,0E-20,1,0.00,0.00,0.00,0.00,0.00
112,Plank Road,US,NY,Brooklyn,Boerum Hill Polygon,2026-07-05,4,THURSDAY,39,4.0,0,0,1,8.0000000000000000,0E-20,1,0.00,0.00,0.00,0.00,0.00
207,561 10th Avenue,US,NY,New York,Hell's Kitchen Polygon,2026-07-05,4,WEDNESDAY,73,0.5,1,0,0,8.0000000000000000,0E-20,1,0.00,0.00,0.00,0.00,0.00
269,20 Exchange Place,US,NY,New York,Financial District Polygon,2026-07-05,4,MONDAY,39,8.0,0,0,1,8.0000000000000000,0,1,0.00,0.00,0.00,0.00,0.00
215,Elysee Miami,US,FL,Miami,Edgewater Polygon,2026-07-12,1,MONDAY,138,2.5,0,0,1,8.0000000000000000,0E-20,1,0.00,0.00,0.00,0.00,0.00
112,Plank Road,US,NY,Brooklyn,Boerum Hill Polygon,2026-07-12,1,TUESDAY,96,7.0,0,0,2,8.0000000000000000,0,1,0.00,0.00,0.00,0.00,0.00
126,The Landing,US,NY,Brooklyn,Brooklyn Heights Polygon,2026-07-05,4,MONDAY,39,8.0,0,0,1,8.0000000000000000,0,1,0.00,0.00,0.00,0.00,0.00
191,2001 Biscayne Boulevard,US,FL,Miami,Edgewater Polygon,2026-07-05,4,TUESDAY,138,4.0,1,0,1,8.0000000000000000,0E-20,1,0.00,0.00,0.00,0.00,0.00
124,The Kestrel,US,NY,Brooklyn,Floating NY 2,2026-07-05,4,FRIDAY,39,5.0,0,0,1,8.0000000000000000,0E-20,1,0.00,0.00,0.00,0.00,0.00
221,Mirador 1000,US,FL,Miami Beach,Miami Beach Polygon,2026-07-05,4,FRIDAY,118,2.0,3,0,0,8.0000000000000000,0E-20,1,0.00,0.00,0.00,0.00,0.00
249,605 West 42nd Street,US,NY,New York,Hell's Kitchen Polygon,2026-07-05,4,FRIDAY,97,0.5,1,0,0,8.0000000000000000,0E-20,1,0.00,0.00,0.00,0.00,0.00
120,66 Rockwell Place,US,NY,Brooklyn,Brooklyn Heights Polygon,2026-07-12,1,FRIDAY,77,8.0,0,0,1,8.0000000000000000,0,1,0.00,0.00,0.00,0.00,0.00
10,829 Garfield,US,NJ,Jersey City,Floating Jersey,2026-07-19,2,WEDNESDAY,139,4.0,3,1,0,8.0000000000000000,0E-20,1,0.00,0.00,0.00,0.00,0.00
230,378 Bergen Street,US,NY,Brooklyn,Boerum Hill Polygon,2026-07-26,3,MONDAY,100,6.0,1,0,1,8.0000000000000000,0E-20,1,0.00,0.00,0.00,0.00,0.00
151,Cite On The Bay,US,FL,Miami,Edgewater Polygon,2026-07-26,3,FRIDAY,138,6.0,1,0,1,8.0000000000000000,0E-20,1,0.00,0.00,0.00,0.00,0.00
118,The Bergen,US,NY,Brooklyn,Boerum Hill Polygon,2026-07-26,3,THURSDAY,96,5.5,0,0,1,8.0000000000000000,0E-20,1,0.00,0.00,0.00,0.00,0.00
205,1 River Place,US,NY,New York,Hell's Kitchen Polygon,2026-07-05,4,TUESDAY,97,0.5,1,0,0,8.0000000000000000,0E-20,1,0.00,0.00,0.00,0.00,0.00
44,330W-56th,US,NY,New York,Hell's Kitchen Polygon,2026-07-12,1,WEDNESDAY,63,2.0,0,1,0,8.0000000000000000,0E-20,1,0.00,0.00,0.00,0.00,0.00
276,1510 Bay Road,US,FL,Miami Beach,Miami Beach Polygon,2026-07-05,4,THURSDAY,137,2.5,1,1,0,8.0000000000000000,0E-20,1,0.00,0.00,0.00,0.00,0.00
117,The Landon,US,NY,New York,Hell's Kitchen Polygon,2026-07-12,1,TUESDAY,97,2.0,4,0,0,8.0000000000000000,0E-20,1,0.00,0.00,0.00,0.00,0.00
153,Watermarc at Biscayne Bay,US,FL,Miami,Edgewater Polygon,2026-07-12,1,THURSDAY,134,2.5,0,0,1,8.0000000000000000,0E-20,1,0.00,0.00,0.00,0.00,0.00
44,330W-56th,US,NY,New York,Hell's Kitchen Polygon,2026-07-19,2,THURSDAY,73,1.0,2,0,0,8.0000000000000000,0E-20,1,0.00,0.00,0.00,0.00,0.00
73,The Boulevard,US,FL,Miami,,2026-07-05,4,WEDNESDAY,143,3.0,0,0,1,3.0000000000000000,0,0,3.0000000000000000,3.0,0,0,1
194,The Atelier Condo NYC,US,NY,New York,Hell's Kitchen Polygon,2026-07-26,3,THURSDAY,73,1.5,2,0,0,8.0000000000000000,0E-20,1,0.00,0.00,0.00,0.00,0.00
214,1 Boerum Place,US,NY,Brooklyn,Brooklyn Heights Polygon,2026-07-05,4,FRIDAY,77,5.0,0,0,2,8.0000000000000000,0E-20,1,0.00,0.00,0.00,0.00,0.00
171,22 Skyview Apartments,US,FL,Miami,Edgewater Polygon,2026-07-05,4,TUESDAY,134,0.5,1,0,0,8.0000000000000000,0E-20,1,0.00,0.00,0.00,0.00,0.00
76,Woodside Central,US,NY,Queens,Floating NY 1,2026-07-26,3,WEDNESDAY,36,3.5,2,0,1,8.0000000000000000,0E-20,1,0.00,0.00,0.00,0.00,0.00
68,655 Union,US,NY,Brooklyn,Boerum Hill Polygon,2026-07-12,1,FRIDAY,100,2.5,0,0,1,8.0000000000000000,0E-20,1,0.00,0.00,0.00,0.00,0.00
119,535 W 43rd Street,US,NY,New York,Hell's Kitchen Polygon,2026-07-19,2,FRIDAY,63,1.5,2,0,0,8.0000000000000000,0E-20,1,0.00,0.00,0.00,0.00,0.00
56,The Dime,US,NY,Brooklyn,Williamsburg Polygon,2026-07-12,1,THURSDAY,90,5.0,0,1,1,8.0000000000000000,0E-20,1,0.00,0.00,0.00,0.00,0.00
53,The Eddy,US,NJ,Harrison,Harrison Polygon,2026-07-19,2,THURSDAY,15,5.5,2,0,1,8.0000000000000000,0E-20,1,0.00,0.00,0.00,0.00,0.00
145,Dey and Bergen,US,NJ,Harrison,Harrison Polygon,2026-07-19,2,THURSDAY,139,4.0,0,0,1,8.0000000000000000,0E-20,1,0.00,0.00,0.00,0.00,0.00
44,330W-56th,US,NY,New York,Hell's Kitchen Polygon,2026-07-26,3,MONDAY,97,1.0,2,0,0,8.0000000000000000,0E-20,1,0.00,0.00,0.00,0.00,0.00
194,The Atelier Condo NYC,US,NY,New York,Hell's Kitchen Polygon,2026-07-19,2,MONDAY,97,3.5,3,1,0,8.0000000000000000,0E-20,1,0.00,0.00,0.00,0.00,0.00
269,20 Exchange Place,US,NY,New York,Financial District Polygon,2026-07-19,2,FRIDAY,39,5.0,0,0,1,8.0000000000000000,0E-20,1,0.00,0.00,0.00,0.00,0.00
95,416 Kent Avenue,US,NY,Brooklyn,Williamsburg Polygon,2026-07-12,1,MONDAY,90,2.5,2,1,0,8.0000000000000000,0E-20,1,0.00,0.00,0.00,0.00,0.00
111,Brooklyn Crossing,US,NY,Brooklyn,Boerum Hill Polygon,2026-07-12,1,FRIDAY,39,8.0,0,0,1,8.0000000000000000,0,1,0.00,0.00,0.00,0.00,0.00
203,Venetia Condominium,US,FL,Miami,Edgewater Polygon,2026-07-05,4,WEDNESDAY,138,1.5,2,0,0,8.0000000000000000,0E-20,1,0.00,0.00,0.00,0.00,0.00
114,20 Broad Street,US,NY,New York,Financial District Polygon,2026-07-19,2,TUESDAY,39,3.0,2,1,0,8.0000000000000000,0E-20,1,0.00,0.00,0.00,0.00,0.00
207,561 10th Avenue,US,NY,New York,Hell's Kitchen Polygon,2026-07-12,1,THURSDAY,36,2.5,1,1,0,8.0000000000000000,0E-20,1,0.00,0.00,0.00,0.00,0.00
126,The Landing,US,NY,Brooklyn,Brooklyn Heights Polygon,2026-07-19,2,FRIDAY,39,5.0,0,0,1,8.0000000000000000,0E-20,1,0.00,0.00,0.00,0.00,0.00
230,378 Bergen Street,US,NY,Brooklyn,Boerum Hill Polygon,2026-07-19,2,THURSDAY,39,3.0,1,0,1,8.0000000000000000,0E-20,1,0.00,0.00,0.00,0.00,0.00
54,Nine 52,US,NY,New York,Hell's Kitchen Polygon,2026-07-05,4,WEDNESDAY,63,1.5,3,0,0,8.0000000000000000,0E-20,1,0.00,0.00,0.00,0.00,0.00
221,Mirador 1000,US,FL,Miami Beach,Miami Beach Polygon,2026-07-19,2,MONDAY,118,1.0,2,0,0,8.0000000000000000,0E-20,1,0.00,0.00,0.00,0.00,0.00
249,605 West 42nd Street,US,NY,New York,Hell's Kitchen Polygon,2026-07-19,2,MONDAY,97,3.5,3,1,0,8.0000000000000000,0E-20,1,0.00,0.00,0.00,0.00,0.00
205,1 River Place,US,NY,New York,Hell's Kitchen Polygon,2026-07-12,1,THURSDAY,60,1.5,0,1,0,8.0000000000000000,0E-20,1,0.00,0.00,0.00,0.00,0.00
124,The Kestrel,US,NY,Brooklyn,Floating NY 2,2026-07-19,2,MONDAY,39,4.0,0,0,1,8.0000000000000000,0E-20,1,0.00,0.00,0.00,0.00,0.00
198,Quantum on the Bay,US,FL,Miami,Edgewater Polygon,2026-07-19,2,THURSDAY,134,2.5,1,1,0,8.0000000000000000,0E-20,1,0.00,0.00,0.00,0.00,0.00
68,655 Union,US,NY,Brooklyn,Boerum Hill Polygon,2026-07-26,3,TUESDAY,96,6.0,1,0,1,8.0000000000000000,0E-20,1,0.00,0.00,0.00,0.00,0.00
128,250 E Houston,US,NY,New York,Floating NY 2,2026-07-26,3,WEDNESDAY,39,3.0,1,1,0,8.0000000000000000,0E-20,1,0.00,0.00,0.00,0.00,0.00
214,1 Boerum Place,US,NY,Brooklyn,Brooklyn Heights Polygon,2026-07-19,2,MONDAY,77,4.5,0,0,1,8.0000000000000000,0E-20,1,0.00,0.00,0.00,0.00,0.00
276,1510 Bay Road,US,FL,Miami Beach,Miami Beach Polygon,2026-07-26,3,MONDAY,118,3.0,0,0,1,8.0000000000000000,0E-20,1,0.00,0.00,0.00,0.00,0.00
149,Opera Tower,US,FL,Miami,Edgewater Polygon,2026-07-19,2,MONDAY,138,4.0,2,0,1,8.0000000000000000,0E-20,1,0.00,0.00,0.00,0.00,0.00
204,1717 North Bayshore Drive,US,FL,Miami,Edgewater Polygon,2026-07-12,1,MONDAY,134,1.0,1,0,0,8.0000000000000000,0E-20,1,0.00,0.00,0.00,0.00,0.00
63,Agnes,US,NJ,Jersey City,Floating Jersey,2026-07-12,1,FRIDAY,139,2.0,1,1,0,8.0000000000000000,0E-20,1,0.00,0.00,0.00,0.00,0.00
9,The Enclave,US,NJ,Jersey City,Hoboken Polygon,2026-07-12,1,THURSDAY,65,1.5,0,1,0,8.0000000000000000,0E-20,1,0.00,0.00,0.00,0.00,0.00
8,One Ten,US,NJ,Jersey City,Hoboken Polygon,2026-07-19,2,FRIDAY,139,0.5,1,0,0,8.0000000000000000,0E-20,1,0.00,0.00,0.00,0.00,0.00
212,39 New York Ave,US,NJ,Jersey City,Hoboken Polygon,2026-07-19,2,MONDAY,139,3.0,1,1,0,8.0000000000000000,0E-20,1,0.00,0.00,0.00,0.00,0.00
213,1330 West Avenue,US,FL,Miami Beach,Miami Beach Polygon,2026-07-05,4,MONDAY,118,3.5,3,1,0,8.0000000000000000,0E-20,1,0.00,0.00,0.00,0.00,0.00
199,1800 Club,US,FL,Miami,Edgewater Polygon,2026-07-19,2,THURSDAY,138,3.5,2,0,1,8.0000000000000000,0E-20,1,0.00,0.00,0.00,0.00,0.00
119,535 W 43rd Street,US,NY,New York,Hell's Kitchen Polygon,2026-07-05,4,FRIDAY,73,0.5,1,0,0,8.0000000000000000,0E-20,1,0.00,0.00,0.00,0.00,0.00
115,Grove Central Residences,US,FL,Miami,Flow Brickell Polygon,2026-07-19,2,THURSDAY,92,3.0,1,1,0,8.0000000000000000,0E-20,1,0.00,0.00,0.00,0.00,0.00
139,Bay Parc Apartments,US,FL,Miami,Edgewater Polygon,2026-07-26,3,TUESDAY,138,7.5,0,0,2,8.0000000000000000,0E-16,1,0.00,0.00,0.00,0.00,0.00
56,The Dime,US,NY,Brooklyn,Williamsburg Polygon,2026-07-05,4,WEDNESDAY,90,2.5,2,1,0,8.0000000000000000,0E-20,1,0.00,0.00,0.00,0.00,0.00
51,300 Somerset,US,NJ,Harrison,Harrison Polygon,2026-07-26,3,WEDNESDAY,15,8.0,0,0,1,8.0000000000000000,0,1,0.00,0.00,0.00,0.00,0.00
9,The Enclave,US,NJ,Jersey City,Hoboken Polygon,2026-07-12,1,FRIDAY,139,2.0,1,1,0,8.0000000000000000,0E-20,1,0.00,0.00,0.00,0.00,0.00
68,655 Union,US,NY,Brooklyn,Boerum Hill Polygon,2026-07-26,3,WEDNESDAY,39,3.0,1,1,0,8.0000000000000000,0E-20,1,0.00,0.00,0.00,0.00,0.00
98,345 Baldwin Avenue,US,NJ,Jersey City,Floating Jersey,2026-07-19,2,WEDNESDAY,139,4.0,3,1,0,8.0000000000000000,0E-20,1,0.00,0.00,0.00,0.00,0.00
6,100 House,US,NJ,Jersey City,Hoboken Polygon,2026-07-19,2,TUESDAY,139,1.0,1,0,0,8.0000000000000000,0E-20,1,0.00,0.00,0.00,0.00,0.00
54,Nine 52,US,NY,New York,Hell's Kitchen Polygon,2026-07-19,2,WEDNESDAY,73,0.5,1,0,0,8.0000000000000000,0E-20,1,0.00,0.00,0.00,0.00,0.00
205,1 River Place,US,NY,New York,Hell's Kitchen Polygon,2026-07-05,4,WEDNESDAY,60,0.5,1,0,0,8.0000000000000000,0E-20,1,0.00,0.00,0.00,0.00,0.00
119,535 W 43rd Street,US,NY,New York,Hell's Kitchen Polygon,2026-07-26,3,THURSDAY,97,4.0,0,0,1,8.0000000000000000,0E-20,1,0.00,0.00,0.00,0.00,0.00
93,Union Channel ,US,NY,Brooklyn,Boerum Hill Polygon,2026-07-26,3,MONDAY,100,6.0,1,0,1,8.0000000000000000,0E-20,1,0.00,0.00,0.00,0.00,0.00
54,Nine 52,US,NY,New York,Hell's Kitchen Polygon,2026-07-12,1,THURSDAY,63,1.0,1,0,0,8.0000000000000000,0E-20,1,0.00,0.00,0.00,0.00,0.00
117,The Landon,US,NY,New York,Hell's Kitchen Polygon,2026-07-12,1,WEDNESDAY,60,1.0,1,0,0,8.0000000000000000,0E-20,1,0.00,0.00,0.00,0.00,0.00
183,1800 North Bayshore Drive,US,FL,Miami,Edgewater Polygon,2026-07-05,4,FRIDAY,134,0.5,1,0,0,8.0000000000000000,0E-20,1,0.00,0.00,0.00,0.00,0.00
54,Nine 52,US,NY,New York,Hell's Kitchen Polygon,2026-07-19,2,THURSDAY,73,1.0,2,0,0,8.0000000000000000,0E-20,1,0.00,0.00,0.00,0.00,0.00
119,535 W 43rd Street,US,NY,New York,Hell's Kitchen Polygon,2026-07-26,3,WEDNESDAY,97,0,0,0,0,8.0000000000000000,0E-20,1,0.00,0.00,0.00,0.00,0.00
205,1 River Place,US,NY,New York,Hell's Kitchen Polygon,2026-07-05,4,THURSDAY,60,0.5,1,0,0,8.0000000000000000,0E-20,1,0.00,0.00,0.00,0.00,0.00
140,Southgate Towers,US,FL,Miami Beach,Miami Beach Polygon,2026-07-26,3,TUESDAY,118,4.5,0,0,1,8.0000000000000000,0E-20,1,0.00,0.00,0.00,0.00,0.00
54,Nine 52,US,NY,New York,Hell's Kitchen Polygon,2026-07-12,1,WEDNESDAY,63,2.0,0,1,0,8.0000000000000000,0E-20,1,0.00,0.00,0.00,0.00,0.00
111,Brooklyn Crossing,US,NY,Brooklyn,Boerum Hill Polygon,2026-07-26,3,THURSDAY,100,6.0,0,0,1,8.0000000000000000,0E-20,1,0.00,0.00,0.00,0.00,0.00
203,Venetia Condominium,US,FL,Miami,Edgewater Polygon,2026-07-12,1,WEDNESDAY,138,4.5,1,0,1,8.0000000000000000,0E-20,1,0.00,0.00,0.00,0.00,0.00
220,Bay Parc,US,FL,Miami,Edgewater Polygon,2026-07-26,3,FRIDAY,134,1.0,1,0,0,8.0000000000000000,0E-20,1,0.00,0.00,0.00,0.00,0.00
230,378 Bergen Street,US,NY,Brooklyn,Boerum Hill Polygon,2026-07-19,2,TUESDAY,96,7.0,0,0,2,8.0000000000000000,0,1,0.00,0.00,0.00,0.00,0.00
111,Brooklyn Crossing,US,NY,Brooklyn,Boerum Hill Polygon,2026-07-05,4,FRIDAY,39,5.0,0,0,1,8.0000000000000000,0E-20,1,0.00,0.00,0.00,0.00,0.00
68,655 Union,US,NY,Brooklyn,Boerum Hill Polygon,2026-07-05,4,FRIDAY,100,6.0,0,0,1,8.0000000000000000,0E-20,1,0.00,0.00,0.00,0.00,0.00
199,1800 Club,US,FL,Miami,Edgewater Polygon,2026-07-19,2,WEDNESDAY,138,1.5,0,1,0,8.0000000000000000,0E-20,1,0.00,0.00,0.00,0.00,0.00
41,John Street 116,US,NY,New York,Financial District Polygon,2026-07-26,3,MONDAY,39,4.5,0,1,1,8.0000000000000000,0E-20,1,0.00,0.00,0.00,0.00,0.00
180,1800 Biscayne Plaza,US,FL,Miami,Edgewater Polygon,2026-07-19,2,FRIDAY,134,2.5,1,1,0,8.0000000000000000,0E-20,1,0.00,0.00,0.00,0.00,0.00
98,345 Baldwin Avenue,US,NJ,Jersey City,Floating Jersey,2026-07-19,2,THURSDAY,139,4.0,0,0,1,8.0000000000000000,0E-20,1,0.00,0.00,0.00,0.00,0.00
68,655 Union,US,NY,Brooklyn,Boerum Hill Polygon,2026-07-26,3,THURSDAY,39,6.5,0,0,1,8.0000000000000000,0E-20,1,0.00,0.00,0.00,0.00,0.00
61,Stonehill,US,NJ,West Orange,Chatham / West Orange Polygon,2026-07-19,2,MONDAY,64,5.5,0,1,1,8.0000000000000000,0E-20,1,0.00,0.00,0.00,0.00,0.00
230,378 Bergen Street,US,NY,Brooklyn,Boerum Hill Polygon,2026-07-19,2,WEDNESDAY,39,3.5,1,0,1,8.0000000000000000,0E-20,1,0.00,0.00,0.00,0.00,0.00
54,Nine 52,US,NY,New York,Hell's Kitchen Polygon,2026-07-05,4,THURSDAY,63,2.5,2,1,0,8.0000000000000000,0E-20,1,0.00,0.00,0.00,0.00,0.00
117,The Landon,US,NY,New York,Hell's Kitchen Polygon,2026-07-05,4,WEDNESDAY,60,0.5,1,0,0,8.0000000000000000,0E-20,1,0.00,0.00,0.00,0.00,0.00
205,1 River Place,US,NY,New York,Hell's Kitchen Polygon,2026-07-12,1,WEDNESDAY,60,1.0,1,0,0,8.0000000000000000,0E-20,1,0.00,0.00,0.00,0.00,0.00
198,Quantum on the Bay,US,FL,Miami,Edgewater Polygon,2026-07-19,2,WEDNESDAY,134,3.5,1,0,1,8.0000000000000000,0E-20,1,0.00,0.00,0.00,0.00,0.00
150,Quantum on the Bay Condominium,US,FL,Miami,Edgewater Polygon,2026-07-05,4,FRIDAY,134,0.5,1,0,0,8.0000000000000000,0E-20,1,0.00,0.00,0.00,0.00,0.00
197,251 NE 20th St apt 3506,US,FL,Miami,Edgewater Polygon,2026-07-26,3,MONDAY,134,4.5,0,0,1,8.0000000000000000,0E-20,1,0.00,0.00,0.00,0.00,0.00
128,250 E Houston,US,NY,New York,Floating NY 2,2026-07-26,3,THURSDAY,39,6.5,0,0,1,8.0000000000000000,0E-20,1,0.00,0.00,0.00,0.00,0.00
119,535 W 43rd Street,US,NY,New York,Hell's Kitchen Polygon,2026-07-12,1,FRIDAY,73,2.0,3,0,0,8.0000000000000000,0E-20,1,0.00,0.00,0.00,0.00,0.00
76,Woodside Central,US,NY,Queens,Floating NY 1,2026-07-26,3,THURSDAY,36,4.0,1,0,1,8.0000000000000000,0E-20,1,0.00,0.00,0.00,0.00,0.00
9,The Enclave,US,NJ,Jersey City,Hoboken Polygon,2026-07-05,4,FRIDAY,139,3.0,1,1,0,8.0000000000000000,0E-20,1,0.00,0.00,0.00,0.00,0.00
56,The Dime,US,NY,Brooklyn,Williamsburg Polygon,2026-07-12,1,WEDNESDAY,90,1.5,2,0,0,8.0000000000000000,0E-20,1,0.00,0.00,0.00,0.00,0.00
53,The Eddy,US,NJ,Harrison,Harrison Polygon,2026-07-19,2,WEDNESDAY,15,7.0,0,0,2,8.0000000000000000,0,1,0.00,0.00,0.00,0.00,0.00
204,1717 North Bayshore Drive,US,FL,Miami,Edgewater Polygon,2026-07-05,4,MONDAY,134,0,0,0,0,8.0000000000000000,0E-20,1,0.00,0.00,0.00,0.00,0.00
213,1330 West Avenue,US,FL,Miami Beach,Miami Beach Polygon,2026-07-12,1,MONDAY,118,1.0,2,0,0,8.0000000000000000,0E-20,1,0.00,0.00,0.00,0.00,0.00
203,Venetia Condominium,US,FL,Miami,Edgewater Polygon,2026-07-05,4,THURSDAY,138,0.5,1,0,0,8.0000000000000000,0E-20,1,0.00,0.00,0.00,0.00,0.00
61,Stonehill,US,NJ,West Orange,Chatham / West Orange Polygon,2026-07-05,4,FRIDAY,64,0.5,1,0,0,8.0000000000000000,0E-20,1,0.00,0.00,0.00,0.00,0.00
145,Dey and Bergen,US,NJ,Harrison,Harrison Polygon,2026-07-05,4,TUESDAY,15,4.0,1,2,0,8.0000000000000000,0E-20,1,0.00,0.00,0.00,0.00,0.00
122,Flamingo Point North Tower,US,FL,Miami Beach,Miami Beach Polygon,2026-07-26,3,FRIDAY,110,1.5,0,1,0,8.0000000000000000,0E-20,1,0.00,0.00,0.00,0.00,0.00
10,829 Garfield,US,NJ,Jersey City,Floating Jersey,2026-07-19,2,THURSDAY,139,4.0,0,0,1,8.0000000000000000,0E-20,1,0.00,0.00,0.00,0.00,0.00
118,The Bergen,US,NY,Brooklyn,Boerum Hill Polygon,2026-07-26,3,WEDNESDAY,96,2.5,1,1,0,8.0000000000000000,0E-20,1,0.00,0.00,0.00,0.00,0.00
150,Quantum on the Bay Condominium,US,FL,Miami,Edgewater Polygon,2026-07-19,2,MONDAY,134,0.5,1,0,0,8.0000000000000000,0E-20,1,0.00,0.00,0.00,0.00,0.00
207,561 10th Avenue,US,NY,New York,Hell's Kitchen Polygon,2026-07-26,3,FRIDAY,97,2.0,1,1,0,8.0000000000000000,0E-20,1,0.00,0.00,0.00,0.00,0.00
44,330W-56th,US,NY,New York,Hell's Kitchen Polygon,2026-07-12,1,THURSDAY,63,1.0,1,0,0,8.0000000000000000,0E-20,1,0.00,0.00,0.00,0.00,0.00
276,1510 Bay Road,US,FL,Miami Beach,Miami Beach Polygon,2026-07-05,4,WEDNESDAY,137,1.0,2,0,0,8.0000000000000000,0E-20,1,0.00,0.00,0.00,0.00,0.00
119,535 W 43rd Street,US,NY,New York,Hell's Kitchen Polygon,2026-07-26,3,TUESDAY,60,4.5,0,0,1,8.0000000000000000,0E-20,1,0.00,0.00,0.00,0.00,0.00
153,Watermarc at Biscayne Bay,US,FL,Miami,Edgewater Polygon,2026-07-12,1,WEDNESDAY,134,4.0,0,1,1,8.0000000000000000,0E-20,1,0.00,0.00,0.00,0.00,0.00
130,Arabella 101,US,NY,New York,Floating NY 2,2026-07-26,3,TUESDAY,39,7.0,0,1,1,8.0000000000000000,0E-20,1,0.00,0.00,0.00,0.00,0.00
44,330W-56th,US,NY,New York,Hell's Kitchen Polygon,2026-07-19,2,WEDNESDAY,73,0.5,1,0,0,8.0000000000000000,0E-20,1,0.00,0.00,0.00,0.00,0.00
194,The Atelier Condo NYC,US,NY,New York,Hell's Kitchen Polygon,2026-07-26,3,WEDNESDAY,73,0,0,0,0,8.0000000000000000,0E-20,1,0.00,0.00,0.00,0.00,0.00
212,39 New York Ave,US,NJ,Jersey City,Hoboken Polygon,2026-07-12,1,THURSDAY,65,1.5,0,1,0,8.0000000000000000,0E-20,1,0.00,0.00,0.00,0.00,0.00
249,605 West 42nd Street,US,NY,New York,Hell's Kitchen Polygon,2026-07-26,3,WEDNESDAY,73,0,0,0,0,8.0000000000000000,0E-20,1,0.00,0.00,0.00,0.00,0.00
9,The Enclave,US,NJ,Jersey City,Hoboken Polygon,2026-07-19,2,MONDAY,139,3.0,1,1,0,8.0000000000000000,0E-20,1,0.00,0.00,0.00,0.00,0.00
204,1717 North Bayshore Drive,US,FL,Miami,Edgewater Polygon,2026-07-19,2,FRIDAY,134,2.5,1,1,0,8.0000000000000000,0E-20,1,0.00,0.00,0.00,0.00,0.00
112,Plank Road,US,NY,Brooklyn,Boerum Hill Polygon,2026-07-05,4,WEDNESDAY,39,3.5,1,0,1,8.0000000000000000,0E-20,1,0.00,0.00,0.00,0.00,0.00
212,39 New York Ave,US,NJ,Jersey City,Hoboken Polygon,2026-07-12,1,FRIDAY,139,2.0,1,1,0,8.0000000000000000,0E-20,1,0.00,0.00,0.00,0.00,0.00
93,Union Channel ,US,NY,Brooklyn,Boerum Hill Polygon,2026-07-19,2,TUESDAY,96,7.0,0,0,2,8.0000000000000000,0,1,0.00,0.00,0.00,0.00,0.00
199,1800 Club,US,FL,Miami,Edgewater Polygon,2026-07-26,3,TUESDAY,134,3.5,0,0,1,8.0000000000000000,0E-20,1,0.00,0.00,0.00,0.00,0.00
8,One Ten,US,NJ,Jersey City,Hoboken Polygon,2026-07-12,1,MONDAY,139,1.0,1,0,0,8.0000000000000000,0E-20,1,0.00,0.00,0.00,0.00,0.00
207,561 10th Avenue,US,NY,New York,Hell's Kitchen Polygon,2026-07-05,4,THURSDAY,73,1.5,3,0,0,8.0000000000000000,0E-20,1,0.00,0.00,0.00,0.00,0.00
117,The Landon,US,NY,New York,Hell's Kitchen Polygon,2026-07-05,4,TUESDAY,97,0.5,1,0,0,8.0000000000000000,0E-20,1,0.00,0.00,0.00,0.00,0.00
153,Watermarc at Biscayne Bay,US,FL,Miami,Edgewater Polygon,2026-07-05,4,THURSDAY,134,4.5,1,0,1,8.0000000000000000,0E-20,1,0.00,0.00,0.00,0.00,0.00
183,1800 North Bayshore Drive,US,FL,Miami,Edgewater Polygon,2026-07-19,2,MONDAY,134,0.5,1,0,0,8.0000000000000000,0E-20,1,0.00,0.00,0.00,0.00,0.00
44,330W-56th,US,NY,New York,Hell's Kitchen Polygon,2026-07-05,4,WEDNESDAY,63,1.5,3,0,0,8.0000000000000000,0E-20,1,0.00,0.00,0.00,0.00,0.00
205,1 River Place,US,NY,New York,Hell's Kitchen Polygon,2026-07-12,1,TUESDAY,97,2.0,4,0,0,8.0000000000000000,0E-20,1,0.00,0.00,0.00,0.00,0.00
276,1510 Bay Road,US,FL,Miami Beach,Miami Beach Polygon,2026-07-12,1,THURSDAY,137,2.5,1,1,0,8.0000000000000000,0E-20,1,0.00,0.00,0.00,0.00,0.00
171,22 Skyview Apartments,US,FL,Miami,Edgewater Polygon,2026-07-12,1,TUESDAY,134,2.5,0,0,1,8.0000000000000000,0E-20,1,0.00,0.00,0.00,0.00,0.00
214,1 Boerum Place,US,NY,Brooklyn,Brooklyn Heights Polygon,2026-07-12,1,FRIDAY,77,8.0,0,0,1,8.0000000000000000,0,1,0.00,0.00,0.00,0.00,0.00
93,Union Channel ,US,NY,Brooklyn,Boerum Hill Polygon,2026-07-19,2,WEDNESDAY,39,3.5,1,0,1,8.0000000000000000,0E-20,1,0.00,0.00,0.00,0.00,0.00
126,The Landing,US,NY,Brooklyn,Brooklyn Heights Polygon,2026-07-12,1,MONDAY,39,5.5,0,0,1,8.0000000000000000,0E-20,1,0.00,0.00,0.00,0.00,0.00
112,Plank Road,US,NY,Brooklyn,Boerum Hill Polygon,2026-07-05,4,TUESDAY,96,8.0,0,0,1,8.0000000000000000,0,1,0.00,0.00,0.00,0.00,0.00
191,2001 Biscayne Boulevard,US,FL,Miami,Edgewater Polygon,2026-07-12,1,TUESDAY,138,6.0,0,2,1,8.0000000000000000,0E-20,1,0.00,0.00,0.00,0.00,0.00
198,Quantum on the Bay,US,FL,Miami,Edgewater Polygon,2026-07-26,3,TUESDAY,138,7.5,0,0,2,8.0000000000000000,0E-16,1,0.00,0.00,0.00,0.00,0.00
124,The Kestrel,US,NY,Brooklyn,Floating NY 2,2026-07-12,1,FRIDAY,39,8.0,0,0,1,8.0000000000000000,0,1,0.00,0.00,0.00,0.00,0.00
221,Mirador 1000,US,FL,Miami Beach,Miami Beach Polygon,2026-07-12,1,FRIDAY,118,1.0,2,0,0,8.0000000000000000,0E-20,1,0.00,0.00,0.00,0.00,0.00
249,605 West 42nd Street,US,NY,New York,Hell's Kitchen Polygon,2026-07-12,1,FRIDAY,97,3.0,2,1,0,8.0000000000000000,0E-20,1,0.00,0.00,0.00,0.00,0.00
213,1330 West Avenue,US,FL,Miami Beach,Miami Beach Polygon,2026-07-26,3,WEDNESDAY,137,4.5,0,1,1,8.0000000000000000,0E-20,1,0.00,0.00,0.00,0.00,0.00
118,The Bergen,US,NY,Brooklyn,Boerum Hill Polygon,2026-07-26,3,TUESDAY,39,7.0,0,1,1,8.0000000000000000,0E-20,1,0.00,0.00,0.00,0.00,0.00
207,561 10th Avenue,US,NY,New York,Hell's Kitchen Polygon,2026-07-19,2,THURSDAY,63,2.5,3,0,0,8.0000000000000000,0E-20,1,0.00,0.00,0.00,0.00,0.00
126,The Landing,US,NY,Brooklyn,Brooklyn Heights Polygon,2026-07-26,3,WEDNESDAY,77,8.0,0,0,1,8.0000000000000000,0,1,0.00,0.00,0.00,0.00,0.00
194,The Atelier Condo NYC,US,NY,New York,Hell's Kitchen Polygon,2026-07-12,1,FRIDAY,97,3.0,2,1,0,8.0000000000000000,0E-20,1,0.00,0.00,0.00,0.00,0.00
111,Brooklyn Crossing,US,NY,Brooklyn,Boerum Hill Polygon,2026-07-19,2,MONDAY,39,4.0,0,0,1,8.0000000000000000,0E-20,1,0.00,0.00,0.00,0.00,0.00
269,20 Exchange Place,US,NY,New York,Financial District Polygon,2026-07-12,1,MONDAY,39,5.5,0,0,1,8.0000000000000000,0E-20,1,0.00,0.00,0.00,0.00,0.00
207,561 10th Avenue,US,NY,New York,Hell's Kitchen Polygon,2026-07-12,1,WEDNESDAY,73,2.0,1,1,0,8.0000000000000000,0E-20,1,0.00,0.00,0.00,0.00,0.00
112,Plank Road,US,NY,Brooklyn,Boerum Hill Polygon,2026-07-12,1,THURSDAY,39,3.5,1,0,1,8.0000000000000000,0E-20,1,0.00,0.00,0.00,0.00,0.00
212,39 New York Ave,US,NJ,Jersey City,Hoboken Polygon,2026-07-05,4,WEDNESDAY,65,1.5,2,0,0,8.0000000000000000,0E-20,1,0.00,0.00,0.00,0.00,0.00
68,655 Union,US,NY,Brooklyn,Boerum Hill Polygon,2026-07-19,2,MONDAY,100,5.0,1,0,1,8.0000000000000000,0E-20,1,0.00,0.00,0.00,0.00,0.00
17,River Place,US,NY,New York,Hell's Kitchen Polygon,2026-07-26,3,TUESDAY,73,0.5,1,0,0,8.0000000000000000,0E-20,1,0.00,0.00,0.00,0.00,0.00
123,Flamingo South Beach,US,FL,Miami Beach,Miami Beach Polygon,2026-07-26,3,TUESDAY,118,4.5,0,0,1,8.0000000000000000,0E-20,1,0.00,0.00,0.00,0.00,0.00
119,535 W 43rd Street,US,NY,New York,Hell's Kitchen Polygon,2026-07-12,1,MONDAY,63,1.5,2,0,0,8.0000000000000000,0E-20,1,0.00,0.00,0.00,0.00,0.00
169,Aria on the Bay Condominium Association  INC,US,FL,Miami,Edgewater Polygon,2026-07-26,3,FRIDAY,134,1.0,1,0,0,8.0000000000000000,0E-20,1,0.00,0.00,0.00,0.00,0.00
54,Nine 52,US,NY,New York,Hell's Kitchen Polygon,2026-07-26,3,MONDAY,97,1.0,2,0,0,8.0000000000000000,0E-20,1,0.00,0.00,0.00,0.00,0.00
180,1800 Biscayne Plaza,US,FL,Miami,Edgewater Polygon,2026-07-05,4,MONDAY,134,0,0,0,0,8.0000000000000000,0E-20,1,0.00,0.00,0.00,0.00,0.00
215,Elysee Miami,US,FL,Miami,Edgewater Polygon,2026-07-26,3,WEDNESDAY,134,1.5,0,1,0,8.0000000000000000,0E-20,1,0.00,0.00,0.00,0.00,0.00
213,1330 West Avenue,US,FL,Miami Beach,Miami Beach Polygon,2026-07-05,4,WEDNESDAY,110,0.5,1,0,0,8.0000000000000000,0E-20,1,0.00,0.00,0.00,0.00,0.00
130,Arabella 101,US,NY,New York,Floating NY 2,2026-07-26,3,FRIDAY,39,4.5,1,0,1,8.0000000000000000,0E-20,1,0.00,0.00,0.00,0.00,0.00
269,20 Exchange Place,US,NY,New York,Financial District Polygon,2026-07-12,1,WEDNESDAY,45,4.5,0,0,1,8.0000000000000000,0E-20,1,0.00,0.00,0.00,0.00,0.00
207,561 10th Avenue,US,NY,New York,Hell's Kitchen Polygon,2026-07-26,3,TUESDAY,97,2.0,1,1,0,8.0000000000000000,0E-20,1,0.00,0.00,0.00,0.00,0.00
119,535 W 43rd Street,US,NY,New York,Hell's Kitchen Polygon,2026-07-26,3,FRIDAY,60,0.5,1,0,0,8.0000000000000000,0E-20,1,0.00,0.00,0.00,0.00,0.00
122,Flamingo Point North Tower,US,FL,Miami Beach,Miami Beach Polygon,2026-07-26,3,TUESDAY,110,2.5,1,1,0,8.0000000000000000,0E-20,1,0.00,0.00,0.00,0.00,0.00
145,Dey and Bergen,US,NJ,Harrison,Harrison Polygon,2026-07-05,4,FRIDAY,15,0.5,1,0,0,8.0000000000000000,0E-20,1,0.00,0.00,0.00,0.00,0.00
6,100 House,US,NJ,Jersey City,Hoboken Polygon,2026-07-12,1,MONDAY,139,1.0,1,0,0,8.0000000000000000,0E-20,1,0.00,0.00,0.00,0.00,0.00
205,1 River Place,US,NY,New York,Hell's Kitchen Polygon,2026-07-26,3,WEDNESDAY,73,0,0,0,0,8.0000000000000000,0E-20,1,0.00,0.00,0.00,0.00,0.00
199,1800 Club,US,FL,Miami,Edgewater Polygon,2026-07-26,3,FRIDAY,134,1.0,1,0,0,8.0000000000000000,0E-20,1,0.00,0.00,0.00,0.00,0.00
93,Union Channel ,US,NY,Brooklyn,Boerum Hill Polygon,2026-07-19,2,FRIDAY,96,6.5,0,1,1,8.0000000000000000,0E-20,1,0.00,0.00,0.00,0.00,0.00
118,The Bergen,US,NY,Brooklyn,Boerum Hill Polygon,2026-07-12,1,WEDNESDAY,100,5.5,0,0,1,8.0000000000000000,0E-20,1,0.00,0.00,0.00,0.00,0.00
212,39 New York Ave,US,NJ,Jersey City,Hoboken Polygon,2026-07-12,1,TUESDAY,139,1.5,2,0,0,8.0000000000000000,0E-20,1,0.00,0.00,0.00,0.00,0.00
180,1800 Biscayne Plaza,US,FL,Miami,Edgewater Polygon,2026-07-26,3,WEDNESDAY,138,2.5,1,1,0,8.0000000000000000,0E-20,1,0.00,0.00,0.00,0.00,0.00
220,Bay Parc,US,FL,Miami,Edgewater Polygon,2026-07-19,2,WEDNESDAY,138,1.5,0,1,0,8.0000000000000000,0E-20,1,0.00,0.00,0.00,0.00,0.00
133,2000 Biscayne,US,FL,Miami,Edgewater Polygon,2026-07-05,4,THURSDAY,134,4.5,1,0,1,8.0000000000000000,0E-20,1,0.00,0.00,0.00,0.00,0.00
129,544 Carroll,US,NY,Brooklyn,Boerum Hill Polygon,2026-07-19,2,THURSDAY,100,5.0,0,1,1,8.0000000000000000,0E-20,1,0.00,0.00,0.00,0.00,0.00
249,605 West 42nd Street,US,NY,New York,Hell's Kitchen Polygon,2026-07-12,1,TUESDAY,97,2.0,4,0,0,8.0000000000000000,0E-20,1,0.00,0.00,0.00,0.00,0.00
120,66 Rockwell Place,US,NY,Brooklyn,Brooklyn Heights Polygon,2026-07-05,4,TUESDAY,77,5.0,1,0,1,8.0000000000000000,0E-20,1,0.00,0.00,0.00,0.00,0.00
221,Mirador 1000,US,FL,Miami Beach,Miami Beach Polygon,2026-07-12,1,TUESDAY,118,1.5,3,0,0,8.0000000000000000,0E-20,1,0.00,0.00,0.00,0.00,0.00
124,The Kestrel,US,NY,Brooklyn,Floating NY 2,2026-07-12,1,TUESDAY,39,5.0,1,0,1,8.0000000000000000,0E-20,1,0.00,0.00,0.00,0.00,0.00
272,Harrison Urby Apartments,US,NJ,Harrison,Harrison Polygon,2026-07-19,2,THURSDAY,15,5.5,2,0,1,8.0000000000000000,0E-20,1,0.00,0.00,0.00,0.00,0.00
198,Quantum on the Bay,US,FL,Miami,Edgewater Polygon,2026-07-26,3,FRIDAY,138,6.0,1,0,1,8.0000000000000000,0E-20,1,0.00,0.00,0.00,0.00,0.00
112,Plank Road,US,NY,Brooklyn,Boerum Hill Polygon,2026-07-05,4,FRIDAY,96,5.5,0,1,1,8.0000000000000000,0E-20,1,0.00,0.00,0.00,0.00,0.00
42,The Ivy,US,NJ,Chatham,Chatham / West Orange Polygon,2026-07-26,3,MONDAY,64,6.5,1,0,1,8.0000000000000000,0E-20,1,0.00,0.00,0.00,0.00,0.00
114,20 Broad Street,US,NY,New York,Financial District Polygon,2026-07-12,1,MONDAY,39,5.5,0,0,1,8.0000000000000000,0E-20,1,0.00,0.00,0.00,0.00,0.00
213,1330 West Avenue,US,FL,Miami Beach,Miami Beach Polygon,2026-07-12,1,THURSDAY,110,1.0,2,0,0,8.0000000000000000,0E-20,1,0.00,0.00,0.00,0.00,0.00
149,Opera Tower,US,FL,Miami,Edgewater Polygon,2026-07-12,1,TUESDAY,138,6.0,0,2,1,8.0000000000000000,0E-20,1,0.00,0.00,0.00,0.00,0.00
214,1 Boerum Place,US,NY,Brooklyn,Brooklyn Heights Polygon,2026-07-12,1,TUESDAY,77,7.5,0,0,2,8.0000000000000000,0E-16,1,0.00,0.00,0.00,0.00,0.00
205,1 River Place,US,NY,New York,Hell's Kitchen Polygon,2026-07-12,1,FRIDAY,97,3.0,2,1,0,8.0000000000000000,0E-20,1,0.00,0.00,0.00,0.00,0.00
117,The Landon,US,NY,New York,Hell's Kitchen Polygon,2026-07-05,4,FRIDAY,97,0.5,1,0,0,8.0000000000000000,0E-20,1,0.00,0.00,0.00,0.00,0.00
104,Midtown 5,US,FL,Miami,,2026-07-26,3,FRIDAY,138,6.0,1,0,1,8.0000000000000000,0E-20,1,0.00,0.00,0.00,0.00,0.00
269,20 Exchange Place,US,NY,New York,Financial District Polygon,2026-07-05,4,THURSDAY,45,5.5,2,0,1,8.0000000000000000,0E-20,1,0.00,0.00,0.00,0.00,0.00
169,Aria on the Bay Condominium Association  INC,US,FL,Miami,Edgewater Polygon,2026-07-26,3,TUESDAY,134,3.5,0,0,1,8.0000000000000000,0E-20,1,0.00,0.00,0.00,0.00,0.00
221,Mirador 1000,US,FL,Miami Beach,Miami Beach Polygon,2026-07-19,2,WEDNESDAY,110,5.0,0,0,1,8.0000000000000000,0E-20,1,0.00,0.00,0.00,0.00,0.00
118,The Bergen,US,NY,Brooklyn,Boerum Hill Polygon,2026-07-05,4,THURSDAY,100,5.0,0,0,1,8.0000000000000000,0E-20,1,0.00,0.00,0.00,0.00,0.00
117,The Landon,US,NY,New York,Hell's Kitchen Polygon,2026-07-26,3,THURSDAY,73,1.5,2,0,0,8.0000000000000000,0E-20,1,0.00,0.00,0.00,0.00,0.00
230,378 Bergen Street,US,NY,Brooklyn,Boerum Hill Polygon,2026-07-05,4,MONDAY,96,7.0,0,1,1,8.0000000000000000,0,1,0.00,0.00,0.00,0.00,0.00
276,1510 Bay Road,US,FL,Miami Beach,Miami Beach Polygon,2026-07-26,3,WEDNESDAY,110,2.0,1,1,0,8.0000000000000000,0E-20,1,0.00,0.00,0.00,0.00,0.00
194,The Atelier Condo NYC,US,NY,New York,Hell's Kitchen Polygon,2026-07-12,1,TUESDAY,97,2.0,4,0,0,8.0000000000000000,0E-20,1,0.00,0.00,0.00,0.00,0.00
118,The Bergen,US,NY,Brooklyn,Boerum Hill Polygon,2026-07-26,3,FRIDAY,39,4.5,1,0,1,8.0000000000000000,0E-20,1,0.00,0.00,0.00,0.00,0.00
140,Southgate Towers,US,FL,Miami Beach,Miami Beach Polygon,2026-07-26,3,FRIDAY,118,1.5,2,0,0,8.0000000000000000,0E-20,1,0.00,0.00,0.00,0.00,0.00
207,561 10th Avenue,US,NY,New York,Hell's Kitchen Polygon,2026-07-26,3,WEDNESDAY,60,4.0,1,0,1,8.0000000000000000,0E-20,1,0.00,0.00,0.00,0.00,0.00
197,251 NE 20th St apt 3506,US,FL,Miami,Edgewater Polygon,2026-07-05,4,WEDNESDAY,138,1.5,2,0,0,8.0000000000000000,0E-20,1,0.00,0.00,0.00,0.00,0.00
140,Southgate Towers,US,FL,Miami Beach,Miami Beach Polygon,2026-07-19,2,THURSDAY,137,0,0,0,0,8.0000000000000000,0E-20,1,0.00,0.00,0.00,0.00,0.00
111,Brooklyn Crossing,US,NY,Brooklyn,Boerum Hill Polygon,2026-07-12,1,THURSDAY,96,5.5,0,0,2,8.0000000000000000,0E-20,1,0.00,0.00,0.00,0.00,0.00
215,Elysee Miami,US,FL,Miami,Edgewater Polygon,2026-07-19,2,TUESDAY,138,0.5,1,0,0,8.0000000000000000,0E-20,1,0.00,0.00,0.00,0.00,0.00
112,Plank Road,US,NY,Brooklyn,Boerum Hill Polygon,2026-07-19,2,MONDAY,96,7.0,1,0,1,8.0000000000000000,0E-20,1,0.00,0.00,0.00,0.00,0.00
17,River Place,US,NY,New York,Hell's Kitchen Polygon,2026-07-12,1,TUESDAY,60,3.5,2,0,1,8.0000000000000000,0E-20,1,0.00,0.00,0.00,0.00,0.00
6,100 House,US,NJ,Jersey City,Hoboken Polygon,2026-07-19,2,WEDNESDAY,65,0.5,1,0,0,8.0000000000000000,0E-20,1,0.00,0.00,0.00,0.00,0.00
151,Cite On The Bay,US,FL,Miami,Edgewater Polygon,2026-07-19,2,THURSDAY,134,2.5,1,1,0,8.0000000000000000,0E-20,1,0.00,0.00,0.00,0.00,0.00
117,The Landon,US,NY,New York,Hell's Kitchen Polygon,2026-07-19,2,MONDAY,97,3.5,3,1,0,8.0000000000000000,0E-20,1,0.00,0.00,0.00,0.00,0.00
142,One Harrison,US,NJ,Harrison,Harrison Polygon,2026-07-26,3,FRIDAY,15,5.5,1,1,1,8.0000000000000000,0E-20,1,0.00,0.00,0.00,0.00,0.00
183,1800 North Bayshore Drive,US,FL,Miami,Edgewater Polygon,2026-07-05,4,TUESDAY,134,0.5,1,0,0,8.0000000000000000,0E-20,1,0.00,0.00,0.00,0.00,0.00
249,605 West 42nd Street,US,NY,New York,Hell's Kitchen Polygon,2026-07-05,4,THURSDAY,60,0.5,1,0,0,8.0000000000000000,0E-20,1,0.00,0.00,0.00,0.00,0.00
204,1717 North Bayshore Drive,US,FL,Miami,Edgewater Polygon,2026-07-26,3,WEDNESDAY,138,2.5,1,1,0,8.0000000000000000,0E-20,1,0.00,0.00,0.00,0.00,0.00
194,The Atelier Condo NYC,US,NY,New York,Hell's Kitchen Polygon,2026-07-05,4,THURSDAY,60,0.5,1,0,0,8.0000000000000000,0E-20,1,0.00,0.00,0.00,0.00,0.00
68,655 Union,US,NY,Brooklyn,Boerum Hill Polygon,2026-07-05,4,TUESDAY,100,2.5,1,1,0,8.0000000000000000,0E-20,1,0.00,0.00,0.00,0.00,0.00
111,Brooklyn Crossing,US,NY,Brooklyn,Boerum Hill Polygon,2026-07-05,4,TUESDAY,39,3.5,0,0,1,8.0000000000000000,0E-20,1,0.00,0.00,0.00,0.00,0.00
230,378 Bergen Street,US,NY,Brooklyn,Boerum Hill Polygon,2026-07-19,2,FRIDAY,96,6.5,0,1,1,8.0000000000000000,0E-20,1,0.00,0.00,0.00,0.00,0.00
220,Bay Parc,US,FL,Miami,Edgewater Polygon,2026-07-26,3,TUESDAY,134,3.5,0,0,1,8.0000000000000000,0E-20,1,0.00,0.00,0.00,0.00,0.00
125,The Vitagraph,US,NY,Brooklyn,Floating NY 2,2026-07-26,3,WEDNESDAY,39,3.0,1,1,0,8.0000000000000000,0E-20,1,0.00,0.00,0.00,0.00,0.00
131,The Addison,US,NY,Brooklyn,Brooklyn Heights Polygon,2026-07-19,2,WEDNESDAY,39,3.5,1,0,1,8.0000000000000000,0E-20,1,0.00,0.00,0.00,0.00,0.00
150,Quantum on the Bay Condominium,US,FL,Miami,Edgewater Polygon,2026-07-05,4,TUESDAY,134,0.5,1,0,0,8.0000000000000000,0E-20,1,0.00,0.00,0.00,0.00,0.00
249,605 West 42nd Street,US,NY,New York,Hell's Kitchen Polygon,2026-07-12,1,WEDNESDAY,60,1.0,1,0,0,8.0000000000000000,0E-20,1,0.00,0.00,0.00,0.00,0.00
145,Dey and Bergen,US,NJ,Harrison,Harrison Polygon,2026-07-19,2,MONDAY,15,2.0,3,0,0,8.0000000000000000,0E-20,1,0.00,0.00,0.00,0.00,0.00
111,Brooklyn Crossing,US,NY,Brooklyn,Boerum Hill Polygon,2026-07-05,4,WEDNESDAY,96,7.5,0,0,2,8.0000000000000000,0,1,0.00,0.00,0.00,0.00,0.00
93,Union Channel ,US,NY,Brooklyn,Boerum Hill Polygon,2026-07-05,4,MONDAY,96,7.0,0,1,1,8.0000000000000000,0,1,0.00,0.00,0.00,0.00,0.00
95,416 Kent Avenue,US,NY,Brooklyn,Williamsburg Polygon,2026-07-12,1,TUESDAY,95,9.0,0,0,1,9.0000000000000000,0,1,0.00,0.00,0.00,0.00,0.00
121,Flamingo Point Center Tower,US,FL,Miami Beach,Miami Beach Polygon,2026-07-05,4,WEDNESDAY,118,1.0,2,0,0,8.0000000000000000,0E-20,1,0.00,0.00,0.00,0.00,0.00
169,Aria on the Bay Condominium Association  INC,US,FL,Miami,Edgewater Polygon,2026-07-19,2,WEDNESDAY,138,1.5,0,1,0,8.0000000000000000,0E-20,1,0.00,0.00,0.00,0.00,0.00
144,Waters Edge,US,NJ,Harrison,Harrison Polygon,2026-07-19,2,THURSDAY,15,5.5,2,0,1,8.0000000000000000,0E-20,1,0.00,0.00,0.00,0.00,0.00
194,The Atelier Condo NYC,US,NY,New York,Hell's Kitchen Polygon,2026-07-12,1,WEDNESDAY,60,1.0,1,0,0,8.0000000000000000,0E-20,1,0.00,0.00,0.00,0.00,0.00
129,544 Carroll,US,NY,Brooklyn,Boerum Hill Polygon,2026-07-26,3,MONDAY,39,4.5,0,1,1,8.0000000000000000,0E-20,1,0.00,0.00,0.00,0.00,0.00
9,The Enclave,US,NJ,Jersey City,Hoboken Polygon,2026-07-05,4,TUESDAY,139,4.5,1,0,1,8.0000000000000000,0E-20,1,0.00,0.00,0.00,0.00,0.00
119,535 W 43rd Street,US,NY,New York,Hell's Kitchen Polygon,2026-07-12,1,TUESDAY,73,2.0,0,1,0,8.0000000000000000,0E-20,1,0.00,0.00,0.00,0.00,0.00
269,20 Exchange Place,US,NY,New York,Financial District Polygon,2026-07-19,2,TUESDAY,39,3.0,2,1,0,8.0000000000000000,0E-20,1,0.00,0.00,0.00,0.00,0.00
169,Aria on the Bay Condominium Association  INC,US,FL,Miami,Edgewater Polygon,2026-07-19,2,THURSDAY,138,3.5,2,0,1,8.0000000000000000,0E-20,1,0.00,0.00,0.00,0.00,0.00
144,Waters Edge,US,NJ,Harrison,Harrison Polygon,2026-07-19,2,WEDNESDAY,15,7.0,0,0,2,8.0000000000000000,0,1,0.00,0.00,0.00,0.00,0.00
194,The Atelier Condo NYC,US,NY,New York,Hell's Kitchen Polygon,2026-07-12,1,THURSDAY,60,1.5,0,1,0,8.0000000000000000,0E-20,1,0.00,0.00,0.00,0.00,0.00
119,535 W 43rd Street,US,NY,New York,Hell's Kitchen Polygon,2026-07-19,2,TUESDAY,63,3.0,1,1,0,8.0000000000000000,0E-20,1,0.00,0.00,0.00,0.00,0.00
68,655 Union,US,NY,Brooklyn,Boerum Hill Polygon,2026-07-12,1,TUESDAY,100,4.5,2,0,1,8.0000000000000000,0E-20,1,0.00,0.00,0.00,0.00,0.00
195,Flow Brickell,US,FL,Miami,Flow Brickell Polygon,2026-07-19,2,TUESDAY,134,5.0,0,0,1,8.0000000000000000,0E-20,0,8.0000000000000000,5.0,0,0,1
131,The Addison,US,NY,Brooklyn,Brooklyn Heights Polygon,2026-07-19,2,THURSDAY,39,3.0,1,0,1,8.0000000000000000,0E-20,1,0.00,0.00,0.00,0.00,0.00
171,22 Skyview Apartments,US,FL,Miami,Edgewater Polygon,2026-07-19,2,MONDAY,134,0.5,1,0,0,8.0000000000000000,0E-20,1,0.00,0.00,0.00,0.00,0.00
183,1800 North Bayshore Drive,US,FL,Miami,Edgewater Polygon,2026-07-12,1,TUESDAY,134,2.5,0,0,1,8.0000000000000000,0E-20,1,0.00,0.00,0.00,0.00,0.00
205,1 River Place,US,NY,New York,Hell's Kitchen Polygon,2026-07-19,2,MONDAY,97,3.5,3,1,0,8.0000000000000000,0E-20,1,0.00,0.00,0.00,0.00,0.00
249,605 West 42nd Street,US,NY,New York,Hell's Kitchen Polygon,2026-07-12,1,THURSDAY,60,1.5,0,1,0,8.0000000000000000,0E-20,1,0.00,0.00,0.00,0.00,0.00
197,251 NE 20th St apt 3506,US,FL,Miami,Edgewater Polygon,2026-07-12,1,WEDNESDAY,138,4.5,1,0,1,8.0000000000000000,0E-20,1,0.00,0.00,0.00,0.00,0.00
41,John Street 116,US,NY,New York,Financial District Polygon,2026-07-26,3,THURSDAY,45,3.5,0,2,0,8.0000000000000000,0E-20,1,0.00,0.00,0.00,0.00,0.00
126,The Landing,US,NY,Brooklyn,Brooklyn Heights Polygon,2026-07-19,2,TUESDAY,39,3.0,2,1,0,8.0000000000000000,0E-20,1,0.00,0.00,0.00,0.00,0.00
191,2001 Biscayne Boulevard,US,FL,Miami,Edgewater Polygon,2026-07-19,2,MONDAY,138,4.0,2,0,1,8.0000000000000000,0E-20,1,0.00,0.00,0.00,0.00,0.00
114,20 Broad Street,US,NY,New York,Financial District Polygon,2026-07-19,2,FRIDAY,39,5.0,0,0,1,8.0000000000000000,0E-20,1,0.00,0.00,0.00,0.00,0.00
111,Brooklyn Crossing,US,NY,Brooklyn,Boerum Hill Polygon,2026-07-05,4,THURSDAY,96,2.5,0,0,1,8.0000000000000000,0E-20,1,0.00,0.00,0.00,0.00,0.00
127,220 East 72nd Street,US,NY,New York,Floating NY 2,2026-07-26,3,MONDAY,39,4.5,0,1,1,8.0000000000000000,0E-20,1,0.00,0.00,0.00,0.00,0.00
9,The Enclave,US,NJ,Jersey City,Hoboken Polygon,2026-07-12,1,TUESDAY,139,1.5,2,0,0,8.0000000000000000,0E-20,1,0.00,0.00,0.00,0.00,0.00
204,1717 North Bayshore Drive,US,FL,Miami,Edgewater Polygon,2026-07-26,3,THURSDAY,138,2.0,3,0,0,8.0000000000000000,0E-20,1,0.00,0.00,0.00,0.00,0.00
194,The Atelier Condo NYC,US,NY,New York,Hell's Kitchen Polygon,2026-07-05,4,WEDNESDAY,60,0.5,1,0,0,8.0000000000000000,0E-20,1,0.00,0.00,0.00,0.00,0.00
119,535 W 43rd Street,US,NY,New York,Hell's Kitchen Polygon,2026-07-05,4,TUESDAY,73,0,0,0,0,8.0000000000000000,0E-20,1,0.00,0.00,0.00,0.00,0.00
203,Venetia Condominium,US,FL,Miami,Edgewater Polygon,2026-07-26,3,MONDAY,134,4.5,0,0,1,8.0000000000000000,0E-20,1,0.00,0.00,0.00,0.00,0.00
93,Union Channel ,US,NY,Brooklyn,Boerum Hill Polygon,2026-07-12,1,MONDAY,96,7.0,0,0,2,8.0000000000000000,0,1,0.00,0.00,0.00,0.00,0.00
8,One Ten,US,NJ,Jersey City,Hoboken Polygon,2026-07-19,2,TUESDAY,139,1.0,1,0,0,8.0000000000000000,0E-20,1,0.00,0.00,0.00,0.00,0.00
125,The Vitagraph,US,NY,Brooklyn,Floating NY 2,2026-07-26,3,THURSDAY,39,6.5,0,0,1,8.0000000000000000,0E-20,1,0.00,0.00,0.00,0.00,0.00
207,561 10th Avenue,US,NY,New York,Hell's Kitchen Polygon,2026-07-26,3,THURSDAY,60,3.0,1,0,1,8.0000000000000000,0E-20,1,0.00,0.00,0.00,0.00,0.00
197,251 NE 20th St apt 3506,US,FL,Miami,Edgewater Polygon,2026-07-05,4,THURSDAY,138,0.5,1,0,0,8.0000000000000000,0E-20,1,0.00,0.00,0.00,0.00,0.00
195,Flow Brickell,US,FL,Miami,Flow Brickell Polygon,2026-07-05,4,THURSDAY,92,8.0,0,0,1,8.0000000000000000,0,1,0.00,0.00,0.00,0.00,0.00
111,Brooklyn Crossing,US,NY,Brooklyn,Boerum Hill Polygon,2026-07-12,1,WEDNESDAY,96,2.5,1,1,0,8.0000000000000000,0E-20,1,0.00,0.00,0.00,0.00,0.00
140,Southgate Towers,US,FL,Miami Beach,Miami Beach Polygon,2026-07-19,2,WEDNESDAY,137,4.0,1,0,1,8.0000000000000000,0E-20,1,0.00,0.00,0.00,0.00,0.00
6,100 House,US,NJ,Jersey City,Hoboken Polygon,2026-07-19,2,THURSDAY,65,0,0,0,0,8.0000000000000000,0E-20,1,0.00,0.00,0.00,0.00,0.00
151,Cite On The Bay,US,FL,Miami,Edgewater Polygon,2026-07-19,2,WEDNESDAY,134,3.5,1,0,1,8.0000000000000000,0E-20,1,0.00,0.00,0.00,0.00,0.00
150,Quantum on the Bay Condominium,US,FL,Miami,Edgewater Polygon,2026-07-12,1,TUESDAY,134,2.5,0,0,1,8.0000000000000000,0E-20,1,0.00,0.00,0.00,0.00,0.00
249,605 West 42nd Street,US,NY,New York,Hell's Kitchen Polygon,2026-07-05,4,WEDNESDAY,60,0.5,1,0,0,8.0000000000000000,0E-20,1,0.00,0.00,0.00,0.00,0.00
131,The Addison,US,NY,Brooklyn,Brooklyn Heights Polygon,2026-07-26,3,FRIDAY,77,8.0,0,0,1,8.0000000000000000,0,1,0.00,0.00,0.00,0.00,0.00
221,Mirador 1000,US,FL,Miami Beach,Miami Beach Polygon,2026-07-19,2,THURSDAY,110,3.5,3,1,0,8.0000000000000000,0E-20,1,0.00,0.00,0.00,0.00,0.00
212,39 New York Ave,US,NJ,Jersey City,Hoboken Polygon,2026-07-05,4,TUESDAY,139,4.5,1,0,1,8.0000000000000000,0E-20,1,0.00,0.00,0.00,0.00,0.00
118,The Bergen,US,NY,Brooklyn,Boerum Hill Polygon,2026-07-05,4,WEDNESDAY,100,3.0,0,0,1,8.0000000000000000,0E-20,1,0.00,0.00,0.00,0.00,0.00
117,The Landon,US,NY,New York,Hell's Kitchen Polygon,2026-07-26,3,WEDNESDAY,73,0,0,0,0,8.0000000000000000,0E-20,1,0.00,0.00,0.00,0.00,0.00
213,1330 West Avenue,US,FL,Miami Beach,Miami Beach Polygon,2026-07-19,2,TUESDAY,118,7.0,1,0,1,8.0000000000000000,0E-16,1,0.00,0.00,0.00,0.00,0.00
276,1510 Bay Road,US,FL,Miami Beach,Miami Beach Polygon,2026-07-26,3,THURSDAY,110,4.5,3,1,0,8.0000000000000000,0E-20,1,0.00,0.00,0.00,0.00,0.00
145,Dey and Bergen,US,NJ,Harrison,Harrison Polygon,2026-07-12,1,FRIDAY,15,2.5,4,0,0,8.0000000000000000,0E-20,1,0.00,0.00,0.00,0.00,0.00
272,Harrison Urby Apartments,US,NJ,Harrison,Harrison Polygon,2026-07-19,2,WEDNESDAY,15,7.0,0,0,2,8.0000000000000000,0,1,0.00,0.00,0.00,0.00,0.00
61,Stonehill,US,NJ,West Orange,Chatham / West Orange Polygon,2026-07-12,1,TUESDAY,64,4.0,0,0,1,8.0000000000000000,0E-20,1,0.00,0.00,0.00,0.00,0.00
6,100 House,US,NJ,Jersey City,Hoboken Polygon,2026-07-05,4,MONDAY,139,0,0,0,0,8.0000000000000000,0E-20,1,0.00,0.00,0.00,0.00,0.00
213,1330 West Avenue,US,FL,Miami Beach,Miami Beach Polygon,2026-07-12,1,WEDNESDAY,110,2.5,0,0,1,8.0000000000000000,0E-20,1,0.00,0.00,0.00,0.00,0.00
260,Cocoa Exchange,US,NY,New York,Financial District Polygon,2026-07-26,3,FRIDAY,39,4.5,1,0,1,8.0000000000000000,0E-20,1,0.00,0.00,0.00,0.00,0.00
269,20 Exchange Place,US,NY,New York,Financial District Polygon,2026-07-05,4,WEDNESDAY,45,1.5,2,0,0,8.0000000000000000,0E-20,1,0.00,0.00,0.00,0.00,0.00
205,1 River Place,US,NY,New York,Hell's Kitchen Polygon,2026-07-26,3,THURSDAY,73,1.5,2,0,0,8.0000000000000000,0E-20,1,0.00,0.00,0.00,0.00,0.00
118,The Bergen,US,NY,Brooklyn,Boerum Hill Polygon,2026-07-12,1,THURSDAY,100,6.0,0,0,1,8.0000000000000000,0E-20,1,0.00,0.00,0.00,0.00,0.00
230,378 Bergen Street,US,NY,Brooklyn,Boerum Hill Polygon,2026-07-12,1,MONDAY,96,7.0,0,0,2,8.0000000000000000,0,1,0.00,0.00,0.00,0.00,0.00
112,Plank Road,US,NY,Brooklyn,Boerum Hill Polygon,2026-07-26,3,TUESDAY,100,5.5,1,0,1,8.0000000000000000,0E-20,1,0.00,0.00,0.00,0.00,0.00
194,The Atelier Condo NYC,US,NY,New York,Hell's Kitchen Polygon,2026-07-05,4,TUESDAY,97,0.5,1,0,0,8.0000000000000000,0E-20,1,0.00,0.00,0.00,0.00,0.00
180,1800 Biscayne Plaza,US,FL,Miami,Edgewater Polygon,2026-07-26,3,THURSDAY,138,2.0,3,0,0,8.0000000000000000,0E-20,1,0.00,0.00,0.00,0.00,0.00
220,Bay Parc,US,FL,Miami,Edgewater Polygon,2026-07-19,2,THURSDAY,138,3.5,2,0,1,8.0000000000000000,0E-20,1,0.00,0.00,0.00,0.00,0.00
133,2000 Biscayne,US,FL,Miami,Edgewater Polygon,2026-07-05,4,WEDNESDAY,134,0,0,0,0,8.0000000000000000,0E-20,1,0.00,0.00,0.00,0.00,0.00
129,544 Carroll,US,NY,Brooklyn,Boerum Hill Polygon,2026-07-19,2,WEDNESDAY,100,2.5,0,0,1,8.0000000000000000,0E-20,1,0.00,0.00,0.00,0.00,0.00
171,22 Skyview Apartments,US,FL,Miami,Edgewater Polygon,2026-07-05,4,FRIDAY,134,0.5,1,0,0,8.0000000000000000,0E-20,1,0.00,0.00,0.00,0.00,0.00
214,1 Boerum Place,US,NY,Brooklyn,Brooklyn Heights Polygon,2026-07-05,4,TUESDAY,77,5.0,1,0,1,8.0000000000000000,0E-20,1,0.00,0.00,0.00,0.00,0.00
215,Elysee Miami,US,FL,Miami,Edgewater Polygon,2026-07-26,3,THURSDAY,134,3.0,1,0,1,8.0000000000000000,0E-20,1,0.00,0.00,0.00,0.00,0.00
149,Opera Tower,US,FL,Miami,Edgewater Polygon,2026-07-05,4,TUESDAY,138,4.0,1,0,1,8.0000000000000000,0E-20,1,0.00,0.00,0.00,0.00,0.00
213,1330 West Avenue,US,FL,Miami Beach,Miami Beach Polygon,2026-07-05,4,THURSDAY,110,2.0,3,0,0,8.0000000000000000,0E-20,1,0.00,0.00,0.00,0.00,0.00
269,20 Exchange Place,US,NY,New York,Financial District Polygon,2026-07-12,1,THURSDAY,45,5.0,0,1,1,8.0000000000000000,0E-20,1,0.00,0.00,0.00,0.00,0.00
205,1 River Place,US,NY,New York,Hell's Kitchen Polygon,2026-07-05,4,FRIDAY,97,0.5,1,0,0,8.0000000000000000,0E-20,1,0.00,0.00,0.00,0.00,0.00
151,Cite On The Bay,US,FL,Miami,Edgewater Polygon,2026-07-26,3,TUESDAY,138,7.5,0,0,2,8.0000000000000000,0E-16,1,0.00,0.00,0.00,0.00,0.00
153,Watermarc at Biscayne Bay,US,FL,Miami,Edgewater Polygon,2026-07-26,3,MONDAY,138,2.5,0,0,1,8.0000000000000000,0E-20,1,0.00,0.00,0.00,0.00,0.00
120,66 Rockwell Place,US,NY,Brooklyn,Brooklyn Heights Polygon,2026-07-12,1,TUESDAY,77,7.5,0,0,2,8.0000000000000000,0E-16,1,0.00,0.00,0.00,0.00,0.00
221,Mirador 1000,US,FL,Miami Beach,Miami Beach Polygon,2026-07-05,4,TUESDAY,118,0.5,1,0,0,8.0000000000000000,0E-20,1,0.00,0.00,0.00,0.00,0.00
249,605 West 42nd Street,US,NY,New York,Hell's Kitchen Polygon,2026-07-05,4,TUESDAY,97,0.5,1,0,0,8.0000000000000000,0E-20,1,0.00,0.00,0.00,0.00,0.00
124,The Kestrel,US,NY,Brooklyn,Floating NY 2,2026-07-05,4,TUESDAY,39,3.5,0,0,1,8.0000000000000000,0E-20,1,0.00,0.00,0.00,0.00,0.00
114,20 Broad Street,US,NY,New York,Financial District Polygon,2026-07-05,4,MONDAY,39,8.0,0,0,1,8.0000000000000000,0,1,0.00,0.00,0.00,0.00,0.00
112,Plank Road,US,NY,Brooklyn,Boerum Hill Polygon,2026-07-12,1,FRIDAY,96,4.5,2,0,1,8.0000000000000000,0E-20,1,0.00,0.00,0.00,0.00,0.00
129,544 Carroll,US,NY,Brooklyn,Boerum Hill Polygon,2026-07-05,4,MONDAY,39,8.0,0,0,1,8.0000000000000000,0,1,0.00,0.00,0.00,0.00,0.00
9,The Enclave,US,NJ,Jersey City,Hoboken Polygon,2026-07-26,3,TUESDAY,139,7.5,0,1,1,8.0000000000000000,0E-16,1,0.00,0.00,0.00,0.00,0.00
203,Venetia Condominium,US,FL,Miami,Edgewater Polygon,2026-07-12,1,MONDAY,134,1.0,1,0,0,8.0000000000000000,0E-20,1,0.00,0.00,0.00,0.00,0.00
93,Union Channel ,US,NY,Brooklyn,Boerum Hill Polygon,2026-07-26,3,MONDAY,96,8.0,0,0,1,8.0000000000000000,0,1,0.00,0.00,0.00,0.00,0.00
199,1800 Club,US,FL,Miami,Edgewater Polygon,2026-07-19,2,MONDAY,134,0.5,1,0,0,8.0000000000000000,0E-20,1,0.00,0.00,0.00,0.00,0.00
52,330 Angelo Cifelli,US,NJ,Harrison,Harrison Polygon,2026-07-19,2,TUESDAY,15,4.5,0,1,1,8.0000000000000000,0E-20,1,0.00,0.00,0.00,0.00,0.00
63,Agnes,US,NJ,Jersey City,Floating Jersey,2026-07-26,3,TUESDAY,139,7.5,0,1,1,8.0000000000000000,0E-16,1,0.00,0.00,0.00,0.00,0.00
125,The Vitagraph,US,NY,Brooklyn,Floating NY 2,2026-07-12,1,THURSDAY,39,3.5,1,0,1,8.0000000000000000,0E-20,1,0.00,0.00,0.00,0.00,0.00
75,The Devan,US,NJ,Jersey City,Hoboken Polygon,2026-07-12,1,WEDNESDAY,65,0.5,1,0,0,8.0000000000000000,0E-20,1,0.00,0.00,0.00,0.00,0.00
207,561 10th Avenue,US,NY,New York,Hell's Kitchen Polygon,2026-07-12,1,THURSDAY,60,1.5,0,1,0,8.0000000000000000,0E-20,1,0.00,0.00,0.00,0.00,0.00
41,John Street 116,US,NY,New York,Financial District Polygon,2026-07-05,4,WEDNESDAY,45,1.5,2,0,0,8.0000000000000000,0E-20,1,0.00,0.00,0.00,0.00,0.00
205,1 River Place,US,NY,New York,Hell's Kitchen Polygon,2026-07-12,1,THURSDAY,36,2.5,1,1,0,8.0000000000000000,0E-20,1,0.00,0.00,0.00,0.00,0.00
111,Brooklyn Crossing,US,NY,Brooklyn,Boerum Hill Polygon,2026-07-26,3,WEDNESDAY,96,2.5,1,1,0,8.0000000000000000,0E-20,1,0.00,0.00,0.00,0.00,0.00
130,Arabella 101,US,NY,New York,Floating NY 2,2026-07-19,2,MONDAY,39,4.0,0,0,1,8.0000000000000000,0E-20,1,0.00,0.00,0.00,0.00,0.00
150,Quantum on the Bay Condominium,US,FL,Miami,Edgewater Polygon,2026-07-26,3,TUESDAY,134,3.5,0,0,1,8.0000000000000000,0E-20,1,0.00,0.00,0.00,0.00,0.00
119,535 W 43rd Street,US,NY,New York,Hell's Kitchen Polygon,2026-07-19,2,MONDAY,60,0,0,0,0,8.0000000000000000,0E-20,1,0.00,0.00,0.00,0.00,0.00
111,Brooklyn Crossing,US,NY,Brooklyn,Boerum Hill Polygon,2026-07-26,3,TUESDAY,39,7.0,0,1,1,8.0000000000000000,0E-20,1,0.00,0.00,0.00,0.00,0.00
220,Bay Parc,US,FL,Miami,Edgewater Polygon,2026-07-05,4,TUESDAY,134,0.5,1,0,0,8.0000000000000000,0E-20,1,0.00,0.00,0.00,0.00,0.00
118,The Bergen,US,NY,Brooklyn,Boerum Hill Polygon,2026-07-19,2,MONDAY,39,4.0,0,0,1,8.0000000000000000,0E-20,1,0.00,0.00,0.00,0.00,0.00
125,The Vitagraph,US,NY,Brooklyn,Floating NY 2,2026-07-05,4,WEDNESDAY,39,3.5,1,0,1,8.0000000000000000,0E-20,1,0.00,0.00,0.00,0.00,0.00
17,River Place,US,NY,New York,Hell's Kitchen Polygon,2026-07-19,2,MONDAY,73,4.5,1,1,1,8.0000000000000000,0E-20,1,0.00,0.00,0.00,0.00,0.00
44,330W-56th,US,NY,New York,Hell's Kitchen Polygon,2026-07-19,2,THURSDAY,60,0,0,0,0,8.0000000000000000,0E-20,1,0.00,0.00,0.00,0.00,0.00
91,Alta,US,NY,Queens,Floating NY 1,2026-07-05,4,MONDAY,36,7.0,0,0,2,8.0000000000000000,0,1,0.00,0.00,0.00,0.00,0.00
54,Nine 52,US,NY,New York,Hell's Kitchen Polygon,2026-07-19,2,TUESDAY,97,2.0,0,1,0,8.0000000000000000,0E-20,1,0.00,0.00,0.00,0.00,0.00
204,1717 North Bayshore Drive,US,FL,Miami,Edgewater Polygon,2026-07-05,4,WEDNESDAY,138,1.5,2,0,0,8.0000000000000000,0E-20,1,0.00,0.00,0.00,0.00,0.00
194,The Atelier Condo NYC,US,NY,New York,Hell's Kitchen Polygon,2026-07-26,3,THURSDAY,60,3.0,1,0,1,8.0000000000000000,0E-20,1,0.00,0.00,0.00,0.00,0.00
68,655 Union,US,NY,Brooklyn,Boerum Hill Polygon,2026-07-26,3,TUESDAY,100,5.5,1,0,1,8.0000000000000000,0E-20,1,0.00,0.00,0.00,0.00,0.00
134,Livana East Hanover,US,NJ,East Hanover,Chatham / West Orange Polygon,2026-07-19,2,FRIDAY,64,2.0,0,1,0,8.0000000000000000,0E-20,1,0.00,0.00,0.00,0.00,0.00
142,One Harrison,US,NJ,Harrison,Harrison Polygon,2026-07-05,4,FRIDAY,15,0.5,1,0,0,8.0000000000000000,0E-20,1,0.00,0.00,0.00,0.00,0.00
183,1800 North Bayshore Drive,US,FL,Miami,Edgewater Polygon,2026-07-26,3,TUESDAY,134,3.5,0,0,1,8.0000000000000000,0E-20,1,0.00,0.00,0.00,0.00,0.00
249,605 West 42nd Street,US,NY,New York,Hell's Kitchen Polygon,2026-07-26,3,THURSDAY,60,3.0,1,0,1,8.0000000000000000,0E-20,1,0.00,0.00,0.00,0.00,0.00
198,Quantum on the Bay,US,FL,Miami,Edgewater Polygon,2026-07-19,2,MONDAY,138,4.0,2,0,1,8.0000000000000000,0E-20,1,0.00,0.00,0.00,0.00,0.00
207,561 10th Avenue,US,NY,New York,Hell's Kitchen Polygon,2026-07-05,4,WEDNESDAY,60,0.5,1,0,0,8.0000000000000000,0E-20,1,0.00,0.00,0.00,0.00,0.00
41,John Street 116,US,NY,New York,Financial District Polygon,2026-07-12,1,THURSDAY,45,5.0,0,1,1,8.0000000000000000,0E-20,1,0.00,0.00,0.00,0.00,0.00
195,Flow Brickell,US,FL,Miami,Flow Brickell Polygon,2026-07-26,3,WEDNESDAY,92,5.5,0,0,1,8.0000000000000000,0E-20,1,0.00,0.00,0.00,0.00,0.00
197,251 NE 20th St apt 3506,US,FL,Miami,Edgewater Polygon,2026-07-26,3,WEDNESDAY,138,2.5,1,1,0,8.0000000000000000,0E-20,1,0.00,0.00,0.00,0.00,0.00
127,220 East 72nd Street,US,NY,New York,Floating NY 2,2026-07-12,1,MONDAY,39,5.5,0,0,1,8.0000000000000000,0E-20,1,0.00,0.00,0.00,0.00,0.00
149,Opera Tower,US,FL,Miami,Edgewater Polygon,2026-07-19,2,THURSDAY,134,2.5,1,1,0,8.0000000000000000,0E-20,1,0.00,0.00,0.00,0.00,0.00
118,The Bergen,US,NY,Brooklyn,Boerum Hill Polygon,2026-07-26,3,THURSDAY,100,6.0,0,0,1,8.0000000000000000,0E-20,1,0.00,0.00,0.00,0.00,0.00
117,The Landon,US,NY,New York,Hell's Kitchen Polygon,2026-07-05,4,THURSDAY,73,1.5,3,0,0,8.0000000000000000,0E-20,1,0.00,0.00,0.00,0.00,0.00
230,378 Bergen Street,US,NY,Brooklyn,Boerum Hill Polygon,2026-07-26,3,MONDAY,96,8.0,0,0,1,8.0000000000000000,0,1,0.00,0.00,0.00,0.00,0.00
205,1 River Place,US,NY,New York,Hell's Kitchen Polygon,2026-07-12,1,THURSDAY,73,0.5,1,0,0,8.0000000000000000,0E-20,1,0.00,0.00,0.00,0.00,0.00
276,1510 Bay Road,US,FL,Miami Beach,Miami Beach Polygon,2026-07-05,4,WEDNESDAY,110,0.5,1,0,0,8.0000000000000000,0E-20,1,0.00,0.00,0.00,0.00,0.00
205,1 River Place,US,NY,New York,Hell's Kitchen Polygon,2026-07-19,2,WEDNESDAY,63,2.0,0,1,0,8.0000000000000000,0E-20,1,0.00,0.00,0.00,0.00,0.00
118,The Bergen,US,NY,Brooklyn,Boerum Hill Polygon,2026-07-05,4,FRIDAY,39,5.0,0,0,1,8.0000000000000000,0E-20,1,0.00,0.00,0.00,0.00,0.00
112,Plank Road,US,NY,Brooklyn,Boerum Hill Polygon,2026-07-12,1,TUESDAY,100,4.5,2,0,1,8.0000000000000000,0E-20,1,0.00,0.00,0.00,0.00,0.00
169,Aria on the Bay Condominium Association  INC,US,FL,Miami,Edgewater Polygon,2026-07-05,4,TUESDAY,134,0.5,1,0,0,8.0000000000000000,0E-20,1,0.00,0.00,0.00,0.00,0.00
91,Alta,US,NY,Queens,Floating NY 1,2026-07-19,2,FRIDAY,36,3.0,3,1,0,8.0000000000000000,0E-20,1,0.00,0.00,0.00,0.00,0.00
17,River Place,US,NY,New York,Hell's Kitchen Polygon,2026-07-05,4,FRIDAY,73,0.5,1,0,0,8.0000000000000000,0E-20,1,0.00,0.00,0.00,0.00,0.00
41,John Street 116,US,NY,New York,Financial District Polygon,2026-07-19,2,TUESDAY,39,3.0,2,1,0,8.0000000000000000,0E-20,1,0.00,0.00,0.00,0.00,0.00
215,Elysee Miami,US,FL,Miami,Edgewater Polygon,2026-07-12,1,THURSDAY,134,2.5,0,0,1,8.0000000000000000,0E-20,1,0.00,0.00,0.00,0.00,0.00
134,Livana East Hanover,US,NJ,East Hanover,Chatham / West Orange Polygon,2026-07-05,4,MONDAY,64,4.5,0,1,1,8.0000000000000000,0E-20,1,0.00,0.00,0.00,0.00,0.00
142,One Harrison,US,NJ,Harrison,Harrison Polygon,2026-07-19,2,MONDAY,15,2.0,3,0,0,8.0000000000000000,0E-20,1,0.00,0.00,0.00,0.00,0.00
117,The Landon,US,NY,New York,Hell's Kitchen Polygon,2026-07-26,3,FRIDAY,97,2.0,1,1,0,8.0000000000000000,0E-20,1,0.00,0.00,0.00,0.00,0.00
269,20 Exchange Place,US,NY,New York,Financial District Polygon,2026-07-26,3,THURSDAY,45,3.5,0,2,0,8.0000000000000000,0E-20,1,0.00,0.00,0.00,0.00,0.00
150,Quantum on the Bay Condominium,US,FL,Miami,Edgewater Polygon,2026-07-19,2,WEDNESDAY,138,1.5,0,1,0,8.0000000000000000,0E-20,1,0.00,0.00,0.00,0.00,0.00
120,66 Rockwell Place,US,NY,Brooklyn,Brooklyn Heights Polygon,2026-07-26,3,TUESDAY,77,7.0,0,0,2,8.0000000000000000,0E-16,1,0.00,0.00,0.00,0.00,0.00
151,Cite On The Bay,US,FL,Miami,Edgewater Polygon,2026-07-12,1,TUESDAY,138,6.0,0,2,1,8.0000000000000000,0E-20,1,0.00,0.00,0.00,0.00,0.00
153,Watermarc at Biscayne Bay,US,FL,Miami,Edgewater Polygon,2026-07-12,1,MONDAY,138,2.5,0,0,1,8.0000000000000000,0E-20,1,0.00,0.00,0.00,0.00,0.00
47,1 Boerum PL,US,NY,Brooklyn,Floating NY 2,2026-07-12,1,TUESDAY,112,0.5,1,0,0,0.5000000000000000,0,0,0.5000000000000000,0.5,1,0,0
112,Plank Road,US,NY,Brooklyn,Boerum Hill Polygon,2026-07-26,3,FRIDAY,96,2.5,3,0,0,8.0000000000000000,0E-20,1,0.00,0.00,0.00,0.00,0.00
129,544 Carroll,US,NY,Brooklyn,Boerum Hill Polygon,2026-07-19,2,FRIDAY,39,5.0,0,0,1,8.0000000000000000,0E-20,1,0.00,0.00,0.00,0.00,0.00
131,The Addison,US,NY,Brooklyn,Brooklyn Heights Polygon,2026-07-12,1,FRIDAY,77,8.0,0,0,1,8.0000000000000000,0,1,0.00,0.00,0.00,0.00,0.00
205,1 River Place,US,NY,New York,Hell's Kitchen Polygon,2026-07-05,4,WEDNESDAY,73,0.5,1,0,0,8.0000000000000000,0E-20,1,0.00,0.00,0.00,0.00,0.00
276,1510 Bay Road,US,FL,Miami Beach,Miami Beach Polygon,2026-07-12,1,THURSDAY,110,1.0,2,0,0,8.0000000000000000,0E-20,1,0.00,0.00,0.00,0.00,0.00
199,1800 Club,US,FL,Miami,Edgewater Polygon,2026-07-05,4,FRIDAY,134,0.5,1,0,0,8.0000000000000000,0E-20,1,0.00,0.00,0.00,0.00,0.00
117,The Landon,US,NY,New York,Hell's Kitchen Polygon,2026-07-12,1,WEDNESDAY,73,2.0,1,1,0,8.0000000000000000,0E-20,1,0.00,0.00,0.00,0.00,0.00
54,Nine 52,US,NY,New York,Hell's Kitchen Polygon,2026-07-19,2,WEDNESDAY,60,0.5,1,0,0,8.0000000000000000,0E-20,1,0.00,0.00,0.00,0.00,0.00
117,The Landon,US,NY,New York,Hell's Kitchen Polygon,2026-07-19,2,THURSDAY,63,2.5,3,0,0,8.0000000000000000,0E-20,1,0.00,0.00,0.00,0.00,0.00
180,1800 Biscayne Plaza,US,FL,Miami,Edgewater Polygon,2026-07-05,4,WEDNESDAY,138,1.5,2,0,0,8.0000000000000000,0E-20,1,0.00,0.00,0.00,0.00,0.00
122,Flamingo Point North Tower,US,FL,Miami Beach,Miami Beach Polygon,2026-07-05,4,TUESDAY,110,1.0,2,0,0,8.0000000000000000,0E-20,1,0.00,0.00,0.00,0.00,0.00
183,1800 North Bayshore Drive,US,FL,Miami,Edgewater Polygon,2026-07-19,2,WEDNESDAY,138,1.5,0,1,0,8.0000000000000000,0E-20,1,0.00,0.00,0.00,0.00,0.00
145,Dey and Bergen,US,NJ,Harrison,Harrison Polygon,2026-07-26,3,FRIDAY,15,5.5,1,1,1,8.0000000000000000,0E-20,1,0.00,0.00,0.00,0.00,0.00
215,Elysee Miami,US,FL,Miami,Edgewater Polygon,2026-07-05,4,WEDNESDAY,134,0,0,0,0,8.0000000000000000,0E-20,1,0.00,0.00,0.00,0.00,0.00
213,1330 West Avenue,US,FL,Miami Beach,Miami Beach Polygon,2026-07-26,3,WEDNESDAY,110,2.0,1,1,0,8.0000000000000000,0E-20,1,0.00,0.00,0.00,0.00,0.00
130,Arabella 101,US,NY,New York,Floating NY 2,2026-07-05,4,FRIDAY,39,5.0,0,0,1,8.0000000000000000,0E-20,1,0.00,0.00,0.00,0.00,0.00
207,561 10th Avenue,US,NY,New York,Hell's Kitchen Polygon,2026-07-05,4,TUESDAY,97,0.5,1,0,0,8.0000000000000000,0E-20,1,0.00,0.00,0.00,0.00,0.00
119,535 W 43rd Street,US,NY,New York,Hell's Kitchen Polygon,2026-07-05,4,FRIDAY,60,1.5,2,0,0,8.0000000000000000,0E-20,1,0.00,0.00,0.00,0.00,0.00
260,Cocoa Exchange,US,NY,New York,Financial District Polygon,2026-07-12,1,FRIDAY,39,8.0,0,0,1,8.0000000000000000,0,1,0.00,0.00,0.00,0.00,0.00
151,Cite On The Bay,US,FL,Miami,Edgewater Polygon,2026-07-05,4,TUESDAY,138,4.0,1,0,1,8.0000000000000000,0E-20,1,0.00,0.00,0.00,0.00,0.00
183,1800 North Bayshore Drive,US,FL,Miami,Edgewater Polygon,2026-07-19,2,THURSDAY,138,3.5,2,0,1,8.0000000000000000,0E-20,1,0.00,0.00,0.00,0.00,0.00
221,Mirador 1000,US,FL,Miami Beach,Miami Beach Polygon,2026-07-26,3,TUESDAY,118,4.5,0,0,1,8.0000000000000000,0E-20,1,0.00,0.00,0.00,0.00,0.00
249,605 West 42nd Street,US,NY,New York,Hell's Kitchen Polygon,2026-07-26,3,TUESDAY,97,2.0,1,1,0,8.0000000000000000,0E-20,1,0.00,0.00,0.00,0.00,0.00
124,The Kestrel,US,NY,Brooklyn,Floating NY 2,2026-07-26,3,TUESDAY,39,7.0,0,1,1,8.0000000000000000,0E-20,1,0.00,0.00,0.00,0.00,0.00
127,220 East 72nd Street,US,NY,New York,Floating NY 2,2026-07-19,2,FRIDAY,39,5.0,0,0,1,8.0000000000000000,0E-20,1,0.00,0.00,0.00,0.00,0.00
191,2001 Biscayne Boulevard,US,FL,Miami,Edgewater Polygon,2026-07-26,3,FRIDAY,138,6.0,1,0,1,8.0000000000000000,0E-20,1,0.00,0.00,0.00,0.00,0.00
171,22 Skyview Apartments,US,FL,Miami,Edgewater Polygon,2026-07-26,3,FRIDAY,134,1.0,1,0,0,8.0000000000000000,0E-20,1,0.00,0.00,0.00,0.00,0.00
214,1 Boerum Place,US,NY,Brooklyn,Brooklyn Heights Polygon,2026-07-26,3,TUESDAY,77,7.0,0,0,2,8.0000000000000000,0E-16,1,0.00,0.00,0.00,0.00,0.00
134,Livana East Hanover,US,NJ,East Hanover,Chatham / West Orange Polygon,2026-07-12,1,MONDAY,64,5.0,1,0,1,8.0000000000000000,0E-20,1,0.00,0.00,0.00,0.00,0.00
215,Elysee Miami,US,FL,Miami,Edgewater Polygon,2026-07-05,4,THURSDAY,134,4.5,1,0,1,8.0000000000000000,0E-20,1,0.00,0.00,0.00,0.00,0.00
276,1510 Bay Road,US,FL,Miami Beach,Miami Beach Polygon,2026-07-19,2,TUESDAY,118,7.0,1,0,1,8.0000000000000000,0E-16,1,0.00,0.00,0.00,0.00,0.00
213,1330 West Avenue,US,FL,Miami Beach,Miami Beach Polygon,2026-07-26,3,THURSDAY,110,4.5,3,1,0,8.0000000000000000,0E-20,1,0.00,0.00,0.00,0.00,0.00
149,Opera Tower,US,FL,Miami,Edgewater Polygon,2026-07-26,3,TUESDAY,138,7.5,0,0,2,8.0000000000000000,0E-16,1,0.00,0.00,0.00,0.00,0.00
104,Midtown 5,US,FL,Miami,,2026-07-12,1,FRIDAY,138,7.0,0,1,1,8.0000000000000000,0E-20,0,8.0000000000000000,7.0,0,1,1
68,655 Union,US,NY,Brooklyn,Boerum Hill Polygon,2026-07-19,2,MONDAY,96,7.0,1,0,1,8.0000000000000000,0E-20,1,0.00,0.00,0.00,0.00,0.00
205,1 River Place,US,NY,New York,Hell's Kitchen Polygon,2026-07-26,3,FRIDAY,97,2.0,1,1,0,8.0000000000000000,0E-20,1,0.00,0.00,0.00,0.00,0.00
123,Flamingo South Beach,US,FL,Miami Beach,Miami Beach Polygon,2026-07-12,1,FRIDAY,118,1.0,2,0,0,8.0000000000000000,0E-20,1,0.00,0.00,0.00,0.00,0.00
17,River Place,US,NY,New York,Hell's Kitchen Polygon,2026-07-12,1,FRIDAY,73,2.0,3,0,0,8.0000000000000000,0E-20,1,0.00,0.00,0.00,0.00,0.00
169,Aria on the Bay Condominium Association  INC,US,FL,Miami,Edgewater Polygon,2026-07-12,1,TUESDAY,134,2.5,0,0,1,8.0000000000000000,0E-20,1,0.00,0.00,0.00,0.00,0.00
15,Silver Towers,US,NY,New York,Hell's Kitchen Polygon,2026-07-19,2,THURSDAY,97,1.0,1,0,0,8.0000000000000000,0E-20,1,0.00,0.00,0.00,0.00,0.00
195,Flow Brickell,US,FL,Miami,Flow Brickell Polygon,2026-07-12,1,THURSDAY,138,2.5,2,1,0,8.0000000000000000,0E-20,1,0.00,0.00,0.00,0.00,0.00
205,1 River Place,US,NY,New York,Hell's Kitchen Polygon,2026-07-05,4,THURSDAY,73,1.5,3,0,0,8.0000000000000000,0E-20,1,0.00,0.00,0.00,0.00,0.00
276,1510 Bay Road,US,FL,Miami Beach,Miami Beach Polygon,2026-07-12,1,WEDNESDAY,110,2.5,0,0,1,8.0000000000000000,0E-20,1,0.00,0.00,0.00,0.00,0.00
117,The Landon,US,NY,New York,Hell's Kitchen Polygon,2026-07-12,1,THURSDAY,73,0.5,1,0,0,8.0000000000000000,0E-20,1,0.00,0.00,0.00,0.00,0.00
112,Plank Road,US,NY,Brooklyn,Boerum Hill Polygon,2026-07-05,4,TUESDAY,100,2.5,1,1,0,8.0000000000000000,0E-20,1,0.00,0.00,0.00,0.00,0.00
44,330W-56th,US,NY,New York,Hell's Kitchen Polygon,2026-07-19,2,TUESDAY,97,2.0,0,1,0,8.0000000000000000,0E-20,1,0.00,0.00,0.00,0.00,0.00
118,The Bergen,US,NY,Brooklyn,Boerum Hill Polygon,2026-07-12,1,FRIDAY,39,8.0,0,0,1,8.0000000000000000,0,1,0.00,0.00,0.00,0.00,0.00
194,The Atelier Condo NYC,US,NY,New York,Hell's Kitchen Polygon,2026-07-26,3,TUESDAY,97,2.0,1,1,0,8.0000000000000000,0E-20,1,0.00,0.00,0.00,0.00,0.00
180,1800 Biscayne Plaza,US,FL,Miami,Edgewater Polygon,2026-07-05,4,THURSDAY,138,0.5,1,0,0,8.0000000000000000,0E-20,1,0.00,0.00,0.00,0.00,0.00
117,The Landon,US,NY,New York,Hell's Kitchen Polygon,2026-07-19,2,WEDNESDAY,63,2.0,0,1,0,8.0000000000000000,0E-20,1,0.00,0.00,0.00,0.00,0.00
54,Nine 52,US,NY,New York,Hell's Kitchen Polygon,2026-07-19,2,THURSDAY,60,0,0,0,0,8.0000000000000000,0E-20,1,0.00,0.00,0.00,0.00,0.00
215,Elysee Miami,US,FL,Miami,Edgewater Polygon,2026-07-12,1,WEDNESDAY,134,4.0,0,1,1,8.0000000000000000,0E-20,1,0.00,0.00,0.00,0.00,0.00
130,Arabella 101,US,NY,New York,Floating NY 2,2026-07-12,1,FRIDAY,39,8.0,0,0,1,8.0000000000000000,0,1,0.00,0.00,0.00,0.00,0.00
260,Cocoa Exchange,US,NY,New York,Financial District Polygon,2026-07-05,4,FRIDAY,39,5.0,0,0,1,8.0000000000000000,0E-20,1,0.00,0.00,0.00,0.00,0.00
207,561 10th Avenue,US,NY,New York,Hell's Kitchen Polygon,2026-07-12,1,TUESDAY,97,2.0,4,0,0,8.0000000000000000,0E-20,1,0.00,0.00,0.00,0.00,0.00
119,535 W 43rd Street,US,NY,New York,Hell's Kitchen Polygon,2026-07-12,1,FRIDAY,60,1.0,2,0,0,8.0000000000000000,0E-20,1,0.00,0.00,0.00,0.00,0.00
269,20 Exchange Place,US,NY,New York,Financial District Polygon,2026-07-26,3,WEDNESDAY,45,6.0,0,0,1,8.0000000000000000,0E-20,1,0.00,0.00,0.00,0.00,0.00
150,Quantum on the Bay Condominium,US,FL,Miami,Edgewater Polygon,2026-07-19,2,THURSDAY,138,3.5,2,0,1,8.0000000000000000,0E-20,1,0.00,0.00,0.00,0.00,0.00
93,Union Channel ,US,NY,Brooklyn,Boerum Hill Polygon,2026-07-19,2,TUESDAY,100,2.5,1,1,0,8.0000000000000000,0E-20,1,0.00,0.00,0.00,0.00,0.00
122,Flamingo Point North Tower,US,FL,Miami Beach,Miami Beach Polygon,2026-07-12,1,TUESDAY,110,2.0,1,1,0,8.0000000000000000,0E-20,1,0.00,0.00,0.00,0.00,0.00
6,100 House,US,NJ,Jersey City,Hoboken Polygon,2026-07-26,3,MONDAY,139,3.0,1,1,0,8.0000000000000000,0E-20,1,0.00,0.00,0.00,0.00,0.00
117,The Landon,US,NY,New York,Hell's Kitchen Polygon,2026-07-05,4,WEDNESDAY,73,0.5,1,0,0,8.0000000000000000,0E-20,1,0.00,0.00,0.00,0.00,0.00
118,The Bergen,US,NY,Brooklyn,Boerum Hill Polygon,2026-07-26,3,WEDNESDAY,100,5.5,0,0,1,8.0000000000000000,0E-20,1,0.00,0.00,0.00,0.00,0.00
212,39 New York Ave,US,NJ,Jersey City,Hoboken Polygon,2026-07-26,3,TUESDAY,139,7.5,0,1,1,8.0000000000000000,0E-16,1,0.00,0.00,0.00,0.00,0.00
205,1 River Place,US,NY,New York,Hell's Kitchen Polygon,2026-07-12,1,WEDNESDAY,73,2.0,1,1,0,8.0000000000000000,0E-20,1,0.00,0.00,0.00,0.00,0.00
276,1510 Bay Road,US,FL,Miami Beach,Miami Beach Polygon,2026-07-05,4,THURSDAY,110,2.0,3,0,0,8.0000000000000000,0E-20,1,0.00,0.00,0.00,0.00,0.00
180,1800 Biscayne Plaza,US,FL,Miami,Edgewater Polygon,2026-07-12,1,WEDNESDAY,138,4.5,1,0,1,8.0000000000000000,0E-20,1,0.00,0.00,0.00,0.00,0.00
139,Bay Parc Apartments,US,FL,Miami,Edgewater Polygon,2026-07-19,2,MONDAY,138,4.0,2,0,1,8.0000000000000000,0E-20,1,0.00,0.00,0.00,0.00,0.00
131,The Addison,US,NY,Brooklyn,Brooklyn Heights Polygon,2026-07-05,4,FRIDAY,77,5.0,0,0,2,8.0000000000000000,0E-20,1,0.00,0.00,0.00,0.00,0.00
203,Venetia Condominium,US,FL,Miami,Edgewater Polygon,2026-07-19,2,FRIDAY,134,2.5,1,1,0,8.0000000000000000,0E-20,1,0.00,0.00,0.00,0.00,0.00
260,Cocoa Exchange,US,NY,New York,Financial District Polygon,2026-07-19,2,MONDAY,39,4.0,0,0,1,8.0000000000000000,0E-20,1,0.00,0.00,0.00,0.00,0.00
249,605 West 42nd Street,US,NY,New York,Hell's Kitchen Polygon,2026-07-26,3,WEDNESDAY,60,4.0,1,0,1,8.0000000000000000,0E-20,1,0.00,0.00,0.00,0.00,0.00
207,561 10th Avenue,US,NY,New York,Hell's Kitchen Polygon,2026-07-05,4,THURSDAY,60,0.5,1,0,0,8.0000000000000000,0E-20,1,0.00,0.00,0.00,0.00,0.00
41,John Street 116,US,NY,New York,Financial District Polygon,2026-07-12,1,WEDNESDAY,45,4.5,0,0,1,8.0000000000000000,0E-20,1,0.00,0.00,0.00,0.00,0.00
197,251 NE 20th St apt 3506,US,FL,Miami,Edgewater Polygon,2026-07-26,3,THURSDAY,138,2.0,3,0,0,8.0000000000000000,0E-20,1,0.00,0.00,0.00,0.00,0.00
117,The Landon,US,NY,New York,Hell's Kitchen Polygon,2026-07-12,1,THURSDAY,36,2.5,1,1,0,8.0000000000000000,0E-20,1,0.00,0.00,0.00,0.00,0.00
149,Opera Tower,US,FL,Miami,Edgewater Polygon,2026-07-19,2,WEDNESDAY,134,3.5,1,0,1,8.0000000000000000,0E-20,1,0.00,0.00,0.00,0.00,0.00
75,The Devan,US,NJ,Jersey City,Hoboken Polygon,2026-07-05,4,WEDNESDAY,65,1.5,2,0,0,8.0000000000000000,0E-20,1,0.00,0.00,0.00,0.00,0.00
125,The Vitagraph,US,NY,Brooklyn,Floating NY 2,2026-07-05,4,THURSDAY,39,4.0,0,0,1,8.0000000000000000,0E-20,1,0.00,0.00,0.00,0.00,0.00
129,544 Carroll,US,NY,Brooklyn,Boerum Hill Polygon,2026-07-12,1,MONDAY,39,5.5,0,0,1,8.0000000000000000,0E-20,1,0.00,0.00,0.00,0.00,0.00
44,330W-56th,US,NY,New York,Hell's Kitchen Polygon,2026-07-19,2,WEDNESDAY,60,0.5,1,0,0,8.0000000000000000,0E-20,1,0.00,0.00,0.00,0.00,0.00
204,1717 North Bayshore Drive,US,FL,Miami,Edgewater Polygon,2026-07-05,4,THURSDAY,138,0.5,1,0,0,8.0000000000000000,0E-20,1,0.00,0.00,0.00,0.00,0.00
131,The Addison,US,NY,Brooklyn,Brooklyn Heights Polygon,2026-07-19,2,MONDAY,77,4.5,0,0,1,8.0000000000000000,0E-20,1,0.00,0.00,0.00,0.00,0.00
194,The Atelier Condo NYC,US,NY,New York,Hell's Kitchen Polygon,2026-07-26,3,WEDNESDAY,60,4.0,1,0,1,8.0000000000000000,0E-20,1,0.00,0.00,0.00,0.00,0.00
119,535 W 43rd Street,US,NY,New York,Hell's Kitchen Polygon,2026-07-26,3,TUESDAY,73,0.5,1,0,0,8.0000000000000000,0E-20,1,0.00,0.00,0.00,0.00,0.00
203,Venetia Condominium,US,FL,Miami,Edgewater Polygon,2026-07-05,4,MONDAY,134,0,0,0,0,8.0000000000000000,0E-20,1,0.00,0.00,0.00,0.00,0.00
207,561 10th Avenue,US,NY,New York,Hell's Kitchen Polygon,2026-07-12,1,WEDNESDAY,60,1.0,1,0,0,8.0000000000000000,0E-20,1,0.00,0.00,0.00,0.00,0.00
41,John Street 116,US,NY,New York,Financial District Polygon,2026-07-05,4,THURSDAY,45,5.5,2,0,1,8.0000000000000000,0E-20,1,0.00,0.00,0.00,0.00,0.00
230,378 Bergen Street,US,NY,Brooklyn,Boerum Hill Polygon,2026-07-19,2,TUESDAY,100,2.5,1,1,0,8.0000000000000000,0E-20,1,0.00,0.00,0.00,0.00,0.00
111,Brooklyn Crossing,US,NY,Brooklyn,Boerum Hill Polygon,2026-07-26,3,THURSDAY,96,5.5,0,0,1,8.0000000000000000,0E-20,1,0.00,0.00,0.00,0.00,0.00
127,220 East 72nd Street,US,NY,New York,Floating NY 2,2026-07-05,4,MONDAY,39,8.0,0,0,1,8.0000000000000000,0,1,0.00,0.00,0.00,0.00,0.00
17,River Place,US,NY,New York,Hell's Kitchen Polygon,2026-07-26,3,TUESDAY,60,4.5,0,0,1,8.0000000000000000,0E-20,1,0.00,0.00,0.00,0.00,0.00
68,655 Union,US,NY,Brooklyn,Boerum Hill Polygon,2026-07-05,4,FRIDAY,96,5.5,0,1,1,8.0000000000000000,0E-20,1,0.00,0.00,0.00,0.00,0.00
204,1717 North Bayshore Drive,US,FL,Miami,Edgewater Polygon,2026-07-12,1,WEDNESDAY,138,4.5,1,0,1,8.0000000000000000,0E-20,1,0.00,0.00,0.00,0.00,0.00
220,Bay Parc,US,FL,Miami,Edgewater Polygon,2026-07-12,1,TUESDAY,134,2.5,0,0,1,8.0000000000000000,0E-20,1,0.00,0.00,0.00,0.00,0.00
121,Flamingo Point Center Tower,US,FL,Miami Beach,Miami Beach Polygon,2026-07-19,2,FRIDAY,137,2.5,0,0,1,8.0000000000000000,0E-20,1,0.00,0.00,0.00,0.00,0.00
125,The Vitagraph,US,NY,Brooklyn,Floating NY 2,2026-07-12,1,WEDNESDAY,39,3.0,1,1,0,8.0000000000000000,0E-20,1,0.00,0.00,0.00,0.00,0.00
